subfolder,candidate_file,mcc_norm,energy
0,structure_15.bpseq,0.523170,-25.708400
0,structure_19.bpseq,0.412749,-20.258310
0,structure_32.bpseq,0.512535,-23.035000
0,structure_38.bpseq,0.523170,-27.899400
0,structure_51.bpseq,0.551854,-21.931900
0,structure_60.bpseq,0.497671,-26.230500
0,structure_64.bpseq,0.425215,-32.774700
0,structure_66.bpseq,0.408219,-28.116700
0,structure_69.bpseq,0.389655,-29.984700
0,structure_83.bpseq,0.417229,-32.832700
1,structure_17.bpseq,0.308850,-24.420670
1,structure_26.bpseq,0.322685,-23.103570
1,structure_3.bpseq,0.359247,-17.754320
1,structure_31.bpseq,0.291110,-17.709380
1,structure_45.bpseq,0.322685,-21.366770
1,structure_59.bpseq,0.452372,-29.190970
1,structure_61.bpseq,0.313948,-26.771470
1,structure_77.bpseq,0.439029,-28.402970
1,structure_9.bpseq,0.423850,-28.344170
1,structure_92.bpseq,0.428903,-26.453370
2,structure_1.bpseq,0.427768,-13.032254
2,structure_11.bpseq,0.498120,-28.305200
2,structure_25.bpseq,0.526133,-26.487900
2,structure_40.bpseq,0.439029,-21.118050
2,structure_45.bpseq,0.444074,-17.959480
2,structure_49.bpseq,0.400077,-27.466900
2,structure_5.bpseq,0.494471,-22.201240
2,structure_67.bpseq,0.528023,-31.353500
2,structure_8.bpseq,0.530444,-17.746980
2,structure_85.bpseq,0.285347,-24.560200
3,structure_10.bpseq,0.353924,-18.409555
3,structure_27.bpseq,0.301631,-28.034500
3,structure_36.bpseq,0.306985,-21.381080
3,structure_42.bpseq,0.599512,-24.063730
3,structure_50.bpseq,0.468608,-31.235800
3,structure_53.bpseq,0.574177,-25.914120
3,structure_63.bpseq,0.425756,-28.016400
3,structure_67.bpseq,0.498142,-33.152500
3,structure_69.bpseq,0.305786,-24.045450
3,structure_73.bpseq,0.348635,-30.333000
4,structure_100.bpseq,0.372219,-33.417100
4,structure_15.bpseq,0.466414,-22.687750
4,structure_26.bpseq,0.512388,-24.795000
4,structure_35.bpseq,0.550703,-25.438200
4,structure_38.bpseq,0.523149,-26.504500
4,structure_40.bpseq,0.400407,-28.992000
4,structure_60.bpseq,0.360657,-25.734000
4,structure_65.bpseq,0.413111,-22.750470
4,structure_68.bpseq,0.548266,-20.966820
4,structure_94.bpseq,0.553464,-28.960400
5,structure_18.bpseq,0.401718,-15.430440
5,structure_30.bpseq,0.356499,-20.099960
5,structure_49.bpseq,0.291866,-24.349460
5,structure_54.bpseq,0.366964,-29.092200
5,structure_56.bpseq,0.354664,-27.191230
5,structure_58.bpseq,0.332011,-29.308600
5,structure_72.bpseq,0.239742,-26.156120
5,structure_78.bpseq,0.392152,-26.360190
5,structure_80.bpseq,0.253769,-24.900560
5,structure_84.bpseq,0.260643,-28.647400
6,structure_2.bpseq,0.316326,-25.054810
6,structure_21.bpseq,0.281539,-26.045200
6,structure_26.bpseq,0.426555,-20.219290
6,structure_28.bpseq,0.270720,-25.757000
6,structure_30.bpseq,0.348203,-23.845710
6,structure_34.bpseq,0.335283,-22.427990
6,structure_40.bpseq,0.306937,-25.845700
6,structure_42.bpseq,0.440953,-21.835430
6,structure_5.bpseq,0.336240,-20.815530
6,structure_7.bpseq,0.362060,-22.414070
7,structure_14.bpseq,0.285534,-13.832370
7,structure_18.bpseq,0.413587,-12.522940
7,structure_24.bpseq,0.545644,-11.854120
7,structure_26.bpseq,0.270139,-15.572050
7,structure_28.bpseq,0.409618,-22.600110
7,structure_32.bpseq,0.441214,-17.030930
7,structure_35.bpseq,0.310553,-16.963990
7,structure_40.bpseq,0.374258,-14.884660
7,structure_44.bpseq,0.433905,-24.252030
7,structure_6.bpseq,0.506391,-16.758170
8,structure_10.bpseq,0.434593,-26.486250
8,structure_25.bpseq,0.472079,-26.484600
8,structure_31.bpseq,0.492407,-28.388170
8,structure_52.bpseq,0.459180,-34.033800
8,structure_55.bpseq,0.483148,-32.568250
8,structure_62.bpseq,0.453185,-32.771770
8,structure_72.bpseq,0.296515,-26.702300
8,structure_80.bpseq,0.367486,-32.630260
8,structure_88.bpseq,0.263902,-35.185600
8,structure_95.bpseq,0.359129,-33.753000
9,structure_18.bpseq,0.495049,-23.080840
9,structure_20.bpseq,0.349800,-25.549390
9,structure_3.bpseq,0.527204,-20.293970
9,structure_48.bpseq,0.553300,-21.244200
9,structure_53.bpseq,0.310664,-29.886800
9,structure_64.bpseq,0.510180,-28.936200
9,structure_7.bpseq,0.340040,-22.172910
9,structure_71.bpseq,0.460296,-27.494500
9,structure_81.bpseq,0.557791,-25.348190
9,structure_83.bpseq,0.500201,-32.109000
10,structure_18.bpseq,0.508033,-24.359200
10,structure_26.bpseq,0.550283,-26.582900
10,structure_4.bpseq,0.424908,-21.507420
10,structure_44.bpseq,0.526195,-18.074740
10,structure_50.bpseq,0.477402,-28.898200
10,structure_64.bpseq,0.502857,-27.942400
10,structure_87.bpseq,0.227202,-33.616800
10,structure_89.bpseq,0.378150,-32.845500
10,structure_93.bpseq,0.317283,-30.105900
10,structure_95.bpseq,0.244669,-26.866000
11,structure_14.bpseq,0.491919,-17.751790
11,structure_34.bpseq,0.494947,-21.449450
11,structure_42.bpseq,0.462810,-20.883790
11,structure_48.bpseq,0.362770,-28.158100
11,structure_59.bpseq,0.544376,-19.186700
11,structure_72.bpseq,0.505125,-30.787500
11,structure_82.bpseq,0.308873,-28.147700
11,structure_89.bpseq,0.511100,-28.552600
11,structure_9.bpseq,0.499068,-19.855100
11,structure_94.bpseq,0.485550,-22.035810
12,structure_13.bpseq,0.262085,-17.801450
12,structure_2.bpseq,0.357717,-23.762400
12,structure_20.bpseq,0.317202,-17.795390
12,structure_22.bpseq,0.312140,-17.389160
12,structure_32.bpseq,0.379017,-21.273950
12,structure_42.bpseq,0.272134,-19.777790
12,structure_52.bpseq,0.466498,-19.176850
12,structure_56.bpseq,0.384368,-31.948400
12,structure_58.bpseq,0.291438,-22.337980
12,structure_8.bpseq,0.386195,-19.136560
13,structure_17.bpseq,0.479302,-24.231360
13,structure_27.bpseq,0.466545,-29.460700
13,structure_46.bpseq,0.303810,-25.782220
13,structure_53.bpseq,0.296629,-26.886600
13,structure_59.bpseq,0.507370,-28.888600
13,structure_66.bpseq,0.339299,-35.754700
13,structure_68.bpseq,0.497567,-27.537090
13,structure_71.bpseq,0.490278,-27.283300
13,structure_81.bpseq,0.463314,-31.482100
13,structure_90.bpseq,0.407016,-35.763200
14,structure_23.bpseq,0.408468,-21.487370
14,structure_28.bpseq,0.608795,-21.826090
14,structure_3.bpseq,0.473703,-16.718600
14,structure_43.bpseq,0.498086,-18.304990
14,structure_45.bpseq,0.479990,-27.392179
14,structure_50.bpseq,0.475612,-19.850440
14,structure_57.bpseq,0.556724,-27.047969
14,structure_65.bpseq,0.425773,-25.961860
14,structure_76.bpseq,0.366805,-29.207590
14,structure_82.bpseq,0.423243,-31.424200
15,structure_15.bpseq,0.505793,-22.212110
15,structure_45.bpseq,0.452964,-22.732330
15,structure_57.bpseq,0.563876,-28.076100
15,structure_7.bpseq,0.559254,-15.867440
15,structure_72.bpseq,0.463560,-20.159420
15,structure_74.bpseq,0.501793,-26.864010
15,structure_77.bpseq,0.367137,-25.795730
15,structure_83.bpseq,0.409438,-26.373160
15,structure_89.bpseq,0.368804,-29.665200
15,structure_93.bpseq,0.361385,-32.171500
16,structure_12.bpseq,0.588604,-26.002020
16,structure_20.bpseq,0.731822,-23.992700
16,structure_3.bpseq,0.677596,-18.793600
16,structure_31.bpseq,0.658921,-19.359500
16,structure_40.bpseq,0.350026,-24.334930
16,structure_49.bpseq,0.496954,-25.316300
16,structure_73.bpseq,0.518430,-32.044316
16,structure_76.bpseq,0.328398,-27.310930
16,structure_81.bpseq,0.396066,-35.279480
16,structure_86.bpseq,0.494672,-37.364150
17,structure_1.bpseq,0.684430,-10.630600
17,structure_12.bpseq,0.636574,-17.040150
17,structure_47.bpseq,0.478476,-23.802784
17,structure_50.bpseq,0.603940,-21.102410
17,structure_60.bpseq,0.478283,-27.309600
17,structure_62.bpseq,0.535668,-27.108290
17,structure_64.bpseq,0.520466,-23.194297
17,structure_71.bpseq,0.477216,-25.091750
17,structure_74.bpseq,0.355259,-30.929620
17,structure_9.bpseq,0.607732,-16.974950
18,structure_23.bpseq,0.461465,-24.168820
18,structure_35.bpseq,0.505533,-22.275650
18,structure_43.bpseq,0.446106,-26.480920
18,structure_45.bpseq,0.434203,-19.359280
18,structure_52.bpseq,0.449862,-20.071450
18,structure_57.bpseq,0.316280,-19.051920
18,structure_62.bpseq,0.445231,-24.132300
18,structure_65.bpseq,0.456591,-26.841670
18,structure_73.bpseq,0.458898,-23.154860
18,structure_80.bpseq,0.688551,-23.794540
19,structure_25.bpseq,0.553766,-23.586680
19,structure_35.bpseq,0.678307,-23.446910
19,structure_40.bpseq,0.544965,-22.460830
19,structure_42.bpseq,0.598150,-22.418030
19,structure_45.bpseq,0.643465,-17.382170
19,structure_51.bpseq,0.469739,-23.367610
19,structure_65.bpseq,0.619820,-23.499940
19,structure_77.bpseq,0.571558,-23.951160
19,structure_80.bpseq,0.573752,-23.816430
19,structure_90.bpseq,0.716961,-21.458940
20,structure_100.bpseq,0.235541,-31.753940
20,structure_23.bpseq,0.737719,-21.065990
20,structure_28.bpseq,0.622036,-15.286500
20,structure_33.bpseq,0.451932,-21.092020
20,structure_49.bpseq,0.540789,-22.950890
20,structure_5.bpseq,0.608554,-20.143630
20,structure_67.bpseq,0.495017,-21.443240
20,structure_70.bpseq,0.359163,-23.800320
20,structure_78.bpseq,0.467538,-24.359640
20,structure_87.bpseq,0.401677,-29.647060
21,structure_18.bpseq,0.500000,-19.865630
21,structure_22.bpseq,0.246150,-18.912790
21,structure_30.bpseq,0.300219,-33.165970
21,structure_36.bpseq,0.381353,-24.704870
21,structure_53.bpseq,0.236287,-21.234490
21,structure_55.bpseq,0.403485,-22.315730
21,structure_63.bpseq,0.247354,-26.484410
21,structure_72.bpseq,0.238316,-28.905810
21,structure_81.bpseq,0.298670,-30.434380
21,structure_87.bpseq,0.239475,-23.834270
22,structure_1.bpseq,0.211573,-19.608240
22,structure_27.bpseq,0.207624,-28.528500
22,structure_30.bpseq,0.232739,-32.616700
22,structure_34.bpseq,0.201997,-26.238470
22,structure_37.bpseq,0.235425,-24.552820
22,structure_51.bpseq,0.232831,-37.793300
22,structure_67.bpseq,0.246874,-42.387500
22,structure_74.bpseq,0.211573,-37.610000
22,structure_89.bpseq,0.318385,-31.067500
22,structure_92.bpseq,0.291602,-32.135500
23,structure_13.bpseq,0.440338,-15.785056
23,structure_15.bpseq,0.530492,-21.735040
23,structure_30.bpseq,0.429803,-27.175000
23,structure_44.bpseq,0.389232,-15.119493
23,structure_49.bpseq,0.422026,-28.015900
23,structure_67.bpseq,0.414235,-29.374300
23,structure_69.bpseq,0.628743,-23.021680
23,structure_87.bpseq,0.400835,-23.919970
23,structure_96.bpseq,0.477787,-29.046100
23,structure_99.bpseq,0.258374,-29.124600
24,structure_16.bpseq,0.207502,-26.750833
24,structure_18.bpseq,0.422399,-22.833700
24,structure_41.bpseq,0.221540,-24.151000
24,structure_49.bpseq,0.429531,-25.591520
24,structure_6.bpseq,0.239059,-19.588800
24,structure_62.bpseq,0.362691,-30.153190
24,structure_64.bpseq,0.333808,-24.753800
24,structure_81.bpseq,0.408431,-33.658290
24,structure_88.bpseq,0.216996,-26.679230
24,structure_99.bpseq,0.257962,-35.364340
25,structure_25.bpseq,0.514434,-21.735400
25,structure_40.bpseq,0.545144,-20.286000
25,structure_45.bpseq,0.547449,-25.626940
25,structure_67.bpseq,0.643426,-17.995000
25,structure_81.bpseq,0.429282,-23.656610
25,structure_83.bpseq,0.468620,-23.524590
25,structure_87.bpseq,0.426111,-18.949300
25,structure_9.bpseq,0.531341,-14.956500
25,structure_91.bpseq,0.371423,-26.237440
25,structure_96.bpseq,0.310796,-25.765130
26,structure_21.bpseq,0.259915,-19.196100
26,structure_30.bpseq,0.319052,-27.982430
26,structure_55.bpseq,0.331713,-23.957550
26,structure_59.bpseq,0.287166,-28.892930
26,structure_65.bpseq,0.488150,-35.494930
26,structure_71.bpseq,0.351648,-25.727790
26,structure_75.bpseq,0.203673,-30.119987
26,structure_77.bpseq,0.284955,-23.206400
26,structure_80.bpseq,0.405454,-28.440530
26,structure_93.bpseq,0.303484,-24.725480
27,structure_11.bpseq,0.494224,-21.575400
27,structure_15.bpseq,0.552168,-19.769200
27,structure_25.bpseq,0.548208,-13.911500
27,structure_35.bpseq,0.477793,-26.185760
27,structure_38.bpseq,0.487461,-21.824200
27,structure_5.bpseq,0.468588,-26.183710
27,structure_65.bpseq,0.534027,-25.182650
27,structure_77.bpseq,0.502405,-24.768500
27,structure_81.bpseq,0.566530,-23.938400
27,structure_87.bpseq,0.644812,-21.662600
28,structure_25.bpseq,0.343462,-22.224020
28,structure_34.bpseq,0.336158,-22.277860
28,structure_37.bpseq,0.440783,-17.474600
28,structure_45.bpseq,0.248409,-26.680460
28,structure_50.bpseq,0.457850,-26.511700
28,structure_6.bpseq,0.381526,-22.314870
28,structure_69.bpseq,0.320467,-32.024300
28,structure_79.bpseq,0.280978,-33.494500
28,structure_86.bpseq,0.281629,-33.688700
28,structure_97.bpseq,0.336557,-26.703670
29,structure_1.bpseq,0.564747,-17.112800
29,structure_16.bpseq,0.580950,-17.177800
29,structure_46.bpseq,0.460468,-22.461700
29,structure_5.bpseq,0.419224,-22.109360
29,structure_50.bpseq,0.221469,-26.208850
29,structure_53.bpseq,0.584005,-22.854920
29,structure_61.bpseq,0.569921,-26.057630
29,structure_69.bpseq,0.472802,-24.614530
29,structure_76.bpseq,0.415993,-22.928170
29,structure_81.bpseq,0.361210,-29.248480
30,structure_11.bpseq,0.396870,-23.048840
30,structure_16.bpseq,0.223241,-21.764520
30,structure_30.bpseq,0.345497,-26.297000
30,structure_35.bpseq,0.419989,-21.101130
30,structure_37.bpseq,0.421814,-25.715218
30,structure_54.bpseq,0.216676,-30.055080
30,structure_68.bpseq,0.231340,-25.485320
30,structure_80.bpseq,0.361522,-34.181510
30,structure_91.bpseq,0.434203,-27.383410
30,structure_94.bpseq,0.410852,-27.246970
31,structure_11.bpseq,0.505461,-21.761400
31,structure_17.bpseq,0.448550,-14.803700
31,structure_27.bpseq,0.410084,-20.704300
31,structure_30.bpseq,0.365144,-22.332200
31,structure_4.bpseq,0.423994,-15.674600
31,structure_42.bpseq,0.591836,-19.764200
31,structure_58.bpseq,0.396329,-20.546600
31,structure_69.bpseq,0.265718,-33.196691
31,structure_7.bpseq,0.587465,-20.257600
31,structure_77.bpseq,0.253520,-24.600890
32,structure_13.bpseq,0.402820,-20.219580
32,structure_2.bpseq,0.665791,-15.104210
32,structure_27.bpseq,0.629622,-18.587590
32,structure_32.bpseq,0.603647,-22.990310
32,structure_40.bpseq,0.592582,-20.273230
32,structure_50.bpseq,0.418223,-25.986400
32,structure_54.bpseq,0.498524,-24.433700
32,structure_57.bpseq,0.483613,-19.892420
32,structure_59.bpseq,0.439725,-24.934200
32,structure_69.bpseq,0.466749,-33.457400
33,structure_1.bpseq,0.434522,-17.363690
33,structure_25.bpseq,0.598245,-24.996500
33,structure_27.bpseq,0.657805,-17.339530
33,structure_34.bpseq,0.643902,-19.268690
33,structure_38.bpseq,0.384385,-27.484100
33,structure_58.bpseq,0.408789,-23.699890
33,structure_62.bpseq,0.632813,-22.470250
33,structure_64.bpseq,0.565431,-21.141490
33,structure_68.bpseq,0.228130,-25.462800
33,structure_73.bpseq,0.381069,-23.095850
34,structure_1.bpseq,0.672812,-16.899570
34,structure_16.bpseq,0.403175,-17.211000
34,structure_23.bpseq,0.440695,-20.526340
34,structure_31.bpseq,0.535643,-21.452650
34,structure_34.bpseq,0.394587,-18.826630
34,structure_60.bpseq,0.403175,-23.112200
34,structure_62.bpseq,0.518714,-29.581500
34,structure_66.bpseq,0.451813,-22.426130
34,structure_71.bpseq,0.296407,-28.880200
34,structure_8.bpseq,0.784974,-18.370110
35,structure_16.bpseq,0.434357,-22.724420
35,structure_32.bpseq,0.699725,-23.611260
35,structure_38.bpseq,0.414868,-22.331180
35,structure_48.bpseq,0.644327,-17.621113
35,structure_52.bpseq,0.753536,-25.270790
35,structure_55.bpseq,0.505123,-25.035730
35,structure_58.bpseq,0.416824,-32.110400
35,structure_67.bpseq,0.458638,-27.858300
35,structure_70.bpseq,0.336690,-23.896830
35,structure_78.bpseq,0.253949,-23.638840
36,structure_12.bpseq,0.513087,-18.734950
36,structure_17.bpseq,0.639701,-18.508190
36,structure_21.bpseq,0.504568,-22.180530
36,structure_29.bpseq,0.397938,-20.959970
36,structure_31.bpseq,0.334683,-22.896540
36,structure_33.bpseq,0.472407,-25.082310
36,structure_4.bpseq,0.519522,-13.823460
36,structure_40.bpseq,0.457378,-24.218350
36,structure_44.bpseq,0.382149,-22.965780
36,structure_48.bpseq,0.449892,-22.470610
37,structure_10.bpseq,0.578711,-18.575876
37,structure_12.bpseq,0.463914,-20.536480
37,structure_15.bpseq,0.610791,-18.031923
37,structure_21.bpseq,0.388888,-25.081390
37,structure_36.bpseq,0.457186,-29.653800
37,structure_38.bpseq,0.519501,-26.806380
37,structure_45.bpseq,0.506021,-23.023720
37,structure_49.bpseq,0.434643,-29.009000
37,structure_51.bpseq,0.419578,-23.772570
37,structure_55.bpseq,0.508609,-23.417640
38,structure_10.bpseq,0.458541,-15.478800
38,structure_12.bpseq,0.649542,-17.809860
38,structure_21.bpseq,0.530629,-20.063870
38,structure_3.bpseq,0.552048,-16.516806
38,structure_61.bpseq,0.357036,-28.868100
38,structure_64.bpseq,0.602572,-20.724600
38,structure_66.bpseq,0.437172,-32.038000
38,structure_7.bpseq,0.544217,-18.029640
38,structure_74.bpseq,0.304712,-28.526300
38,structure_78.bpseq,0.383243,-32.025200
39,structure_1.bpseq,0.664888,-8.558290
39,structure_19.bpseq,0.461981,-19.138110
39,structure_27.bpseq,0.472985,-20.022640
39,structure_34.bpseq,0.672768,-24.872930
39,structure_37.bpseq,0.704028,-20.732080
39,structure_40.bpseq,0.472985,-26.521500
39,structure_45.bpseq,0.461981,-19.707890
39,structure_50.bpseq,0.229969,-24.662960
39,structure_60.bpseq,0.223493,-34.801700
39,structure_7.bpseq,0.583237,-17.666920
40,structure_17.bpseq,0.548760,-22.240470
40,structure_19.bpseq,0.559510,-21.507570
40,structure_25.bpseq,0.451941,-21.787170
40,structure_29.bpseq,0.577165,-24.487070
40,structure_31.bpseq,0.629855,-24.733170
40,structure_5.bpseq,0.527183,-21.583570
40,structure_53.bpseq,0.431089,-23.744770
40,structure_58.bpseq,0.230896,-19.243850
40,structure_62.bpseq,0.276546,-21.813070
40,structure_8.bpseq,0.427636,-19.186260
41,structure_17.bpseq,0.284158,-18.413070
41,structure_19.bpseq,0.554078,-16.878260
41,structure_2.bpseq,0.276900,-14.840140
41,structure_23.bpseq,0.465441,-16.726290
41,structure_29.bpseq,0.476172,-19.371270
41,structure_38.bpseq,0.475586,-19.437440
41,structure_4.bpseq,0.272520,-13.774700
41,structure_44.bpseq,0.246660,-24.617600
41,structure_50.bpseq,0.487934,-23.199000
41,structure_9.bpseq,0.254096,-17.336160
42,structure_14.bpseq,0.310488,-17.173470
42,structure_20.bpseq,0.460930,-19.812430
42,structure_29.bpseq,0.279656,-15.341910
42,structure_32.bpseq,0.388931,-24.203930
42,structure_36.bpseq,0.266707,-19.369930
42,structure_38.bpseq,0.338378,-19.136330
42,structure_43.bpseq,0.305396,-21.447730
42,structure_47.bpseq,0.303784,-24.373830
42,structure_5.bpseq,0.455231,-14.826380
42,structure_7.bpseq,0.243679,-16.043730
43,structure_1.bpseq,0.537222,-16.482572
43,structure_11.bpseq,0.534947,-16.034605
43,structure_21.bpseq,0.647974,-15.317650
43,structure_30.bpseq,0.450182,-23.618340
43,structure_39.bpseq,0.660830,-16.422034
43,structure_54.bpseq,0.543178,-26.791800
43,structure_60.bpseq,0.510490,-19.833950
43,structure_63.bpseq,0.548176,-22.707130
43,structure_68.bpseq,0.515899,-20.983520
43,structure_76.bpseq,0.515550,-23.029540
44,structure_52.bpseq,0.502568,-31.765670
44,structure_55.bpseq,0.475973,-27.707900
44,structure_60.bpseq,0.506681,-23.013173
44,structure_66.bpseq,0.482166,-25.182660
44,structure_70.bpseq,0.505852,-36.264700
44,structure_76.bpseq,0.518164,-32.142120
44,structure_78.bpseq,0.260031,-35.405300
44,structure_88.bpseq,0.497716,-32.987500
44,structure_90.bpseq,0.372492,-31.256850
44,structure_98.bpseq,0.461745,-34.913100
45,structure_16.bpseq,0.500000,-21.619820
45,structure_19.bpseq,0.430136,-27.758460
45,structure_36.bpseq,0.435911,-23.913600
45,structure_39.bpseq,0.429514,-28.465030
45,structure_44.bpseq,0.487484,-26.275890
45,structure_47.bpseq,0.472936,-28.215510
45,structure_49.bpseq,0.562246,-27.383920
45,structure_67.bpseq,0.579382,-23.597230
45,structure_73.bpseq,0.422702,-26.001430
45,structure_81.bpseq,0.505902,-22.145140
46,structure_100.bpseq,0.239475,-32.794500
46,structure_20.bpseq,0.506301,-23.333920
46,structure_27.bpseq,0.426791,-26.003370
46,structure_40.bpseq,0.267944,-22.410010
46,structure_42.bpseq,0.484256,-26.560420
46,structure_44.bpseq,0.423118,-23.495810
46,structure_54.bpseq,0.433006,-22.411810
46,structure_59.bpseq,0.369612,-27.932300
46,structure_82.bpseq,0.463527,-28.141280
46,structure_85.bpseq,0.398393,-26.866940
47,structure_18.bpseq,0.507865,-18.137510
47,structure_26.bpseq,0.549930,-18.297740
47,structure_43.bpseq,0.296581,-21.507230
47,structure_45.bpseq,0.521688,-23.325200
47,structure_48.bpseq,0.282521,-16.901860
47,structure_59.bpseq,0.299365,-26.165900
47,structure_62.bpseq,0.519048,-19.581460
47,structure_67.bpseq,0.652137,-20.079160
47,structure_73.bpseq,0.295733,-27.929200
47,structure_9.bpseq,0.484248,-18.194370
48,structure_10.bpseq,0.578480,-15.755710
48,structure_12.bpseq,0.590191,-15.957600
48,structure_18.bpseq,0.196716,-22.187920
48,structure_27.bpseq,0.443652,-25.696650
48,structure_29.bpseq,0.430852,-23.540240
48,structure_37.bpseq,0.520231,-18.901770
48,structure_44.bpseq,0.420938,-22.974380
48,structure_46.bpseq,0.648876,-23.349530
48,structure_55.bpseq,0.198235,-19.297040
48,structure_7.bpseq,0.499728,-17.827182
49,structure_12.bpseq,0.471899,-24.632500
49,structure_20.bpseq,0.481558,-26.716100
49,structure_3.bpseq,0.484684,-26.722200
49,structure_30.bpseq,0.479467,-28.138100
49,structure_42.bpseq,0.500830,-27.646800
49,structure_47.bpseq,0.466949,-22.394050
49,structure_59.bpseq,0.436953,-23.271940
49,structure_75.bpseq,0.247992,-22.861410
49,structure_80.bpseq,0.414964,-23.936700
49,structure_85.bpseq,0.391848,-21.171860
50,structure_20.bpseq,0.393273,-21.738650
50,structure_23.bpseq,0.394241,-20.231650
50,structure_26.bpseq,0.381647,-24.982470
50,structure_28.bpseq,0.345797,-20.432340
50,structure_4.bpseq,0.566679,-12.843050
50,structure_48.bpseq,0.376557,-28.778900
50,structure_52.bpseq,0.531059,-24.261790
50,structure_55.bpseq,0.455705,-28.142700
50,structure_6.bpseq,0.497676,-17.013495
50,structure_8.bpseq,0.361583,-18.721210
51,structure_21.bpseq,0.272284,-18.460700
51,structure_38.bpseq,0.477824,-24.809200
51,structure_56.bpseq,0.483529,-24.063480
51,structure_59.bpseq,0.555536,-22.049120
51,structure_6.bpseq,0.643276,-23.646210
51,structure_63.bpseq,0.366027,-25.684400
51,structure_73.bpseq,0.483529,-27.981400
51,structure_75.bpseq,0.380021,-28.714600
51,structure_77.bpseq,0.262560,-26.010900
51,structure_84.bpseq,0.295071,-27.681000
52,structure_12.bpseq,0.438430,-23.546630
52,structure_24.bpseq,0.227375,-19.426660
52,structure_37.bpseq,0.626958,-20.054110
52,structure_39.bpseq,0.545342,-21.587300
52,structure_41.bpseq,0.442663,-21.811090
52,structure_52.bpseq,0.498567,-27.823600
52,structure_60.bpseq,0.333592,-19.945470
52,structure_64.bpseq,0.270584,-20.152540
52,structure_67.bpseq,0.272068,-19.821730
52,structure_73.bpseq,0.264616,-19.631290
53,structure_14.bpseq,0.415546,-23.514630
53,structure_2.bpseq,0.590464,-19.078560
53,structure_36.bpseq,0.407371,-25.970900
53,structure_48.bpseq,0.403976,-22.936580
53,structure_54.bpseq,0.567058,-22.541960
53,structure_60.bpseq,0.554533,-22.520230
53,structure_76.bpseq,0.605164,-30.059300
53,structure_84.bpseq,0.447582,-26.445200
53,structure_90.bpseq,0.445372,-29.595800
53,structure_95.bpseq,0.419505,-28.438800
54,structure_11.bpseq,0.349175,-26.501000
54,structure_16.bpseq,0.222806,-21.337440
54,structure_34.bpseq,0.450226,-22.563690
54,structure_38.bpseq,0.227569,-28.380800
54,structure_5.bpseq,0.570518,-22.571540
54,structure_52.bpseq,0.306490,-26.087800
54,structure_68.bpseq,0.235585,-24.959200
54,structure_70.bpseq,0.379662,-28.143200
54,structure_76.bpseq,0.391886,-27.865600
54,structure_9.bpseq,0.553160,-21.280580
55,structure_24.bpseq,0.220545,-18.549080
55,structure_27.bpseq,0.265206,-15.864400
55,structure_29.bpseq,0.224427,-21.293750
55,structure_35.bpseq,0.198426,-20.996430
55,structure_4.bpseq,0.260064,-20.123660
55,structure_51.bpseq,0.211325,-19.922030
55,structure_62.bpseq,0.274796,-24.834000
55,structure_74.bpseq,0.219235,-25.201700
55,structure_85.bpseq,0.258519,-24.254600
55,structure_9.bpseq,0.220023,-15.745620
56,structure_12.bpseq,0.446186,-32.751000
56,structure_21.bpseq,0.568954,-29.497400
56,structure_28.bpseq,0.369628,-30.618800
56,structure_34.bpseq,0.582776,-39.295600
56,structure_41.bpseq,0.460521,-31.179000
56,structure_60.bpseq,0.282067,-35.509600
56,structure_64.bpseq,0.442569,-36.714200
56,structure_67.bpseq,0.557903,-39.897800
56,structure_71.bpseq,0.266335,-30.807700
56,structure_75.bpseq,0.375546,-38.254100
57,structure_13.bpseq,0.366201,-23.607700
57,structure_15.bpseq,0.348567,-21.361440
57,structure_18.bpseq,0.309027,-24.407900
57,structure_29.bpseq,0.376690,-24.997000
57,structure_39.bpseq,0.381814,-26.216400
57,structure_5.bpseq,0.376690,-21.966050
57,structure_50.bpseq,0.360521,-21.118230
57,structure_58.bpseq,0.202320,-28.121900
57,structure_67.bpseq,0.239760,-29.949900
57,structure_72.bpseq,0.198555,-29.828200
58,structure_13.bpseq,0.610713,-15.697984
58,structure_29.bpseq,0.242417,-15.940300
58,structure_3.bpseq,0.433482,-11.994360
58,structure_40.bpseq,0.434357,-21.733920
58,structure_43.bpseq,0.331094,-22.298840
58,structure_46.bpseq,0.256967,-21.649890
58,structure_51.bpseq,0.260028,-26.363600
58,structure_6.bpseq,0.592600,-11.281770
58,structure_63.bpseq,0.572190,-23.300040
58,structure_66.bpseq,0.401108,-23.695180
59,structure_13.bpseq,0.424531,-19.380070
59,structure_22.bpseq,0.465139,-17.023520
59,structure_29.bpseq,0.669016,-13.880360
59,structure_34.bpseq,0.631535,-15.726670
59,structure_40.bpseq,0.646099,-17.012440
59,structure_49.bpseq,0.490361,-23.284900
59,structure_53.bpseq,0.349939,-22.741400
59,structure_65.bpseq,0.471854,-21.826040
59,structure_7.bpseq,0.611072,-11.741118
59,structure_9.bpseq,0.413335,-15.126610
60,structure_2.bpseq,0.433333,-14.551060
60,structure_20.bpseq,0.326151,-22.331730
60,structure_24.bpseq,0.568050,-22.503270
60,structure_38.bpseq,0.466308,-20.576890
60,structure_4.bpseq,0.474256,-13.119224
60,structure_54.bpseq,0.369769,-23.622100
60,structure_56.bpseq,0.469701,-19.640980
60,structure_6.bpseq,0.524036,-13.655068
60,structure_64.bpseq,0.364391,-21.183670
60,structure_9.bpseq,0.419539,-15.806280
61,structure_26.bpseq,0.523313,-22.906180
61,structure_40.bpseq,0.257044,-25.568770
61,structure_42.bpseq,0.211519,-25.775150
61,structure_45.bpseq,0.250312,-19.275260
61,structure_47.bpseq,0.482346,-25.963810
61,structure_50.bpseq,0.218447,-29.977200
61,structure_59.bpseq,0.308905,-34.303700
61,structure_62.bpseq,0.220292,-33.532500
61,structure_65.bpseq,0.228735,-29.203600
61,structure_7.bpseq,0.396496,-16.551851
62,structure_16.bpseq,0.551754,-19.377500
62,structure_24.bpseq,0.437951,-29.525700
62,structure_30.bpseq,0.470852,-24.198100
62,structure_32.bpseq,0.531895,-19.883790
62,structure_39.bpseq,0.462036,-22.146250
62,structure_4.bpseq,0.669059,-17.101390
62,structure_45.bpseq,0.525732,-19.988270
62,structure_50.bpseq,0.433279,-25.613300
62,structure_55.bpseq,0.320355,-24.404200
62,structure_6.bpseq,0.658931,-18.277660
63,structure_15.bpseq,0.432652,-21.731200
63,structure_17.bpseq,0.466678,-23.726190
63,structure_28.bpseq,0.451389,-24.421230
63,structure_39.bpseq,0.424380,-19.181340
63,structure_50.bpseq,0.462861,-22.510400
63,structure_55.bpseq,0.785529,-20.186140
63,structure_58.bpseq,0.544124,-29.292300
63,structure_60.bpseq,0.513944,-28.801400
63,structure_65.bpseq,0.351841,-25.288570
63,structure_67.bpseq,0.251149,-31.544400
64,structure_14.bpseq,0.541691,-26.833370
64,structure_17.bpseq,0.537380,-19.832251
64,structure_37.bpseq,0.559275,-22.464140
64,structure_42.bpseq,0.569829,-23.191700
64,structure_46.bpseq,0.531515,-25.919660
64,structure_50.bpseq,0.487596,-22.081640
64,structure_58.bpseq,0.533279,-24.742880
64,structure_69.bpseq,0.503207,-22.946970
64,structure_75.bpseq,0.525991,-22.346540
64,structure_78.bpseq,0.480945,-26.897370
65,structure_1.bpseq,0.665466,-21.469470
65,structure_10.bpseq,0.621446,-22.844410
65,structure_14.bpseq,0.447757,-23.178440
65,structure_16.bpseq,0.458560,-23.120930
65,structure_19.bpseq,0.556011,-24.130400
65,structure_46.bpseq,0.419879,-23.207570
65,structure_53.bpseq,0.395621,-22.663270
65,structure_6.bpseq,0.606944,-18.526978
65,structure_68.bpseq,0.529625,-28.483900
65,structure_85.bpseq,0.501350,-33.610300
66,structure_1.bpseq,0.675758,-11.828360
66,structure_19.bpseq,0.421851,-19.992970
66,structure_37.bpseq,0.600077,-17.722124
66,structure_4.bpseq,0.598718,-20.575640
66,structure_43.bpseq,0.362775,-16.722770
66,structure_48.bpseq,0.427459,-19.978490
66,structure_52.bpseq,0.423310,-27.827900
66,structure_58.bpseq,0.645509,-25.500440
66,structure_7.bpseq,0.597950,-18.355583
66,structure_81.bpseq,0.635831,-28.263600
67,structure_11.bpseq,0.415913,-18.093090
67,structure_21.bpseq,0.402871,-19.970610
67,structure_26.bpseq,0.411214,-18.739620
67,structure_29.bpseq,0.414276,-14.491660
67,structure_36.bpseq,0.253136,-25.172900
67,structure_4.bpseq,0.424363,-14.347440
67,structure_42.bpseq,0.481074,-21.208400
67,structure_47.bpseq,0.241575,-25.657600
67,structure_56.bpseq,0.261435,-18.801730
67,structure_8.bpseq,0.449912,-15.337340
68,structure_10.bpseq,0.282768,-27.305900
68,structure_13.bpseq,0.315039,-22.183700
68,structure_15.bpseq,0.351061,-18.717150
68,structure_17.bpseq,0.358656,-18.409290
68,structure_20.bpseq,0.265738,-19.916150
68,structure_32.bpseq,0.358993,-21.658700
68,structure_41.bpseq,0.263014,-23.299300
68,structure_61.bpseq,0.294407,-24.316200
68,structure_67.bpseq,0.205610,-25.281200
68,structure_73.bpseq,0.284097,-20.979700
69,structure_1.bpseq,0.395124,-12.529180
69,structure_11.bpseq,0.269604,-14.263000
69,structure_19.bpseq,0.236529,-21.290910
69,structure_3.bpseq,0.396032,-15.048060
69,structure_39.bpseq,0.463827,-18.577110
69,structure_41.bpseq,0.381010,-20.996110
69,structure_55.bpseq,0.506137,-23.731110
69,structure_62.bpseq,0.277111,-19.568610
69,structure_65.bpseq,0.381318,-27.336410
69,structure_77.bpseq,0.283026,-21.895610
70,structure_14.bpseq,0.561037,-18.321840
70,structure_20.bpseq,0.305232,-23.476240
70,structure_23.bpseq,0.489654,-19.112740
70,structure_34.bpseq,0.226111,-18.246340
70,structure_45.bpseq,0.274918,-27.116440
70,structure_47.bpseq,0.266931,-26.230240
70,structure_50.bpseq,0.245330,-25.325340
70,structure_54.bpseq,0.213908,-27.519440
70,structure_57.bpseq,0.285031,-23.054840
70,structure_8.bpseq,0.442338,-19.437240
71,structure_20.bpseq,0.790586,-17.908630
71,structure_22.bpseq,0.730724,-24.712270
71,structure_25.bpseq,0.692059,-18.937200
71,structure_37.bpseq,0.597759,-19.315270
71,structure_43.bpseq,0.512015,-22.162920
71,structure_46.bpseq,0.613180,-23.988130
71,structure_54.bpseq,0.619947,-18.324190
71,structure_60.bpseq,0.518454,-24.942290
71,structure_63.bpseq,0.562827,-22.985300
71,structure_76.bpseq,0.302040,-32.283600
72,structure_12.bpseq,0.606559,-24.453880
72,structure_14.bpseq,0.615130,-22.760710
72,structure_18.bpseq,0.628182,-24.239420
72,structure_26.bpseq,0.502908,-22.318730
72,structure_36.bpseq,0.511032,-18.320706
72,structure_38.bpseq,0.497162,-26.029540
72,structure_42.bpseq,0.450305,-25.259240
72,structure_48.bpseq,0.625239,-26.479550
72,structure_61.bpseq,0.499728,-25.156850
72,structure_63.bpseq,0.486483,-23.088760
73,structure_11.bpseq,0.458479,-17.033518
73,structure_13.bpseq,0.410562,-24.910850
73,structure_16.bpseq,0.457338,-17.634540
73,structure_30.bpseq,0.236323,-22.510480
73,structure_39.bpseq,0.250196,-28.738200
73,structure_43.bpseq,0.482405,-24.990380
73,structure_53.bpseq,0.248549,-30.005600
73,structure_6.bpseq,0.624589,-20.024340
73,structure_64.bpseq,0.472058,-25.065360
73,structure_66.bpseq,0.433006,-34.440800
74,structure_11.bpseq,0.654539,-17.098630
74,structure_19.bpseq,0.722483,-13.369100
74,structure_25.bpseq,0.574360,-17.827100
74,structure_28.bpseq,0.498508,-16.706600
74,structure_43.bpseq,0.604923,-26.562126
74,structure_51.bpseq,0.540153,-25.212190
74,structure_60.bpseq,0.520389,-25.167200
74,structure_62.bpseq,0.288824,-29.263270
74,structure_7.bpseq,0.707732,-12.093600
74,structure_9.bpseq,0.722368,-12.368200
75,structure_13.bpseq,0.555298,-19.384090
75,structure_29.bpseq,0.502090,-19.035380
75,structure_3.bpseq,0.762921,-14.986870
75,structure_35.bpseq,0.506815,-19.239720
75,structure_54.bpseq,0.563227,-22.662450
75,structure_57.bpseq,0.498026,-23.564950
75,structure_60.bpseq,0.563199,-28.723300
75,structure_67.bpseq,0.377587,-28.013100
75,structure_74.bpseq,0.415096,-26.071300
75,structure_77.bpseq,0.403440,-31.717600
76,structure_14.bpseq,0.618327,-18.044000
76,structure_18.bpseq,0.662986,-21.270820
76,structure_21.bpseq,0.421698,-19.519210
76,structure_24.bpseq,0.663332,-15.315830
76,structure_33.bpseq,0.478702,-25.037890
76,structure_46.bpseq,0.669632,-22.027470
76,structure_63.bpseq,0.405501,-22.101580
76,structure_66.bpseq,0.454766,-27.434280
76,structure_72.bpseq,0.268797,-26.119350
76,structure_75.bpseq,0.287100,-28.408000
77,structure_1.bpseq,0.856753,-3.653800
77,structure_2.bpseq,0.163310,-5.434950
80,structure_1.bpseq,0.856753,-2.647132
80,structure_2.bpseq,0.100000,-10.808150
81,structure_20.bpseq,0.312589,-28.553050
81,structure_35.bpseq,0.365228,-30.556890
81,structure_48.bpseq,0.266692,-32.556220
81,structure_56.bpseq,0.397538,-26.883363
81,structure_63.bpseq,0.388842,-32.061050
81,structure_70.bpseq,0.414756,-28.684970
81,structure_74.bpseq,0.355046,-31.150990
81,structure_76.bpseq,0.390372,-31.504460
81,structure_79.bpseq,0.411078,-33.279140
81,structure_85.bpseq,0.319407,-32.973860
82,structure_15.bpseq,0.516508,-21.410000
82,structure_20.bpseq,0.466706,-13.406700
82,structure_23.bpseq,0.649552,-12.820800
82,structure_37.bpseq,0.514705,-17.957900
82,structure_44.bpseq,0.452773,-21.343600
82,structure_50.bpseq,0.638425,-17.234200
82,structure_53.bpseq,0.620099,-21.848130
82,structure_59.bpseq,0.509254,-23.751540
82,structure_66.bpseq,0.663981,-24.132860
82,structure_7.bpseq,0.570913,-14.588900
83,structure_14.bpseq,0.469771,-19.436870
83,structure_2.bpseq,0.571252,-18.087550
83,structure_20.bpseq,0.650627,-19.323370
83,structure_26.bpseq,0.570069,-20.844810
83,structure_28.bpseq,0.674291,-18.143500
83,structure_37.bpseq,0.612955,-16.720700
83,structure_42.bpseq,0.567011,-21.155650
83,structure_48.bpseq,0.595960,-17.783720
83,structure_50.bpseq,0.600081,-22.743610
83,structure_82.bpseq,0.658254,-25.654077
84,structure_11.bpseq,0.413409,-17.345300
84,structure_24.bpseq,0.624635,-20.378460
84,structure_26.bpseq,0.596751,-18.191810
84,structure_32.bpseq,0.450922,-20.130620
84,structure_41.bpseq,0.399619,-28.565390
84,structure_46.bpseq,0.292925,-22.158850
84,structure_54.bpseq,0.487476,-27.760140
84,structure_7.bpseq,0.662103,-13.177000
84,structure_70.bpseq,0.547625,-20.208980
84,structure_73.bpseq,0.436472,-24.832548
85,structure_1.bpseq,0.759465,-8.359500
85,structure_15.bpseq,0.707912,-11.685200
85,structure_19.bpseq,0.568204,-15.960110
85,structure_28.bpseq,0.626459,-10.984700
85,structure_30.bpseq,0.703617,-24.655418
85,structure_46.bpseq,0.467159,-14.373200
85,structure_64.bpseq,0.485756,-26.677240
85,structure_74.bpseq,0.690434,-23.740916
85,structure_84.bpseq,0.617655,-30.318250
85,structure_89.bpseq,0.563304,-33.254170
86,structure_10.bpseq,0.464122,-18.377590
86,structure_2.bpseq,0.766435,-15.287000
86,structure_28.bpseq,0.600797,-26.679195
86,structure_30.bpseq,0.761176,-18.924180
86,structure_4.bpseq,0.667421,-13.980500
86,structure_43.bpseq,0.726654,-16.209500
86,structure_59.bpseq,0.617016,-19.216040
86,structure_6.bpseq,0.693643,-13.010600
86,structure_61.bpseq,0.473675,-23.210680
86,structure_77.bpseq,0.695922,-35.120960
87,structure_25.bpseq,0.398710,-27.088120
87,structure_29.bpseq,0.433217,-21.181830
87,structure_3.bpseq,0.386963,-13.660350
87,structure_32.bpseq,0.462119,-17.486350
87,structure_42.bpseq,0.437735,-21.083230
87,structure_51.bpseq,0.438888,-22.137320
87,structure_57.bpseq,0.460685,-23.875700
87,structure_61.bpseq,0.532615,-18.930254
87,structure_64.bpseq,0.508638,-19.062910
87,structure_77.bpseq,0.565498,-23.295350
88,structure_14.bpseq,0.491188,-19.012731
88,structure_18.bpseq,0.588989,-25.214570
88,structure_22.bpseq,0.542566,-18.533941
88,structure_26.bpseq,0.652621,-20.607100
88,structure_4.bpseq,0.573914,-21.963270
88,structure_45.bpseq,0.670472,-18.131522
88,structure_58.bpseq,0.275752,-21.759250
88,structure_65.bpseq,0.605306,-22.775210
88,structure_7.bpseq,0.607666,-14.115200
88,structure_9.bpseq,0.638441,-24.070820
89,structure_1.bpseq,0.817612,-10.541430
89,structure_22.bpseq,0.792685,-11.498830
89,structure_25.bpseq,0.775721,-18.169670
89,structure_27.bpseq,0.827196,-18.219860
89,structure_40.bpseq,0.663630,-23.583720
89,structure_49.bpseq,0.773967,-16.977250
89,structure_57.bpseq,0.684236,-22.216430
89,structure_59.bpseq,0.424099,-29.384700
89,structure_68.bpseq,0.457155,-26.874100
89,structure_72.bpseq,0.659615,-26.871000
90,structure_14.bpseq,0.649035,-17.435600
90,structure_17.bpseq,0.676020,-21.055210
90,structure_21.bpseq,0.605883,-16.747860
90,structure_23.bpseq,0.640676,-19.616060
90,structure_26.bpseq,0.437577,-21.024630
90,structure_29.bpseq,0.565135,-22.098730
90,structure_36.bpseq,0.633001,-16.743420
90,structure_59.bpseq,0.536074,-20.364690
90,structure_61.bpseq,0.621546,-25.974800
90,structure_70.bpseq,0.512613,-22.441080
91,structure_1.bpseq,0.835270,-9.320830
91,structure_14.bpseq,0.656987,-12.179350
91,structure_16.bpseq,0.777088,-13.510430
91,structure_25.bpseq,0.653722,-15.829550
91,structure_43.bpseq,0.676218,-18.179410
91,structure_47.bpseq,0.389990,-21.420950
91,structure_5.bpseq,0.524767,-15.305547
91,structure_51.bpseq,0.607057,-14.109871
91,structure_56.bpseq,0.714408,-18.062640
91,structure_9.bpseq,0.709007,-15.496868
92,structure_1.bpseq,0.749949,-12.400000
92,structure_11.bpseq,0.634623,-18.113960
92,structure_17.bpseq,0.399713,-20.249240
92,structure_3.bpseq,0.679523,-12.597500
92,structure_32.bpseq,0.564047,-13.272500
92,structure_42.bpseq,0.487077,-28.819000
92,structure_44.bpseq,0.510642,-29.649350
92,structure_5.bpseq,0.637912,-15.172100
92,structure_52.bpseq,0.675395,-28.409670
92,structure_54.bpseq,0.695283,-29.845750
93,structure_22.bpseq,0.645974,-21.220210
93,structure_25.bpseq,0.580582,-16.620370
93,structure_32.bpseq,0.688996,-15.011930
93,structure_37.bpseq,0.489671,-20.170350
93,structure_52.bpseq,0.522350,-26.329790
93,structure_54.bpseq,0.494074,-25.281340
93,structure_57.bpseq,0.573875,-23.157010
93,structure_60.bpseq,0.608732,-27.805830
93,structure_66.bpseq,0.555874,-20.891910
93,structure_8.bpseq,0.627969,-24.640310
94,structure_12.bpseq,0.730667,-13.316400
94,structure_21.bpseq,0.608443,-20.630290
94,structure_24.bpseq,0.771564,-18.985170
94,structure_28.bpseq,0.602090,-18.881440
94,structure_45.bpseq,0.656250,-20.372360
94,structure_47.bpseq,0.662888,-28.467800
94,structure_60.bpseq,0.259771,-24.786600
94,structure_62.bpseq,0.690775,-28.326800
94,structure_66.bpseq,0.701943,-27.565000
94,structure_9.bpseq,0.659341,-16.789540
95,structure_2.bpseq,0.616373,-16.921150
95,structure_25.bpseq,0.625183,-21.733790
95,structure_27.bpseq,0.452955,-20.919500
95,structure_31.bpseq,0.420011,-20.875720
95,structure_43.bpseq,0.471536,-21.733550
95,structure_47.bpseq,0.435822,-26.760320
95,structure_5.bpseq,0.555566,-19.955770
95,structure_50.bpseq,0.571611,-21.786710
95,structure_54.bpseq,0.401532,-29.465940
95,structure_64.bpseq,0.638535,-19.549110
96,structure_13.bpseq,0.547412,-19.539800
96,structure_15.bpseq,0.568421,-19.659100
96,structure_36.bpseq,0.313864,-22.095700
96,structure_43.bpseq,0.466437,-22.221160
96,structure_45.bpseq,0.708649,-28.462440
96,structure_50.bpseq,0.420883,-24.119250
96,structure_60.bpseq,0.645974,-26.299670
96,structure_66.bpseq,0.528527,-29.304610
96,structure_76.bpseq,0.508716,-23.591230
96,structure_86.bpseq,0.676035,-30.927278
97,structure_15.bpseq,0.724551,-19.896410
97,structure_27.bpseq,0.511631,-22.689310
97,structure_36.bpseq,0.714600,-16.508200
97,structure_4.bpseq,0.695774,-13.296300
97,structure_44.bpseq,0.616779,-15.931600
97,structure_49.bpseq,0.676024,-21.116450
97,structure_67.bpseq,0.625865,-28.383320
97,structure_7.bpseq,0.517462,-21.702540
97,structure_73.bpseq,0.374854,-24.975460
97,structure_77.bpseq,0.606363,-32.710880
98,structure_10.bpseq,0.634905,-16.533780
98,structure_17.bpseq,0.589544,-15.083350
98,structure_19.bpseq,0.562251,-22.141828
98,structure_2.bpseq,0.635197,-14.741330
98,structure_24.bpseq,0.476157,-22.908480
98,structure_32.bpseq,0.502223,-18.845210
98,structure_34.bpseq,0.653546,-20.633868
98,structure_51.bpseq,0.644984,-19.109630
98,structure_57.bpseq,0.510902,-20.900114
98,structure_59.bpseq,0.569905,-21.764829
99,structure_15.bpseq,0.567145,-19.293270
99,structure_23.bpseq,0.555978,-28.473230
99,structure_56.bpseq,0.590267,-27.388360
99,structure_6.bpseq,0.378186,-25.418380
99,structure_66.bpseq,0.495015,-27.157740
99,structure_75.bpseq,0.320581,-28.264310
99,structure_83.bpseq,0.680077,-25.469990
99,structure_9.bpseq,0.547081,-24.037750
99,structure_94.bpseq,0.578337,-27.964180
99,structure_96.bpseq,0.618943,-31.155710
100,structure_10.bpseq,0.451313,-16.837890
100,structure_13.bpseq,0.479042,-17.652900
100,structure_17.bpseq,0.581684,-12.493719
100,structure_20.bpseq,0.614874,-19.133410
100,structure_36.bpseq,0.544853,-17.025570
100,structure_4.bpseq,0.675214,-16.147550
100,structure_41.bpseq,0.733725,-23.057680
100,structure_46.bpseq,0.695932,-16.741460
100,structure_7.bpseq,0.694202,-13.428119
100,structure_75.bpseq,0.689570,-25.003400
101,structure_1.bpseq,0.530798,-8.479300
101,structure_24.bpseq,0.557126,-17.619200
101,structure_38.bpseq,0.508793,-23.764900
101,structure_46.bpseq,0.570916,-28.627600
101,structure_61.bpseq,0.501571,-20.429400
101,structure_66.bpseq,0.455346,-23.092600
101,structure_71.bpseq,0.548490,-20.999800
101,structure_77.bpseq,0.576999,-20.885300
101,structure_8.bpseq,0.443965,-12.737000
101,structure_92.bpseq,0.551186,-22.123700
102,structure_12.bpseq,0.703426,-19.791520
102,structure_15.bpseq,0.610254,-16.768600
102,structure_22.bpseq,0.760180,-24.172640
102,structure_31.bpseq,0.665353,-25.941290
102,structure_37.bpseq,0.433113,-19.542150
102,structure_39.bpseq,0.751145,-22.512360
102,structure_45.bpseq,0.550483,-23.737740
102,structure_57.bpseq,0.634963,-28.217149
102,structure_68.bpseq,0.521983,-32.540050
102,structure_71.bpseq,0.564928,-29.527760
103,structure_16.bpseq,0.563418,-11.174240
103,structure_2.bpseq,0.510836,-9.538570
103,structure_21.bpseq,0.527235,-18.054060
103,structure_24.bpseq,0.547887,-20.013180
103,structure_27.bpseq,0.400933,-17.082200
103,structure_30.bpseq,0.744516,-17.226060
103,structure_32.bpseq,0.419088,-15.269933
103,structure_35.bpseq,0.622376,-11.581640
103,structure_41.bpseq,0.537774,-24.139140
103,structure_46.bpseq,0.411086,-20.396570
105,structure_12.bpseq,0.221378,-14.114544
105,structure_14.bpseq,0.437421,-12.333940
105,structure_17.bpseq,0.238613,-20.217500
105,structure_24.bpseq,0.319890,-12.945351
105,structure_27.bpseq,0.230091,-15.658730
105,structure_3.bpseq,0.610554,-8.390650
105,structure_31.bpseq,0.218228,-21.774720
105,structure_33.bpseq,0.254348,-21.495960
105,structure_6.bpseq,0.581754,-10.212010
105,structure_9.bpseq,0.356747,-13.583655
106,structure_1.bpseq,0.503418,-15.877530
106,structure_15.bpseq,0.531375,-13.316379
106,structure_19.bpseq,0.379655,-18.197590
106,structure_21.bpseq,0.503418,-18.817010
106,structure_27.bpseq,0.551600,-19.728890
106,structure_4.bpseq,0.549508,-16.616960
106,structure_44.bpseq,0.236612,-26.544900
106,structure_47.bpseq,0.453500,-21.502840
106,structure_49.bpseq,0.336899,-30.150700
106,structure_51.bpseq,0.373761,-26.472200
107,structure_13.bpseq,0.314091,-16.021700
107,structure_2.bpseq,0.432041,-12.828080
107,structure_24.bpseq,0.247129,-16.836220
107,structure_27.bpseq,0.263253,-24.500200
107,structure_30.bpseq,0.354892,-18.994840
107,structure_35.bpseq,0.239302,-18.259750
107,structure_47.bpseq,0.363696,-18.473550
107,structure_51.bpseq,0.255051,-23.769780
107,structure_55.bpseq,0.417663,-22.512880
107,structure_68.bpseq,0.410060,-28.694600
108,structure_13.bpseq,0.275752,-17.326810
108,structure_26.bpseq,0.274862,-18.779410
108,structure_29.bpseq,0.294234,-16.411510
108,structure_32.bpseq,0.383844,-16.523640
108,structure_44.bpseq,0.344338,-22.967406
108,structure_55.bpseq,0.329021,-19.855330
108,structure_58.bpseq,0.261312,-26.928080
108,structure_6.bpseq,0.453423,-13.310690
108,structure_63.bpseq,0.460286,-21.051970
108,structure_71.bpseq,0.383361,-27.707980
109,structure_1.bpseq,0.838265,-6.892420
109,structure_10.bpseq,0.541156,-14.114390
109,structure_15.bpseq,0.499660,-16.559150
109,structure_17.bpseq,0.620385,-15.096370
109,structure_20.bpseq,0.278854,-14.124830
109,structure_23.bpseq,0.267881,-17.173960
109,structure_26.bpseq,0.399190,-26.377700
109,structure_31.bpseq,0.276237,-16.996790
109,structure_34.bpseq,0.284301,-23.570000
109,structure_5.bpseq,0.403574,-17.610700
110,structure_10.bpseq,0.514397,-13.165130
110,structure_13.bpseq,0.625436,-19.678330
110,structure_23.bpseq,0.399997,-21.985307
110,structure_25.bpseq,0.444930,-17.581710
110,structure_28.bpseq,0.504406,-19.915780
110,structure_35.bpseq,0.575329,-25.092260
110,structure_37.bpseq,0.330561,-21.569263
110,structure_39.bpseq,0.375267,-29.393170
110,structure_41.bpseq,0.419698,-21.251530
110,structure_5.bpseq,0.560474,-13.322740
111,structure_12.bpseq,0.385011,-23.577800
111,structure_22.bpseq,0.433945,-22.859000
111,structure_25.bpseq,0.425759,-24.248400
111,structure_40.bpseq,0.300542,-28.724700
111,structure_51.bpseq,0.425759,-23.313400
111,structure_53.bpseq,0.282147,-24.934000
111,structure_82.bpseq,0.424298,-31.960300
111,structure_88.bpseq,0.450875,-30.475900
111,structure_90.bpseq,0.297486,-20.878600
111,structure_96.bpseq,0.433596,-27.174600
112,structure_1.bpseq,0.670026,-8.688800
112,structure_10.bpseq,0.494724,-13.324000
112,structure_20.bpseq,0.471209,-14.642860
112,structure_22.bpseq,0.601142,-15.445880
112,structure_27.bpseq,0.591924,-13.578030
112,structure_30.bpseq,0.383255,-15.373010
112,structure_32.bpseq,0.451037,-17.962770
112,structure_35.bpseq,0.265781,-19.240030
112,structure_39.bpseq,0.399190,-16.545330
112,structure_43.bpseq,0.240402,-28.918650
113,structure_10.bpseq,0.170842,-14.024120
113,structure_14.bpseq,0.636660,-12.761670
113,structure_16.bpseq,0.459030,-20.626350
113,structure_20.bpseq,0.236141,-21.133030
113,structure_22.bpseq,0.400337,-15.768910
113,structure_27.bpseq,0.243679,-21.781990
113,structure_3.bpseq,0.186709,-13.506700
113,structure_31.bpseq,0.365870,-17.602288
113,structure_34.bpseq,0.342126,-19.346590
113,structure_5.bpseq,0.243063,-11.385190
114,structure_10.bpseq,0.376215,-11.762990
114,structure_17.bpseq,0.352495,-14.796720
114,structure_22.bpseq,0.343034,-13.480860
114,structure_25.bpseq,0.387415,-15.649150
114,structure_28.bpseq,0.510637,-19.405700
114,structure_30.bpseq,0.286997,-25.067270
114,structure_34.bpseq,0.454151,-22.231950
114,structure_37.bpseq,0.372489,-22.370230
114,structure_40.bpseq,0.367011,-24.532860
114,structure_5.bpseq,0.454967,-7.837940
115,structure_14.bpseq,0.645257,-10.139370
115,structure_20.bpseq,0.474006,-13.174970
115,structure_23.bpseq,0.524614,-12.017960
115,structure_26.bpseq,0.472963,-12.940560
115,structure_32.bpseq,0.396648,-14.588540
115,structure_35.bpseq,0.452073,-20.830800
115,structure_37.bpseq,0.390600,-20.336000
115,structure_39.bpseq,0.407703,-22.501000
115,structure_4.bpseq,0.592009,-11.688510
115,structure_8.bpseq,0.611728,-9.477119
116,structure_1.bpseq,0.551693,-7.635500
116,structure_13.bpseq,0.375000,-13.859960
116,structure_19.bpseq,0.211325,-12.468440
116,structure_26.bpseq,0.715294,-14.909320
116,structure_28.bpseq,0.468687,-13.635140
116,structure_33.bpseq,0.420428,-21.194926
116,structure_35.bpseq,0.624615,-16.074700
116,structure_4.bpseq,0.571940,-9.456200
116,structure_6.bpseq,0.722153,-7.373700
116,structure_9.bpseq,0.581927,-10.896200
117,structure_11.bpseq,0.503411,-20.390840
117,structure_14.bpseq,0.818031,-16.014890
117,structure_18.bpseq,0.479257,-21.133740
117,structure_2.bpseq,0.699590,-14.751350
117,structure_26.bpseq,0.602220,-19.631740
117,structure_28.bpseq,0.603388,-19.911540
117,structure_36.bpseq,0.553700,-20.638140
117,structure_40.bpseq,0.321026,-22.894140
117,structure_42.bpseq,0.388772,-21.534240
117,structure_47.bpseq,0.495752,-22.558940
118,structure_14.bpseq,0.662669,-15.817290
118,structure_16.bpseq,0.454851,-13.841710
118,structure_18.bpseq,0.490269,-12.489809
118,structure_21.bpseq,0.675205,-16.773600
118,structure_24.bpseq,0.553392,-16.097530
118,structure_3.bpseq,0.708665,-8.674610
118,structure_38.bpseq,0.533672,-22.105500
118,structure_48.bpseq,0.300148,-19.675400
118,structure_5.bpseq,0.515547,-9.699340
118,structure_7.bpseq,0.657885,-12.081001
119,structure_11.bpseq,0.475417,-17.966870
119,structure_15.bpseq,0.502815,-21.672550
119,structure_20.bpseq,0.454212,-24.171010
119,structure_25.bpseq,0.435275,-19.234080
119,structure_27.bpseq,0.615132,-20.604950
119,structure_30.bpseq,0.356175,-21.592590
119,structure_33.bpseq,0.514111,-18.835300
119,structure_35.bpseq,0.357217,-24.880800
119,structure_38.bpseq,0.359905,-26.544950
119,structure_6.bpseq,0.464798,-15.618280
120,structure_1.bpseq,0.546307,-13.511630
120,structure_10.bpseq,0.405687,-18.336350
120,structure_15.bpseq,0.213848,-12.929320
120,structure_22.bpseq,0.406304,-17.056380
120,structure_24.bpseq,0.379832,-18.424380
120,structure_28.bpseq,0.217157,-15.841840
120,structure_32.bpseq,0.408284,-18.447230
120,structure_36.bpseq,0.474500,-17.471970
120,structure_4.bpseq,0.509159,-13.005060
120,structure_7.bpseq,0.464364,-13.164390
121,structure_1.bpseq,0.755344,-13.697350
121,structure_10.bpseq,0.617670,-17.477130
121,structure_14.bpseq,0.502374,-16.870690
121,structure_19.bpseq,0.597129,-17.724190
121,structure_22.bpseq,0.360101,-21.306410
121,structure_25.bpseq,0.395417,-18.552940
121,structure_32.bpseq,0.609256,-19.739310
121,structure_39.bpseq,0.384127,-17.893880
121,structure_4.bpseq,0.606529,-13.875230
121,structure_48.bpseq,0.408838,-23.530510
122,structure_16.bpseq,0.545675,-15.608600
122,structure_20.bpseq,0.406806,-20.014820
122,structure_22.bpseq,0.317529,-16.734800
122,structure_26.bpseq,0.341153,-21.030100
122,structure_32.bpseq,0.547233,-19.993280
122,structure_34.bpseq,0.388796,-21.592500
122,structure_41.bpseq,0.545552,-14.538350
122,structure_43.bpseq,0.503493,-25.505100
122,structure_46.bpseq,0.243788,-26.841300
122,structure_7.bpseq,0.484464,-15.260160
123,structure_13.bpseq,0.605344,-17.012650
123,structure_20.bpseq,0.317304,-11.746660
123,structure_25.bpseq,0.533789,-15.120520
123,structure_27.bpseq,0.581711,-13.715412
123,structure_29.bpseq,0.448992,-22.480770
123,structure_32.bpseq,0.563555,-14.780214
123,structure_35.bpseq,0.534800,-21.435640
123,structure_38.bpseq,0.538348,-15.496580
123,structure_44.bpseq,0.152184,-23.085630
123,structure_9.bpseq,0.513325,-17.700210
124,structure_14.bpseq,0.193152,-18.464810
124,structure_17.bpseq,0.658335,-17.918610
124,structure_2.bpseq,0.756704,-15.045770
124,structure_21.bpseq,0.668036,-16.390520
124,structure_27.bpseq,0.320369,-20.580310
124,structure_29.bpseq,0.343480,-21.527410
124,structure_31.bpseq,0.206123,-17.861010
124,structure_34.bpseq,0.195476,-15.921420
124,structure_4.bpseq,0.795804,-14.063040
124,structure_6.bpseq,0.225562,-19.062410
125,structure_1.bpseq,0.892466,-5.363420
125,structure_13.bpseq,0.713146,-13.611620
125,structure_15.bpseq,0.875239,-11.054210
125,structure_20.bpseq,0.757423,-11.756280
125,structure_24.bpseq,0.625193,-14.405461
125,structure_3.bpseq,0.737488,-12.869710
125,structure_32.bpseq,0.657024,-16.152580
125,structure_54.bpseq,0.663340,-16.081360
125,structure_58.bpseq,0.550802,-17.491400
125,structure_8.bpseq,0.703737,-8.393020
126,structure_11.bpseq,0.702007,-13.931429
126,structure_15.bpseq,0.605211,-14.445330
126,structure_21.bpseq,0.404781,-18.922310
126,structure_23.bpseq,0.708029,-17.392970
126,structure_28.bpseq,0.407523,-16.956080
126,structure_31.bpseq,0.699443,-15.556440
126,structure_35.bpseq,0.385636,-25.608200
126,structure_46.bpseq,0.593655,-22.981720
126,structure_6.bpseq,0.772450,-10.310350
126,structure_8.bpseq,0.750673,-12.937665
127,structure_16.bpseq,0.370717,-17.647730
127,structure_18.bpseq,0.502740,-15.784230
127,structure_2.bpseq,0.462032,-10.003770
127,structure_22.bpseq,0.427303,-24.533500
127,structure_28.bpseq,0.371178,-28.800500
127,structure_35.bpseq,0.467449,-19.840690
127,structure_39.bpseq,0.281431,-24.287700
127,structure_45.bpseq,0.360535,-19.967480
127,structure_47.bpseq,0.339134,-17.849710
127,structure_5.bpseq,0.538348,-15.063580
128,structure_11.bpseq,0.378840,-13.548010
128,structure_15.bpseq,0.501487,-15.412040
128,structure_21.bpseq,0.533081,-20.925340
128,structure_23.bpseq,0.384675,-11.565820
128,structure_26.bpseq,0.495594,-16.813220
128,structure_28.bpseq,0.551865,-21.213540
128,structure_3.bpseq,0.693977,-16.176290
128,structure_31.bpseq,0.467433,-22.259740
128,structure_5.bpseq,0.474952,-12.432440
128,structure_7.bpseq,0.565518,-13.083770
129,structure_2.bpseq,0.812934,-11.653180
129,structure_24.bpseq,0.745686,-13.464420
129,structure_29.bpseq,0.678174,-18.433920
129,structure_33.bpseq,0.528694,-16.069470
129,structure_35.bpseq,0.606411,-16.936200
129,structure_41.bpseq,0.392251,-17.710470
129,structure_47.bpseq,0.705258,-18.944770
129,structure_49.bpseq,0.610137,-16.183300
129,structure_52.bpseq,0.384187,-23.038990
129,structure_6.bpseq,0.709918,-18.347740
130,structure_1.bpseq,0.808206,-13.297880
130,structure_10.bpseq,0.666111,-15.992020
130,structure_12.bpseq,0.518229,-18.685070
130,structure_18.bpseq,0.513186,-16.763780
130,structure_22.bpseq,0.367261,-12.966630
130,structure_25.bpseq,0.435319,-25.536170
130,structure_28.bpseq,0.428236,-17.709670
130,structure_34.bpseq,0.471119,-19.867170
130,structure_38.bpseq,0.334537,-20.616770
130,structure_6.bpseq,0.438545,-14.870270
131,structure_16.bpseq,0.353894,-12.372160
131,structure_18.bpseq,0.548045,-12.435000
131,structure_20.bpseq,0.451720,-15.750730
131,structure_23.bpseq,0.318185,-17.140900
131,structure_25.bpseq,0.578039,-16.321950
131,structure_28.bpseq,0.333511,-17.470910
131,structure_30.bpseq,0.369143,-14.005090
131,structure_33.bpseq,0.390293,-15.086530
131,structure_37.bpseq,0.378904,-23.569740
131,structure_40.bpseq,0.157673,-20.506340
132,structure_11.bpseq,0.261408,-21.698790
132,structure_16.bpseq,0.289666,-19.050090
132,structure_2.bpseq,0.671653,-12.791260
132,structure_20.bpseq,0.470235,-14.662710
132,structure_23.bpseq,0.244193,-19.863690
132,structure_25.bpseq,0.528525,-17.343720
132,structure_29.bpseq,0.430662,-13.599660
132,structure_32.bpseq,0.459175,-16.337690
132,structure_36.bpseq,0.587814,-13.270780
132,structure_7.bpseq,0.606794,-16.857720
133,structure_10.bpseq,0.527147,-12.720610
133,structure_18.bpseq,0.645246,-16.314240
133,structure_21.bpseq,0.632739,-18.512220
133,structure_32.bpseq,0.502807,-17.845920
133,structure_34.bpseq,0.580797,-16.918840
133,structure_37.bpseq,0.501451,-18.357360
133,structure_41.bpseq,0.515389,-20.398400
133,structure_46.bpseq,0.241504,-26.171000
133,structure_5.bpseq,0.580412,-11.338080
133,structure_7.bpseq,0.475150,-13.358880
134,structure_1.bpseq,0.836069,-8.183700
134,structure_12.bpseq,0.696792,-12.314360
134,structure_20.bpseq,0.815682,-13.507610
134,structure_24.bpseq,0.625302,-21.300130
134,structure_29.bpseq,0.556157,-14.650640
134,structure_3.bpseq,0.733451,-7.513800
134,structure_31.bpseq,0.536661,-17.515880
134,structure_34.bpseq,0.551726,-17.575500
134,structure_43.bpseq,0.516918,-20.691080
134,structure_8.bpseq,0.523879,-12.378380
135,structure_11.bpseq,0.521246,-14.149914
135,structure_15.bpseq,0.554514,-13.506222
135,structure_2.bpseq,0.378555,-12.828180
135,structure_22.bpseq,0.582579,-18.115980
135,structure_26.bpseq,0.581041,-17.547390
135,structure_29.bpseq,0.431076,-18.244110
135,structure_33.bpseq,0.543051,-15.304970
135,structure_36.bpseq,0.529413,-19.011070
135,structure_38.bpseq,0.493551,-23.604290
135,structure_7.bpseq,0.631418,-12.794750
136,structure_12.bpseq,0.568087,-13.078900
136,structure_14.bpseq,0.593560,-8.847810
136,structure_16.bpseq,0.369004,-16.292753
136,structure_19.bpseq,0.507101,-12.508230
136,structure_2.bpseq,0.883929,-6.357800
136,structure_23.bpseq,0.353471,-17.154185
136,structure_29.bpseq,0.544989,-16.991697
136,structure_36.bpseq,0.351433,-19.686850
136,structure_5.bpseq,0.593473,-11.959990
136,structure_8.bpseq,0.379236,-10.415850
137,structure_11.bpseq,0.518781,-15.825930
137,structure_18.bpseq,0.694482,-16.827550
137,structure_20.bpseq,0.507645,-17.466850
137,structure_29.bpseq,0.385223,-14.978960
137,structure_31.bpseq,0.217670,-21.646720
137,structure_38.bpseq,0.347684,-17.030520
137,structure_41.bpseq,0.240607,-22.198720
137,structure_44.bpseq,0.196636,-18.355620
137,structure_5.bpseq,0.471519,-14.652170
137,structure_7.bpseq,0.752009,-12.493750
138,structure_1.bpseq,0.808607,-12.990570
138,structure_13.bpseq,0.555546,-15.582760
138,structure_16.bpseq,0.725049,-21.320590
138,structure_19.bpseq,0.683545,-14.671000
138,structure_31.bpseq,0.571737,-21.999690
138,structure_34.bpseq,0.584198,-24.100590
138,structure_40.bpseq,0.557409,-16.193800
138,structure_44.bpseq,0.396178,-28.904890
138,structure_48.bpseq,0.566081,-18.505900
138,structure_8.bpseq,0.614760,-14.387830
139,structure_1.bpseq,0.590072,-9.189440
139,structure_11.bpseq,0.486627,-15.075410
139,structure_13.bpseq,0.333181,-6.564890
139,structure_19.bpseq,0.417702,-15.308580
139,structure_22.bpseq,0.322009,-21.032650
139,structure_24.bpseq,0.352591,-21.696390
139,structure_26.bpseq,0.449040,-23.650600
139,structure_4.bpseq,0.323705,-13.784011
139,structure_6.bpseq,0.532195,-12.304717
139,structure_8.bpseq,0.406291,-12.089334
140,structure_1.bpseq,0.881222,-7.487570
140,structure_15.bpseq,0.622474,-17.834450
140,structure_21.bpseq,0.655342,-15.378810
140,structure_24.bpseq,0.382674,-19.760120
140,structure_27.bpseq,0.670806,-16.749350
140,structure_29.bpseq,0.381079,-17.105110
140,structure_34.bpseq,0.346812,-19.609020
140,structure_36.bpseq,0.556584,-19.075280
140,structure_38.bpseq,0.372575,-21.361620
140,structure_44.bpseq,0.510748,-17.282410
141,structure_12.bpseq,0.675144,-17.618930
141,structure_14.bpseq,0.411990,-13.903920
141,structure_16.bpseq,0.369128,-19.090930
141,structure_2.bpseq,0.212901,-10.786390
141,structure_23.bpseq,0.400048,-16.027640
141,structure_26.bpseq,0.531069,-22.607430
141,structure_29.bpseq,0.186103,-21.356130
141,structure_31.bpseq,0.420355,-20.013230
141,structure_37.bpseq,0.409834,-22.173930
141,structure_4.bpseq,0.768004,-12.105820
142,structure_10.bpseq,0.484197,-10.049620
142,structure_12.bpseq,0.616775,-10.429080
142,structure_15.bpseq,0.276876,-11.856520
142,structure_18.bpseq,0.552705,-14.956050
142,structure_2.bpseq,0.206631,-9.108630
142,structure_20.bpseq,0.270772,-16.176430
142,structure_24.bpseq,0.299035,-15.534520
142,structure_26.bpseq,0.216721,-17.257100
142,structure_5.bpseq,0.568616,-8.348540
142,structure_8.bpseq,0.501289,-11.444650
143,structure_11.bpseq,0.605290,-12.822210
143,structure_14.bpseq,0.400048,-13.726490
143,structure_16.bpseq,0.692091,-14.712560
143,structure_28.bpseq,0.442361,-14.925330
143,structure_3.bpseq,0.598131,-12.372990
143,structure_30.bpseq,0.348892,-20.164150
143,structure_36.bpseq,0.381251,-20.035950
143,structure_41.bpseq,0.597860,-15.986580
143,structure_5.bpseq,0.366923,-16.910760
143,structure_7.bpseq,0.217622,-19.106750
144,structure_1.bpseq,0.474632,-18.114240
144,structure_12.bpseq,0.217962,-10.143260
144,structure_16.bpseq,0.240062,-14.134860
144,structure_23.bpseq,0.573752,-15.813140
144,structure_25.bpseq,0.478287,-14.104760
144,structure_27.bpseq,0.380803,-21.693140
144,structure_31.bpseq,0.283230,-16.112040
144,structure_4.bpseq,0.370313,-17.825040
144,structure_7.bpseq,0.634749,-12.484790
144,structure_9.bpseq,0.500000,-10.362000
145,structure_13.bpseq,0.515286,-19.200520
145,structure_18.bpseq,0.437224,-23.648060
145,structure_2.bpseq,0.475190,-17.697020
145,structure_32.bpseq,0.311018,-23.166100
145,structure_38.bpseq,0.307204,-21.923500
145,structure_43.bpseq,0.260936,-24.282800
145,structure_51.bpseq,0.267121,-28.042300
145,structure_55.bpseq,0.253935,-23.918500
145,structure_70.bpseq,0.251859,-25.799900
145,structure_81.bpseq,0.273572,-26.623000
146,structure_10.bpseq,0.554244,-17.637210
146,structure_18.bpseq,0.510876,-11.790400
146,structure_21.bpseq,0.547668,-14.959700
146,structure_29.bpseq,0.715086,-17.908360
146,structure_34.bpseq,0.390763,-16.029100
146,structure_38.bpseq,0.388089,-13.344700
146,structure_46.bpseq,0.546220,-16.364910
146,structure_49.bpseq,0.457795,-20.270180
146,structure_54.bpseq,0.522924,-20.248480
146,structure_64.bpseq,0.419165,-24.424750
147,structure_13.bpseq,0.254426,-19.217540
147,structure_31.bpseq,0.277392,-17.627780
147,structure_35.bpseq,0.485210,-23.451805
147,structure_44.bpseq,0.402798,-20.065740
147,structure_46.bpseq,0.402798,-21.909280
147,structure_54.bpseq,0.403997,-25.620560
147,structure_61.bpseq,0.359224,-36.436100
147,structure_7.bpseq,0.403997,-22.754031
147,structure_73.bpseq,0.277973,-23.153663
147,structure_77.bpseq,0.384758,-25.647760
148,structure_1.bpseq,0.699855,-11.280661
148,structure_12.bpseq,0.326614,-22.453500
148,structure_17.bpseq,0.327494,-18.480080
148,structure_19.bpseq,0.488793,-18.316240
148,structure_22.bpseq,0.367360,-22.343500
148,structure_25.bpseq,0.460008,-15.766420
148,structure_37.bpseq,0.400933,-18.975430
148,structure_39.bpseq,0.160452,-18.493270
148,structure_41.bpseq,0.352702,-17.697070
148,structure_5.bpseq,0.428618,-16.810500
149,structure_14.bpseq,0.450481,-17.757860
149,structure_18.bpseq,0.710104,-16.214990
149,structure_2.bpseq,0.560776,-7.929400
149,structure_25.bpseq,0.478001,-17.348400
149,structure_35.bpseq,0.331072,-20.706713
149,structure_38.bpseq,0.343653,-20.465162
149,structure_47.bpseq,0.331299,-19.357586
149,structure_59.bpseq,0.586779,-23.919360
149,structure_6.bpseq,0.550257,-15.465410
149,structure_64.bpseq,0.355406,-25.799460
150,structure_1.bpseq,0.495192,-19.598980
150,structure_10.bpseq,0.523106,-15.970646
150,structure_16.bpseq,0.305429,-19.893250
150,structure_21.bpseq,0.321551,-23.827850
150,structure_24.bpseq,0.330400,-21.771970
150,structure_26.bpseq,0.408797,-22.722330
150,structure_32.bpseq,0.166192,-22.303090
150,structure_46.bpseq,0.604585,-18.576010
150,structure_5.bpseq,0.306921,-17.389810
150,structure_8.bpseq,0.151906,-17.626570
151,structure_16.bpseq,0.366745,-13.203550
151,structure_20.bpseq,0.562092,-13.546460
151,structure_22.bpseq,0.577420,-14.197370
151,structure_26.bpseq,0.402682,-14.878690
151,structure_29.bpseq,0.223113,-12.679890
151,structure_38.bpseq,0.509931,-17.920000
151,structure_47.bpseq,0.371757,-19.606170
151,structure_51.bpseq,0.362077,-22.270380
151,structure_55.bpseq,0.403510,-23.244810
151,structure_6.bpseq,0.837849,-10.417590
152,structure_1.bpseq,0.446833,-16.771090
152,structure_11.bpseq,0.535292,-16.845120
152,structure_13.bpseq,0.401942,-14.940400
152,structure_19.bpseq,0.508447,-21.234370
152,structure_23.bpseq,0.627550,-20.928480
152,structure_25.bpseq,0.386010,-16.072870
152,structure_3.bpseq,0.446833,-18.448000
152,structure_33.bpseq,0.239792,-21.932030
152,structure_36.bpseq,0.212217,-20.004660
152,structure_8.bpseq,0.390964,-15.291260
153,structure_1.bpseq,0.708536,-7.770160
153,structure_11.bpseq,0.175802,-15.689720
153,structure_17.bpseq,0.575458,-14.030600
153,structure_19.bpseq,0.257694,-23.574820
153,structure_22.bpseq,0.180095,-15.322120
153,structure_24.bpseq,0.636722,-16.416580
153,structure_39.bpseq,0.492683,-17.636835
153,structure_4.bpseq,0.672390,-11.195520
153,structure_42.bpseq,0.467406,-20.001340
153,structure_6.bpseq,0.644189,-9.618580
154,structure_10.bpseq,0.609360,-14.157410
154,structure_13.bpseq,0.619828,-19.817612
154,structure_19.bpseq,0.516440,-24.923880
154,structure_21.bpseq,0.278340,-18.417090
154,structure_3.bpseq,0.589718,-14.837510
154,structure_31.bpseq,0.289743,-28.721890
154,structure_34.bpseq,0.528981,-24.504700
154,structure_37.bpseq,0.332173,-23.208910
154,structure_39.bpseq,0.227999,-20.327104
154,structure_5.bpseq,0.412961,-20.820130
155,structure_1.bpseq,0.759934,-6.967220
155,structure_11.bpseq,0.587333,-14.552350
155,structure_15.bpseq,0.465561,-10.762458
155,structure_17.bpseq,0.557498,-12.330760
155,structure_19.bpseq,0.527317,-13.876590
155,structure_22.bpseq,0.474196,-19.057880
155,structure_27.bpseq,0.265635,-20.851400
155,structure_5.bpseq,0.641179,-11.240044
155,structure_7.bpseq,0.623165,-9.186010
155,structure_9.bpseq,0.548788,-12.920170
156,structure_11.bpseq,0.614521,-16.666740
156,structure_15.bpseq,0.707321,-12.045830
156,structure_2.bpseq,0.679467,-9.551520
156,structure_24.bpseq,0.489048,-13.162422
156,structure_26.bpseq,0.575125,-16.240940
156,structure_29.bpseq,0.221248,-21.247980
156,structure_31.bpseq,0.587737,-15.771830
156,structure_35.bpseq,0.393849,-22.036090
156,structure_38.bpseq,0.398726,-20.483010
156,structure_8.bpseq,0.581502,-12.818284
157,structure_12.bpseq,0.342126,-12.332500
157,structure_15.bpseq,0.197395,-19.722390
157,structure_22.bpseq,0.571979,-15.765980
157,structure_26.bpseq,0.664134,-17.144480
157,structure_28.bpseq,0.651037,-21.252710
157,structure_34.bpseq,0.507535,-24.055697
157,structure_38.bpseq,0.522892,-22.178090
157,structure_4.bpseq,0.677753,-12.632800
157,structure_43.bpseq,0.420048,-19.435230
157,structure_9.bpseq,0.489016,-15.660680
158,structure_10.bpseq,0.683333,-12.665755
158,structure_2.bpseq,0.534188,-10.252540
158,structure_21.bpseq,0.493550,-12.309514
158,structure_23.bpseq,0.415806,-16.864760
158,structure_25.bpseq,0.421176,-15.647480
158,structure_27.bpseq,0.230310,-15.413260
158,structure_29.bpseq,0.581600,-13.766000
158,structure_37.bpseq,0.512407,-19.205350
158,structure_45.bpseq,0.388197,-22.639800
158,structure_47.bpseq,0.206390,-20.346550
159,structure_13.bpseq,0.720707,-14.504810
159,structure_16.bpseq,0.521299,-19.934690
159,structure_19.bpseq,0.519334,-18.184810
159,structure_23.bpseq,0.665462,-15.075760
159,structure_25.bpseq,0.598058,-17.279720
159,structure_27.bpseq,0.400829,-17.861490
159,structure_31.bpseq,0.469702,-15.539470
159,structure_35.bpseq,0.257409,-20.701490
159,structure_5.bpseq,0.567483,-12.706750
159,structure_8.bpseq,0.420446,-17.083010
160,structure_19.bpseq,0.472409,-23.029300
160,structure_3.bpseq,0.603791,-21.706800
160,structure_40.bpseq,0.399451,-22.913530
160,structure_44.bpseq,0.268286,-26.054120
160,structure_53.bpseq,0.396068,-22.918660
160,structure_56.bpseq,0.510804,-30.571730
160,structure_62.bpseq,0.434496,-21.089100
160,structure_85.bpseq,0.285772,-34.654630
160,structure_92.bpseq,0.544486,-32.923810
160,structure_96.bpseq,0.321051,-34.627090
161,structure_13.bpseq,0.408919,-14.932592
161,structure_23.bpseq,0.581663,-19.677100
161,structure_27.bpseq,0.572788,-25.293800
161,structure_29.bpseq,0.462298,-18.873820
161,structure_3.bpseq,0.572921,-17.413380
161,structure_41.bpseq,0.449035,-24.141740
161,structure_47.bpseq,0.519748,-16.554160
161,structure_5.bpseq,0.634136,-17.233800
161,structure_56.bpseq,0.498471,-20.957690
161,structure_8.bpseq,0.764385,-19.503490
162,structure_1.bpseq,0.705960,-12.010650
162,structure_11.bpseq,0.505868,-12.507040
162,structure_13.bpseq,0.265174,-15.919520
162,structure_15.bpseq,0.391347,-15.260800
162,structure_19.bpseq,0.463837,-18.826570
162,structure_27.bpseq,0.230414,-17.133460
162,structure_3.bpseq,0.524095,-10.607460
162,structure_32.bpseq,0.477881,-17.616250
162,structure_34.bpseq,0.254893,-20.298760
162,structure_8.bpseq,0.511386,-19.208450
163,structure_1.bpseq,0.403244,-11.640610
163,structure_10.bpseq,0.577747,-13.282197
163,structure_12.bpseq,0.451838,-8.731820
163,structure_14.bpseq,0.456346,-18.667610
163,structure_16.bpseq,0.621255,-13.884223
163,structure_19.bpseq,0.455456,-12.389830
163,structure_22.bpseq,0.234457,-22.758470
163,structure_24.bpseq,0.222650,-25.227800
163,structure_3.bpseq,0.442646,-13.288877
163,structure_7.bpseq,0.465319,-16.458450
164,structure_1.bpseq,0.834580,-11.116380
164,structure_12.bpseq,0.619523,-21.712590
164,structure_15.bpseq,0.632268,-19.049790
164,structure_22.bpseq,0.430148,-14.595190
164,structure_24.bpseq,0.493674,-23.920890
164,structure_29.bpseq,0.476585,-23.460890
164,structure_36.bpseq,0.260071,-18.519690
164,structure_39.bpseq,0.238632,-21.417490
164,structure_4.bpseq,0.410695,-16.967520
164,structure_9.bpseq,0.464864,-13.342340
165,structure_1.bpseq,0.482526,-10.253850
165,structure_13.bpseq,0.516379,-16.796170
165,structure_17.bpseq,0.453314,-17.075220
165,structure_20.bpseq,0.325755,-19.247320
165,structure_22.bpseq,0.230025,-13.277469
165,structure_3.bpseq,0.456967,-15.943230
165,structure_30.bpseq,0.372158,-20.257800
165,structure_32.bpseq,0.190705,-17.527380
165,structure_34.bpseq,0.364783,-17.724550
165,structure_7.bpseq,0.357515,-15.025860
166,structure_13.bpseq,0.625518,-9.698690
166,structure_16.bpseq,0.767435,-12.903640
166,structure_19.bpseq,0.640743,-11.326810
166,structure_2.bpseq,0.929757,-6.195100
166,structure_24.bpseq,0.625518,-12.326540
166,structure_26.bpseq,0.558255,-16.384170
166,structure_29.bpseq,0.439596,-19.295605
166,structure_34.bpseq,0.506567,-22.873020
166,structure_6.bpseq,0.507634,-6.195600
166,structure_9.bpseq,0.676141,-11.016320
167,structure_1.bpseq,0.415421,-19.684910
167,structure_37.bpseq,0.486953,-30.374800
167,structure_39.bpseq,0.464799,-26.751780
167,structure_41.bpseq,0.470309,-25.041980
167,structure_52.bpseq,0.336663,-25.071200
167,structure_58.bpseq,0.450827,-28.848400
167,structure_76.bpseq,0.436105,-28.789600
167,structure_79.bpseq,0.385579,-28.144390
167,structure_8.bpseq,0.493084,-21.958100
167,structure_85.bpseq,0.474958,-30.586700
168,structure_13.bpseq,0.513234,-18.779550
168,structure_19.bpseq,0.480986,-14.736730
168,structure_26.bpseq,0.188457,-22.194750
168,structure_28.bpseq,0.204196,-25.324150
168,structure_35.bpseq,0.454151,-22.745150
168,structure_4.bpseq,0.381518,-13.463800
168,structure_41.bpseq,0.531720,-17.211230
168,structure_43.bpseq,0.184606,-22.316050
168,structure_45.bpseq,0.215395,-21.820150
168,structure_9.bpseq,0.260600,-17.353860
169,structure_1.bpseq,0.490144,-8.819440
169,structure_13.bpseq,0.594735,-25.299200
169,structure_17.bpseq,0.269919,-22.065070
169,structure_19.bpseq,0.279758,-26.402000
169,structure_21.bpseq,0.562964,-28.834700
169,structure_23.bpseq,0.597325,-24.358770
169,structure_25.bpseq,0.273148,-30.322100
169,structure_3.bpseq,0.230629,-12.921710
169,structure_5.bpseq,0.305866,-13.623990
169,structure_8.bpseq,0.464060,-14.828711
170,structure_17.bpseq,0.575008,-10.698000
170,structure_25.bpseq,0.483735,-15.253600
170,structure_34.bpseq,0.523749,-17.343250
170,structure_4.bpseq,0.484406,-11.348300
170,structure_46.bpseq,0.444126,-28.090360
170,structure_48.bpseq,0.444126,-30.086170
170,structure_6.bpseq,0.399732,-13.074500
170,structure_60.bpseq,0.315609,-28.124280
170,structure_65.bpseq,0.417425,-31.170050
170,structure_9.bpseq,0.296141,-13.929200
171,structure_13.bpseq,0.266249,-24.203600
171,structure_25.bpseq,0.276596,-24.735700
171,structure_29.bpseq,0.298058,-25.065460
171,structure_33.bpseq,0.468410,-27.306470
171,structure_51.bpseq,0.464100,-33.303450
171,structure_68.bpseq,0.302738,-27.910260
171,structure_71.bpseq,0.461795,-29.455810
171,structure_78.bpseq,0.566422,-36.167570
171,structure_87.bpseq,0.562444,-38.340350
171,structure_89.bpseq,0.515935,-42.678600
172,structure_13.bpseq,0.488538,-16.657420
172,structure_17.bpseq,0.438719,-9.463800
172,structure_31.bpseq,0.588177,-13.463070
172,structure_35.bpseq,0.379555,-20.763060
172,structure_38.bpseq,0.549184,-17.772120
172,structure_45.bpseq,0.504365,-19.588450
172,structure_48.bpseq,0.555367,-20.300450
172,structure_53.bpseq,0.304002,-27.940200
172,structure_59.bpseq,0.459134,-27.767510
172,structure_70.bpseq,0.548608,-24.798900
173,structure_1.bpseq,0.405351,-9.994615
173,structure_10.bpseq,0.387440,-17.178020
173,structure_14.bpseq,0.492893,-15.569460
173,structure_17.bpseq,0.280735,-11.820830
173,structure_20.bpseq,0.521356,-14.849630
173,structure_22.bpseq,0.535707,-15.816620
173,structure_27.bpseq,0.429821,-17.572670
173,structure_32.bpseq,0.570993,-18.218520
173,structure_6.bpseq,0.387440,-10.909281
173,structure_8.bpseq,0.607846,-14.886430
174,structure_1.bpseq,0.711087,-10.003500
174,structure_14.bpseq,0.264980,-11.882200
174,structure_26.bpseq,0.270666,-14.795600
174,structure_29.bpseq,0.284678,-17.048810
174,structure_36.bpseq,0.511103,-23.492240
174,structure_41.bpseq,0.693085,-20.955310
174,structure_43.bpseq,0.626543,-23.600520
174,structure_46.bpseq,0.285714,-26.864990
174,structure_5.bpseq,0.470987,-13.881100
174,structure_50.bpseq,0.303910,-25.839103
175,structure_10.bpseq,0.390547,-13.767740
175,structure_12.bpseq,0.538119,-15.198660
175,structure_14.bpseq,0.396787,-14.547690
175,structure_18.bpseq,0.490936,-15.366590
175,structure_22.bpseq,0.412877,-13.201832
175,structure_25.bpseq,0.337302,-19.040230
175,structure_29.bpseq,0.303227,-18.236830
175,structure_3.bpseq,0.775323,-9.762190
175,structure_32.bpseq,0.594389,-19.905690
175,structure_7.bpseq,0.390547,-12.304202
176,structure_1.bpseq,0.629587,-11.702660
176,structure_11.bpseq,0.444220,-14.244840
176,structure_13.bpseq,0.658737,-14.524740
176,structure_16.bpseq,0.450949,-18.145650
176,structure_21.bpseq,0.267263,-22.657780
176,structure_25.bpseq,0.214125,-21.166580
176,structure_29.bpseq,0.387255,-19.500729
176,structure_3.bpseq,0.165688,-9.354700
176,structure_5.bpseq,0.750507,-11.124160
176,structure_7.bpseq,0.341236,-10.585300
177,structure_1.bpseq,0.224897,-12.821737
177,structure_13.bpseq,0.306973,-18.157380
177,structure_15.bpseq,0.260857,-16.804960
177,structure_20.bpseq,0.262330,-13.610307
177,structure_30.bpseq,0.243826,-23.802300
177,structure_37.bpseq,0.270262,-19.575210
177,structure_39.bpseq,0.294829,-27.727100
177,structure_41.bpseq,0.276793,-16.655540
177,structure_5.bpseq,0.252279,-11.623840
177,structure_9.bpseq,0.235481,-16.970540
178,structure_10.bpseq,0.336337,-18.647830
178,structure_22.bpseq,0.341098,-20.843200
178,structure_28.bpseq,0.496708,-19.066210
178,structure_3.bpseq,0.549499,-16.863910
178,structure_32.bpseq,0.556443,-17.706560
178,structure_34.bpseq,0.480172,-20.264460
178,structure_36.bpseq,0.482746,-19.161000
178,structure_48.bpseq,0.276393,-23.828900
178,structure_57.bpseq,0.346372,-27.670400
178,structure_59.bpseq,0.508947,-25.180800
179,structure_2.bpseq,0.287851,-19.266340
179,structure_21.bpseq,0.499286,-17.870610
179,structure_23.bpseq,0.370889,-23.310000
179,structure_29.bpseq,0.297078,-17.733260
179,structure_32.bpseq,0.301454,-25.858800
179,structure_43.bpseq,0.548400,-17.049080
179,structure_47.bpseq,0.491098,-24.232900
179,structure_51.bpseq,0.397406,-23.721300
179,structure_53.bpseq,0.526712,-17.985630
179,structure_7.bpseq,0.278853,-20.500900
180,structure_15.bpseq,0.574346,-24.010350
180,structure_17.bpseq,0.524895,-22.672350
180,structure_2.bpseq,0.567953,-19.533390
180,structure_39.bpseq,0.531623,-18.429580
180,structure_4.bpseq,0.587138,-16.902530
180,structure_42.bpseq,0.374428,-22.128550
180,structure_46.bpseq,0.384074,-21.920150
180,structure_48.bpseq,0.344987,-24.534650
180,structure_53.bpseq,0.338694,-25.662150
180,structure_55.bpseq,0.333709,-27.586350
181,structure_12.bpseq,0.541470,-20.148740
181,structure_18.bpseq,0.527132,-24.681200
181,structure_2.bpseq,0.527132,-18.168810
181,structure_25.bpseq,0.363854,-18.106100
181,structure_33.bpseq,0.330158,-21.831600
181,structure_36.bpseq,0.315178,-21.799400
181,structure_47.bpseq,0.301931,-23.371800
181,structure_49.bpseq,0.352266,-23.313600
181,structure_6.bpseq,0.508844,-20.276020
181,structure_8.bpseq,0.581277,-16.692590
182,structure_11.bpseq,0.300363,-13.507220
182,structure_13.bpseq,0.541714,-16.743480
182,structure_21.bpseq,0.564078,-17.107960
182,structure_23.bpseq,0.597853,-12.264970
182,structure_27.bpseq,0.571195,-17.332310
182,structure_3.bpseq,0.601960,-9.074990
182,structure_37.bpseq,0.535533,-22.030720
182,structure_42.bpseq,0.581564,-21.283920
182,structure_45.bpseq,0.564078,-19.705260
182,structure_6.bpseq,0.571429,-14.721710
183,structure_12.bpseq,0.551249,-20.685390
183,structure_19.bpseq,0.616073,-16.603750
183,structure_2.bpseq,0.544097,-17.590870
183,structure_21.bpseq,0.580251,-21.159990
183,structure_32.bpseq,0.565622,-23.674190
183,structure_39.bpseq,0.558416,-24.013590
183,structure_4.bpseq,0.601045,-18.265190
183,structure_43.bpseq,0.336337,-23.633390
183,structure_47.bpseq,0.358484,-24.808290
183,structure_49.bpseq,0.366369,-23.957690
184,structure_1.bpseq,0.661584,-14.986280
184,structure_21.bpseq,0.696781,-17.611130
184,structure_31.bpseq,0.481192,-21.855960
184,structure_33.bpseq,0.583591,-14.726400
184,structure_39.bpseq,0.511318,-20.825340
184,structure_47.bpseq,0.497448,-29.388600
184,structure_5.bpseq,0.661584,-16.419840
184,structure_51.bpseq,0.459709,-25.389500
184,structure_53.bpseq,0.355575,-23.008500
184,structure_56.bpseq,0.304127,-30.840700
185,structure_12.bpseq,0.527979,-17.968910
185,structure_16.bpseq,0.382271,-18.325060
185,structure_19.bpseq,0.502238,-16.284450
185,structure_23.bpseq,0.327124,-15.982260
185,structure_3.bpseq,0.326591,-14.015610
185,structure_31.bpseq,0.354185,-23.048730
185,structure_36.bpseq,0.338165,-21.174230
185,structure_39.bpseq,0.302934,-22.711730
185,structure_43.bpseq,0.359430,-21.069830
185,structure_58.bpseq,0.527979,-26.990530
186,structure_12.bpseq,0.714024,-15.494740
186,structure_17.bpseq,0.507097,-22.035900
186,structure_2.bpseq,0.546570,-16.518070
186,structure_25.bpseq,0.565412,-16.207250
186,structure_28.bpseq,0.465710,-22.919800
186,structure_36.bpseq,0.308818,-20.921100
186,structure_45.bpseq,0.502038,-28.151100
186,structure_50.bpseq,0.490507,-25.725600
186,structure_54.bpseq,0.517516,-30.463600
186,structure_8.bpseq,0.731202,-15.814280
187,structure_16.bpseq,0.650167,-18.073000
187,structure_18.bpseq,0.523628,-20.499660
187,structure_22.bpseq,0.494718,-30.074900
187,structure_25.bpseq,0.523376,-19.967360
187,structure_27.bpseq,0.338985,-24.777700
187,structure_34.bpseq,0.524373,-23.015100
187,structure_36.bpseq,0.643791,-21.561400
187,structure_44.bpseq,0.312084,-23.725300
187,structure_46.bpseq,0.314760,-22.236500
187,structure_52.bpseq,0.507878,-23.545800
188,structure_11.bpseq,0.586443,-15.275620
188,structure_14.bpseq,0.565131,-24.140940
188,structure_19.bpseq,0.351578,-19.744740
188,structure_23.bpseq,0.524373,-22.932240
188,structure_29.bpseq,0.311689,-19.963340
188,structure_31.bpseq,0.553739,-17.195650
188,structure_44.bpseq,0.335601,-21.580440
188,structure_48.bpseq,0.586443,-22.362040
188,structure_52.bpseq,0.340977,-27.833640
188,structure_54.bpseq,0.351160,-29.199840
189,structure_10.bpseq,0.345673,-22.149940
189,structure_13.bpseq,0.310873,-17.929140
189,structure_16.bpseq,0.340427,-18.748840
189,structure_21.bpseq,0.318631,-19.707340
189,structure_27.bpseq,0.324728,-20.461640
189,structure_29.bpseq,0.328501,-17.851940
189,structure_32.bpseq,0.289299,-19.226140
189,structure_42.bpseq,0.309891,-22.118040
189,structure_49.bpseq,0.467119,-23.557040
189,structure_6.bpseq,0.488102,-15.389910
190,structure_1.bpseq,0.434482,-11.265350
190,structure_12.bpseq,0.486774,-14.542480
190,structure_20.bpseq,0.292174,-19.257990
190,structure_22.bpseq,0.417302,-13.987780
190,structure_3.bpseq,0.533150,-12.511910
190,structure_30.bpseq,0.433201,-15.360170
190,structure_33.bpseq,0.482295,-18.972300
190,structure_39.bpseq,0.438361,-19.025850
190,structure_6.bpseq,0.427781,-15.139790
190,structure_8.bpseq,0.406266,-15.098660
191,structure_11.bpseq,0.288140,-16.227320
191,structure_15.bpseq,0.315382,-15.444430
191,structure_22.bpseq,0.285114,-16.794070
191,structure_26.bpseq,0.318959,-17.144360
191,structure_32.bpseq,0.312346,-18.679470
191,structure_35.bpseq,0.318959,-17.106640
191,structure_39.bpseq,0.316626,-23.967500
191,structure_44.bpseq,0.329173,-16.563420
191,structure_46.bpseq,0.334236,-20.658660
191,structure_6.bpseq,0.319190,-17.649350
192,structure_1.bpseq,0.432657,-9.729306
192,structure_12.bpseq,0.464912,-14.540920
192,structure_16.bpseq,0.434582,-16.021370
192,structure_19.bpseq,0.328112,-13.557430
192,structure_22.bpseq,0.338856,-18.140410
192,structure_25.bpseq,0.342622,-15.134310
192,structure_27.bpseq,0.327977,-17.507080
192,structure_29.bpseq,0.339008,-20.861410
192,structure_3.bpseq,0.468211,-11.272860
192,structure_9.bpseq,0.459433,-12.046920
193,structure_10.bpseq,0.489941,-21.844300
193,structure_12.bpseq,0.313192,-18.203740
193,structure_15.bpseq,0.466084,-17.108170
193,structure_18.bpseq,0.325158,-22.658900
193,structure_20.bpseq,0.314060,-24.990200
193,structure_22.bpseq,0.469730,-19.572760
193,structure_24.bpseq,0.328112,-26.274000
193,structure_28.bpseq,0.335075,-29.609800
193,structure_5.bpseq,0.527259,-10.606103
193,structure_8.bpseq,0.497551,-17.410190
194,structure_1.bpseq,0.583525,-17.591550
194,structure_10.bpseq,0.541960,-13.637980
194,structure_13.bpseq,0.563991,-15.281490
194,structure_16.bpseq,0.558859,-20.439830
194,structure_19.bpseq,0.308117,-20.002330
194,structure_21.bpseq,0.643603,-17.958090
194,structure_24.bpseq,0.314741,-14.639460
194,structure_26.bpseq,0.528472,-22.206630
194,structure_28.bpseq,0.573783,-14.077830
194,structure_37.bpseq,0.316660,-19.452460
195,structure_11.bpseq,0.342357,-14.058950
195,structure_13.bpseq,0.453546,-18.923970
195,structure_17.bpseq,0.453546,-17.116100
195,structure_20.bpseq,0.550028,-17.139200
195,structure_24.bpseq,0.474452,-17.351080
195,structure_27.bpseq,0.508406,-19.918170
195,structure_29.bpseq,0.376909,-16.758690
195,structure_32.bpseq,0.318289,-25.251900
195,structure_37.bpseq,0.322482,-23.353100
195,structure_6.bpseq,0.460615,-14.419340
196,structure_12.bpseq,0.373945,-22.064090
196,structure_19.bpseq,0.307841,-14.804410
196,structure_23.bpseq,0.558267,-13.999340
196,structure_27.bpseq,0.730437,-18.848890
196,structure_3.bpseq,0.739666,-12.491930
196,structure_39.bpseq,0.357462,-20.508590
196,structure_44.bpseq,0.371081,-19.872190
196,structure_48.bpseq,0.320971,-25.560690
196,structure_52.bpseq,0.570930,-18.776790
196,structure_9.bpseq,0.531121,-18.090490
197,structure_11.bpseq,0.543836,-14.005640
197,structure_17.bpseq,0.547917,-21.232000
197,structure_19.bpseq,0.569225,-28.055000
197,structure_22.bpseq,0.536313,-20.796500
197,structure_27.bpseq,0.306230,-18.008570
197,structure_29.bpseq,0.345159,-18.364210
197,structure_3.bpseq,0.513929,-17.421090
197,structure_33.bpseq,0.348871,-21.140900
197,structure_37.bpseq,0.320716,-24.751400
197,structure_9.bpseq,0.526221,-17.168440
198,structure_10.bpseq,0.481348,-19.733530
198,structure_13.bpseq,0.605507,-17.778650
198,structure_16.bpseq,0.465835,-21.221000
198,structure_33.bpseq,0.563498,-15.593880
198,structure_38.bpseq,0.333333,-20.978810
198,structure_42.bpseq,0.650756,-26.118400
198,structure_46.bpseq,0.344133,-27.562000
198,structure_51.bpseq,0.481270,-26.922500
198,structure_63.bpseq,0.347596,-30.715000
198,structure_65.bpseq,0.363636,-33.660400
199,structure_19.bpseq,0.543075,-17.247800
199,structure_2.bpseq,0.543075,-8.620870
199,structure_25.bpseq,0.558234,-13.660720
199,structure_39.bpseq,0.349900,-19.269620
199,structure_41.bpseq,0.321042,-26.034000
199,structure_44.bpseq,0.326591,-24.592200
199,structure_47.bpseq,0.308259,-20.191640
199,structure_5.bpseq,0.556785,-15.434650
199,structure_50.bpseq,0.306782,-23.492700
199,structure_7.bpseq,0.558234,-14.341820
200,structure_11.bpseq,0.552673,-19.589100
200,structure_15.bpseq,0.517805,-16.958300
200,structure_33.bpseq,0.535876,-14.760300
200,structure_39.bpseq,0.419449,-19.267000
200,structure_47.bpseq,0.595758,-17.652100
200,structure_59.bpseq,0.356499,-23.155030
200,structure_61.bpseq,0.566109,-24.353930
200,structure_69.bpseq,0.508541,-24.076480
200,structure_75.bpseq,0.459360,-20.367800
200,structure_8.bpseq,0.607253,-9.925700
201,structure_17.bpseq,0.481457,-26.049370
201,structure_2.bpseq,0.531433,-16.381600
201,structure_22.bpseq,0.461973,-30.653030
201,structure_34.bpseq,0.515464,-22.341200
201,structure_37.bpseq,0.369799,-25.868620
201,structure_43.bpseq,0.388126,-27.056440
201,structure_48.bpseq,0.396319,-24.518220
201,structure_58.bpseq,0.267263,-29.347990
201,structure_62.bpseq,0.521199,-25.336630
201,structure_66.bpseq,0.377248,-30.287610
202,structure_12.bpseq,0.485926,-15.057110
202,structure_18.bpseq,0.512921,-16.956180
202,structure_20.bpseq,0.669901,-19.458570
202,structure_23.bpseq,0.572048,-19.100490
202,structure_26.bpseq,0.554824,-14.432500
202,structure_29.bpseq,0.439982,-13.984560
202,structure_3.bpseq,0.642895,-11.981460
202,structure_33.bpseq,0.574663,-18.571130
202,structure_6.bpseq,0.626796,-14.743090
202,structure_9.bpseq,0.537844,-16.809870
203,structure_11.bpseq,0.617613,-20.681680
203,structure_14.bpseq,0.559344,-18.060348
203,structure_16.bpseq,0.579986,-20.190760
203,structure_18.bpseq,0.496389,-18.209747
203,structure_2.bpseq,0.623542,-13.908840
203,structure_21.bpseq,0.498215,-19.751450
203,structure_27.bpseq,0.585483,-20.841780
203,structure_30.bpseq,0.533548,-23.660050
203,structure_6.bpseq,0.644537,-17.671318
203,structure_8.bpseq,0.765027,-16.406870
204,structure_12.bpseq,0.409726,-11.092260
204,structure_15.bpseq,0.505400,-14.086780
204,structure_19.bpseq,0.215351,-14.595060
204,structure_22.bpseq,0.552957,-15.162791
204,structure_25.bpseq,0.485199,-18.096960
204,structure_27.bpseq,0.759376,-11.383320
204,structure_33.bpseq,0.406611,-16.907013
204,structure_4.bpseq,0.395557,-9.778610
204,structure_6.bpseq,0.422851,-13.013600
204,structure_9.bpseq,0.519548,-15.756509
205,structure_10.bpseq,0.690596,-14.456580
205,structure_14.bpseq,0.698289,-10.991530
205,structure_18.bpseq,0.593013,-11.758450
205,structure_20.bpseq,0.446670,-17.023637
205,structure_24.bpseq,0.709237,-15.604790
205,structure_26.bpseq,0.716243,-20.563530
205,structure_28.bpseq,0.512064,-17.027463
205,structure_31.bpseq,0.614887,-20.922930
205,structure_33.bpseq,0.674455,-16.305750
205,structure_39.bpseq,0.438974,-22.001300
206,structure_1.bpseq,0.729709,-10.394670
206,structure_10.bpseq,0.583756,-15.166270
206,structure_12.bpseq,0.688617,-18.809320
206,structure_14.bpseq,0.284140,-13.945120
206,structure_21.bpseq,0.643348,-17.865170
206,structure_23.bpseq,0.543631,-17.535050
206,structure_29.bpseq,0.432773,-21.664720
206,structure_3.bpseq,0.651773,-13.042844
206,structure_34.bpseq,0.479015,-21.442820
206,structure_7.bpseq,0.547474,-14.726820
207,structure_1.bpseq,0.769793,-8.790570
207,structure_11.bpseq,0.610554,-13.366997
207,structure_13.bpseq,0.748485,-16.990550
207,structure_15.bpseq,0.472727,-15.227190
207,structure_17.bpseq,0.711769,-16.720730
207,structure_23.bpseq,0.666445,-17.212700
207,structure_29.bpseq,0.603459,-17.182150
207,structure_3.bpseq,0.690388,-12.017060
207,structure_6.bpseq,0.689701,-15.973000
207,structure_8.bpseq,0.594717,-16.960100
208,structure_1.bpseq,0.653017,-13.055620
208,structure_14.bpseq,0.538576,-14.306370
208,structure_17.bpseq,0.501022,-20.560620
208,structure_19.bpseq,0.393865,-25.965260
208,structure_25.bpseq,0.308341,-21.566280
208,structure_31.bpseq,0.382560,-25.935540
208,structure_4.bpseq,0.552142,-11.573670
208,structure_43.bpseq,0.362662,-33.471800
208,structure_45.bpseq,0.336558,-32.730600
208,structure_8.bpseq,0.433191,-28.612300
209,structure_12.bpseq,0.359416,-16.595040
209,structure_15.bpseq,0.775971,-10.532980
209,structure_20.bpseq,0.545709,-13.751295
209,structure_23.bpseq,0.492334,-12.801850
209,structure_26.bpseq,0.724936,-15.608710
209,structure_31.bpseq,0.538148,-16.331320
209,structure_33.bpseq,0.577302,-16.051350
209,structure_36.bpseq,0.276657,-20.750580
209,structure_41.bpseq,0.367072,-17.971330
209,structure_6.bpseq,0.523061,-10.527470
210,structure_12.bpseq,0.729330,-15.144269
210,structure_16.bpseq,0.645499,-14.539779
210,structure_18.bpseq,0.509425,-20.687200
210,structure_21.bpseq,0.652899,-15.685230
210,structure_27.bpseq,0.633267,-21.758610
210,structure_29.bpseq,0.498511,-25.401200
210,structure_3.bpseq,0.572803,-17.767080
210,structure_32.bpseq,0.290338,-22.434080
210,structure_7.bpseq,0.708862,-21.465490
210,structure_9.bpseq,0.685238,-16.777460
211,structure_1.bpseq,0.837730,-8.799150
211,structure_11.bpseq,0.730807,-13.159069
211,structure_13.bpseq,0.653349,-10.874820
211,structure_23.bpseq,0.568945,-13.956061
211,structure_26.bpseq,0.589943,-16.648540
211,structure_30.bpseq,0.752452,-16.857190
211,structure_37.bpseq,0.587500,-19.308600
211,structure_4.bpseq,0.705133,-9.622730
211,structure_42.bpseq,0.520796,-15.306440
211,structure_44.bpseq,0.673754,-20.057440
212,structure_10.bpseq,0.647525,-14.066700
212,structure_14.bpseq,0.544791,-19.175580
212,structure_17.bpseq,0.626584,-13.567900
212,structure_2.bpseq,0.622696,-8.642810
212,structure_22.bpseq,0.536277,-18.772860
212,structure_26.bpseq,0.506466,-22.063950
212,structure_32.bpseq,0.588320,-18.100320
212,structure_35.bpseq,0.579057,-22.100640
212,structure_37.bpseq,0.464420,-17.488960
212,structure_6.bpseq,0.566203,-11.922414
213,structure_14.bpseq,0.560858,-24.199440
213,structure_25.bpseq,0.626009,-19.601960
213,structure_29.bpseq,0.549747,-16.746650
213,structure_36.bpseq,0.301341,-31.374700
213,structure_45.bpseq,0.570837,-28.118220
213,structure_56.bpseq,0.560858,-31.365600
213,structure_61.bpseq,0.388193,-30.479460
213,structure_79.bpseq,0.521914,-26.894690
213,structure_85.bpseq,0.506122,-24.909670
213,structure_87.bpseq,0.465485,-20.363508
214,structure_13.bpseq,0.594932,-17.164670
214,structure_16.bpseq,0.484163,-21.487320
214,structure_20.bpseq,0.577188,-22.208700
214,structure_22.bpseq,0.471492,-20.801340
214,structure_28.bpseq,0.450453,-27.984200
214,structure_33.bpseq,0.227327,-22.855000
214,structure_36.bpseq,0.296071,-23.240500
214,structure_4.bpseq,0.577527,-16.492310
214,structure_6.bpseq,0.712779,-17.772440
214,structure_9.bpseq,0.550748,-16.833470
215,structure_15.bpseq,0.466758,-10.525450
215,structure_17.bpseq,0.650756,-16.322520
215,structure_19.bpseq,0.500000,-11.999044
215,structure_2.bpseq,0.777307,-9.882600
215,structure_22.bpseq,0.687918,-19.241560
215,structure_25.bpseq,0.712108,-18.163990
215,structure_28.bpseq,0.509194,-18.261530
215,structure_32.bpseq,0.451398,-22.096500
215,structure_34.bpseq,0.341324,-23.059000
215,structure_9.bpseq,0.687074,-15.657470
216,structure_16.bpseq,0.755806,-13.083960
216,structure_19.bpseq,0.629310,-14.635080
216,structure_2.bpseq,0.709768,-10.797130
216,structure_24.bpseq,0.505987,-14.835420
216,structure_27.bpseq,0.601427,-14.584440
216,structure_35.bpseq,0.580640,-17.696150
216,structure_37.bpseq,0.565536,-17.754370
216,structure_41.bpseq,0.571788,-19.202139
216,structure_48.bpseq,0.437329,-25.670830
216,structure_7.bpseq,0.471387,-10.124320
217,structure_11.bpseq,0.635751,-23.364000
217,structure_14.bpseq,0.628094,-18.751800
217,structure_19.bpseq,0.647750,-19.252210
217,structure_21.bpseq,0.594538,-15.877360
217,structure_29.bpseq,0.677692,-19.046860
217,structure_33.bpseq,0.527475,-20.737200
217,structure_37.bpseq,0.645582,-26.787400
217,structure_39.bpseq,0.605869,-21.065200
217,structure_6.bpseq,0.671746,-17.218630
217,structure_9.bpseq,0.499630,-17.817260
218,structure_1.bpseq,0.831134,-9.630580
218,structure_11.bpseq,0.674897,-13.431400
218,structure_13.bpseq,0.838673,-15.562640
218,structure_17.bpseq,0.745976,-16.216120
218,structure_19.bpseq,0.571563,-11.037030
218,structure_22.bpseq,0.772555,-18.366670
218,structure_3.bpseq,0.634704,-10.769420
218,structure_38.bpseq,0.694829,-22.034570
218,structure_5.bpseq,0.575872,-16.061750
218,structure_7.bpseq,0.642236,-18.326340
219,structure_11.bpseq,0.553474,-12.357170
219,structure_16.bpseq,0.641529,-13.977970
219,structure_19.bpseq,0.507435,-17.757780
219,structure_23.bpseq,0.698477,-17.641610
219,structure_26.bpseq,0.577152,-14.438470
219,structure_28.bpseq,0.613902,-17.520630
219,structure_31.bpseq,0.511637,-17.323590
219,structure_36.bpseq,0.540778,-25.997900
219,structure_4.bpseq,0.551053,-12.283340
219,structure_40.bpseq,0.235971,-29.532500
220,structure_1.bpseq,0.830854,-10.765150
220,structure_12.bpseq,0.548300,-12.827843
220,structure_14.bpseq,0.707350,-15.890560
220,structure_17.bpseq,0.598352,-15.804340
220,structure_20.bpseq,0.725097,-16.057080
220,structure_23.bpseq,0.596803,-15.798130
220,structure_27.bpseq,0.425296,-15.649440
220,structure_30.bpseq,0.567113,-19.330730
220,structure_33.bpseq,0.549624,-17.720530
220,structure_4.bpseq,0.461384,-9.727430
221,structure_12.bpseq,0.380392,-15.853820
221,structure_15.bpseq,0.379689,-19.351730
221,structure_17.bpseq,0.466185,-12.713300
221,structure_22.bpseq,0.494201,-15.461520
221,structure_27.bpseq,0.476166,-19.889430
221,structure_3.bpseq,0.394577,-14.397230
221,structure_30.bpseq,0.676628,-19.966430
221,structure_5.bpseq,0.648036,-15.598610
221,structure_7.bpseq,0.356001,-17.571350
221,structure_9.bpseq,0.499616,-13.998960
222,structure_1.bpseq,0.613662,-10.329020
222,structure_10.bpseq,0.508732,-18.067490
222,structure_12.bpseq,0.468027,-16.530470
222,structure_16.bpseq,0.561131,-15.539830
222,structure_18.bpseq,0.517782,-17.996440
222,structure_21.bpseq,0.410492,-11.883410
222,structure_24.bpseq,0.508732,-17.285820
222,structure_26.bpseq,0.417672,-16.391180
222,structure_35.bpseq,0.347300,-21.699220
222,structure_7.bpseq,0.520525,-12.188810
223,structure_10.bpseq,0.604828,-16.354630
223,structure_12.bpseq,0.701495,-13.809470
223,structure_14.bpseq,0.663151,-15.462140
223,structure_18.bpseq,0.728730,-13.207670
223,structure_23.bpseq,0.615850,-22.838080
223,structure_29.bpseq,0.567622,-16.667350
223,structure_32.bpseq,0.444530,-23.767680
223,structure_35.bpseq,0.587404,-16.144320
223,structure_40.bpseq,0.513213,-22.177080
223,structure_8.bpseq,0.527511,-12.877060
224,structure_12.bpseq,0.640705,-15.801720
224,structure_14.bpseq,0.595562,-16.435230
224,structure_17.bpseq,0.427172,-14.670590
224,structure_19.bpseq,0.663594,-13.428800
224,structure_26.bpseq,0.560416,-15.875640
224,structure_29.bpseq,0.542416,-20.017140
224,structure_3.bpseq,0.629026,-12.488180
224,structure_32.bpseq,0.411694,-20.835040
224,structure_34.bpseq,0.493509,-25.864840
224,structure_8.bpseq,0.534337,-13.732560
225,structure_11.bpseq,0.497799,-20.351880
225,structure_15.bpseq,0.389983,-14.901150
225,structure_19.bpseq,0.569338,-17.381620
225,structure_22.bpseq,0.428167,-19.020480
225,structure_25.bpseq,0.599836,-20.910580
225,structure_28.bpseq,0.387990,-20.555380
225,structure_32.bpseq,0.580616,-24.008780
225,structure_35.bpseq,0.556982,-19.669580
225,structure_37.bpseq,0.449778,-25.249980
225,structure_7.bpseq,0.669882,-15.799610
226,structure_11.bpseq,0.614957,-16.960030
226,structure_17.bpseq,0.490605,-27.031900
226,structure_2.bpseq,0.713917,-15.867260
226,structure_21.bpseq,0.443652,-21.641400
226,structure_24.bpseq,0.468615,-17.821320
226,structure_27.bpseq,0.314721,-19.668070
226,structure_31.bpseq,0.534336,-16.373220
226,structure_34.bpseq,0.342126,-27.056700
226,structure_45.bpseq,0.328924,-20.518060
226,structure_5.bpseq,0.579095,-12.845540
227,structure_1.bpseq,0.514535,-10.881400
227,structure_10.bpseq,0.304360,-13.570000
227,structure_15.bpseq,0.324421,-15.712400
227,structure_20.bpseq,0.415251,-16.401000
227,structure_3.bpseq,0.510599,-9.770700
227,structure_35.bpseq,0.540685,-25.827990
227,structure_37.bpseq,0.590987,-18.987900
227,structure_39.bpseq,0.291268,-24.781190
227,structure_5.bpseq,0.744667,-10.707200
227,structure_8.bpseq,0.664440,-11.703900
228,structure_14.bpseq,0.362104,-14.068060
228,structure_17.bpseq,0.599926,-13.136510
228,structure_19.bpseq,0.545394,-15.217860
228,structure_23.bpseq,0.563299,-16.859379
228,structure_25.bpseq,0.667887,-13.365890
228,structure_27.bpseq,0.383024,-11.508360
228,structure_29.bpseq,0.429614,-14.343610
228,structure_31.bpseq,0.473084,-15.144210
228,structure_35.bpseq,0.578679,-16.951323
228,structure_8.bpseq,0.589049,-17.931445
229,structure_20.bpseq,0.595971,-18.187620
229,structure_22.bpseq,0.647525,-12.659350
229,structure_24.bpseq,0.561862,-19.646447
229,structure_26.bpseq,0.442188,-21.932020
229,structure_29.bpseq,0.520404,-18.822920
229,structure_3.bpseq,0.762071,-10.084400
229,structure_32.bpseq,0.555145,-16.056420
229,structure_39.bpseq,0.325922,-25.417150
229,structure_5.bpseq,0.472580,-16.936470
229,structure_9.bpseq,0.670310,-13.465860
230,structure_15.bpseq,0.681646,-11.481070
230,structure_19.bpseq,0.339070,-16.299650
230,structure_25.bpseq,0.723185,-16.454510
230,structure_28.bpseq,0.647570,-12.555550
230,structure_3.bpseq,0.805687,-11.425430
230,structure_34.bpseq,0.610921,-21.175860
230,structure_36.bpseq,0.613095,-19.662880
230,structure_38.bpseq,0.493612,-18.913930
230,structure_6.bpseq,0.584708,-14.995879
230,structure_9.bpseq,0.484122,-11.459900
231,structure_13.bpseq,0.550118,-13.738230
231,structure_17.bpseq,0.617110,-20.719000
231,structure_19.bpseq,0.481007,-15.469807
231,structure_23.bpseq,0.163310,-19.792770
231,structure_25.bpseq,0.334627,-21.358740
231,structure_27.bpseq,0.218728,-19.626280
231,structure_31.bpseq,0.481222,-18.709500
231,structure_4.bpseq,0.557003,-11.356410
231,structure_6.bpseq,0.557003,-14.319060
231,structure_9.bpseq,0.442554,-12.224400
232,structure_13.bpseq,0.458289,-14.662120
232,structure_15.bpseq,0.572280,-16.133520
232,structure_18.bpseq,0.593534,-14.257950
232,structure_23.bpseq,0.559761,-15.411250
232,structure_3.bpseq,0.638547,-13.551840
232,structure_35.bpseq,0.401096,-18.577072
232,structure_37.bpseq,0.526997,-16.484580
232,structure_41.bpseq,0.588313,-18.192429
232,structure_7.bpseq,0.641138,-14.869960
232,structure_9.bpseq,0.657217,-15.563830
233,structure_10.bpseq,0.548971,-20.989110
233,structure_12.bpseq,0.389060,-12.093460
233,structure_15.bpseq,0.424714,-14.682869
233,structure_19.bpseq,0.244623,-14.817310
233,structure_2.bpseq,0.529942,-9.742540
233,structure_23.bpseq,0.563924,-15.879350
233,structure_26.bpseq,0.421474,-17.668020
233,structure_28.bpseq,0.439304,-16.523820
233,structure_30.bpseq,0.412459,-20.906380
233,structure_5.bpseq,0.515343,-12.940720
234,structure_14.bpseq,0.668035,-9.837900
234,structure_16.bpseq,0.560131,-16.011790
234,structure_21.bpseq,0.586683,-13.390190
234,structure_24.bpseq,0.658170,-16.479610
234,structure_3.bpseq,0.550024,-13.066450
234,structure_30.bpseq,0.468182,-17.824300
234,structure_34.bpseq,0.392446,-15.018350
234,structure_36.bpseq,0.438861,-14.779240
234,structure_38.bpseq,0.492420,-20.433880
234,structure_7.bpseq,0.523465,-13.973450
235,structure_1.bpseq,0.805526,-11.208530
235,structure_11.bpseq,0.670068,-14.179780
235,structure_13.bpseq,0.581098,-14.105390
235,structure_15.bpseq,0.498239,-12.367580
235,structure_17.bpseq,0.657534,-13.789490
235,structure_19.bpseq,0.545183,-14.493410
235,structure_24.bpseq,0.480769,-15.256250
235,structure_4.bpseq,0.579625,-11.494410
235,structure_7.bpseq,0.711787,-14.322440
235,structure_9.bpseq,0.701702,-13.357950
236,structure_16.bpseq,0.376050,-14.942530
236,structure_22.bpseq,0.527693,-23.270600
236,structure_24.bpseq,0.278710,-20.044960
236,structure_29.bpseq,0.558234,-17.962250
236,structure_3.bpseq,0.505182,-16.622850
236,structure_31.bpseq,0.292806,-18.118200
236,structure_33.bpseq,0.586413,-21.883300
236,structure_35.bpseq,0.322367,-21.287400
236,structure_43.bpseq,0.573671,-19.879980
236,structure_45.bpseq,0.622330,-25.089000
237,structure_1.bpseq,0.920949,-6.045000
237,structure_14.bpseq,0.664498,-13.985600
237,structure_16.bpseq,0.423285,-17.776350
237,structure_23.bpseq,0.709605,-13.903770
237,structure_27.bpseq,0.705903,-14.939800
237,structure_3.bpseq,0.869316,-11.524870
237,structure_36.bpseq,0.407639,-26.626260
237,structure_39.bpseq,0.461161,-20.569260
237,structure_5.bpseq,0.721270,-10.482492
237,structure_7.bpseq,0.650197,-13.534030
238,structure_10.bpseq,0.595854,-12.256420
238,structure_14.bpseq,0.699120,-11.736600
238,structure_17.bpseq,0.526170,-19.989720
238,structure_20.bpseq,0.253996,-22.271220
238,structure_28.bpseq,0.222840,-26.700020
238,structure_3.bpseq,0.525562,-9.080182
238,structure_30.bpseq,0.506431,-14.092240
238,structure_36.bpseq,0.270954,-24.114420
238,structure_38.bpseq,0.258696,-26.787520
238,structure_5.bpseq,0.755976,-10.156044
239,structure_1.bpseq,0.861158,-8.779860
239,structure_21.bpseq,0.748578,-11.690660
239,structure_24.bpseq,0.508235,-19.677290
239,structure_26.bpseq,0.256037,-20.391690
239,structure_31.bpseq,0.204859,-22.407790
239,structure_34.bpseq,0.396820,-17.354220
239,structure_39.bpseq,0.557274,-21.256590
239,structure_4.bpseq,0.808243,-13.610710
239,structure_43.bpseq,0.246263,-21.635490
239,structure_9.bpseq,0.526270,-13.091060
240,structure_1.bpseq,0.626061,-11.844130
240,structure_16.bpseq,0.502723,-14.771950
240,structure_18.bpseq,0.645204,-19.027330
240,structure_26.bpseq,0.274002,-17.063330
240,structure_32.bpseq,0.495393,-13.130750
240,structure_39.bpseq,0.254915,-19.187830
240,structure_41.bpseq,0.295049,-20.211730
240,structure_46.bpseq,0.271939,-20.139230
240,structure_5.bpseq,0.502320,-6.968375
240,structure_9.bpseq,0.390891,-13.375890
241,structure_11.bpseq,0.644594,-16.572010
241,structure_15.bpseq,0.528808,-18.976020
241,structure_18.bpseq,0.495022,-16.734700
241,structure_2.bpseq,0.880094,-7.306580
241,structure_20.bpseq,0.710881,-8.481720
241,structure_28.bpseq,0.531397,-16.797470
241,structure_30.bpseq,0.282521,-17.813490
241,structure_33.bpseq,0.274653,-23.940400
241,structure_7.bpseq,0.764438,-14.482810
241,structure_9.bpseq,0.697589,-10.845480
242,structure_14.bpseq,0.657981,-16.352510
242,structure_17.bpseq,0.532814,-16.425010
242,structure_2.bpseq,0.826742,-11.436860
242,structure_21.bpseq,0.547765,-18.581530
242,structure_24.bpseq,0.522765,-18.294630
242,structure_26.bpseq,0.625740,-15.655000
242,structure_29.bpseq,0.510503,-15.477790
242,structure_35.bpseq,0.553777,-21.414830
242,structure_6.bpseq,0.498323,-12.966940
242,structure_9.bpseq,0.544970,-13.091520
243,structure_10.bpseq,0.585435,-14.442140
243,structure_14.bpseq,0.681572,-15.293520
243,structure_17.bpseq,0.506032,-16.399410
243,structure_21.bpseq,0.463495,-11.843670
243,structure_27.bpseq,0.758261,-13.873340
243,structure_31.bpseq,0.479801,-14.864650
243,structure_34.bpseq,0.432770,-20.608800
243,structure_36.bpseq,0.444931,-16.033770
243,structure_38.bpseq,0.500000,-13.614670
243,structure_42.bpseq,0.395998,-20.672000
244,structure_1.bpseq,0.827935,-9.188000
244,structure_11.bpseq,0.469431,-16.482750
244,structure_25.bpseq,0.633512,-17.086450
244,structure_29.bpseq,0.549313,-14.558910
244,structure_31.bpseq,0.560669,-15.990300
244,structure_34.bpseq,0.256209,-18.961100
244,structure_37.bpseq,0.549313,-20.440700
244,structure_41.bpseq,0.598123,-18.550530
244,structure_7.bpseq,0.677261,-11.968580
244,structure_9.bpseq,0.702921,-9.142860
245,structure_1.bpseq,0.792154,-5.857260
245,structure_17.bpseq,0.735378,-10.967700
245,structure_21.bpseq,0.386067,-18.571070
245,structure_24.bpseq,0.402998,-18.023880
245,structure_28.bpseq,0.435258,-11.256580
245,structure_32.bpseq,0.395998,-16.482840
245,structure_36.bpseq,0.462086,-16.107090
245,structure_5.bpseq,0.606672,-11.472400
245,structure_7.bpseq,0.744511,-10.582690
245,structure_9.bpseq,0.610940,-11.217060
246,structure_11.bpseq,0.677513,-8.519560
246,structure_13.bpseq,0.639651,-15.947390
246,structure_15.bpseq,0.676350,-14.835760
246,structure_20.bpseq,0.577526,-14.331570
246,structure_23.bpseq,0.843904,-12.003040
246,structure_30.bpseq,0.430542,-18.231530
246,structure_32.bpseq,0.428730,-14.815920
246,structure_34.bpseq,0.298181,-18.518730
246,structure_40.bpseq,0.480088,-20.617130
246,structure_8.bpseq,0.417443,-10.945220
247,structure_11.bpseq,0.439603,-16.532500
247,structure_15.bpseq,0.662762,-12.099480
247,structure_20.bpseq,0.681572,-12.734430
247,structure_22.bpseq,0.493968,-14.926650
247,structure_25.bpseq,0.673251,-14.210070
247,structure_3.bpseq,0.638675,-11.535140
247,structure_33.bpseq,0.493190,-17.787210
247,structure_36.bpseq,0.450218,-15.217860
247,structure_46.bpseq,0.540234,-18.362740
247,structure_5.bpseq,0.675693,-11.846510
248,structure_15.bpseq,0.666667,-13.192110
248,structure_2.bpseq,0.796304,-8.711750
248,structure_20.bpseq,0.483235,-16.821490
248,structure_24.bpseq,0.636739,-14.852200
248,structure_26.bpseq,0.701158,-13.162460
248,structure_29.bpseq,0.622064,-17.668400
248,structure_32.bpseq,0.545460,-16.912500
248,structure_36.bpseq,0.516343,-19.897990
248,structure_39.bpseq,0.473822,-16.006670
248,structure_4.bpseq,0.798180,-10.891781
249,structure_11.bpseq,0.534552,-14.211790
249,structure_19.bpseq,0.414010,-19.369980
249,structure_2.bpseq,0.513243,-10.512470
249,structure_21.bpseq,0.434425,-13.098692
249,structure_27.bpseq,0.603963,-20.357820
249,structure_34.bpseq,0.344137,-21.546450
249,structure_37.bpseq,0.433619,-27.793300
249,structure_4.bpseq,0.358356,-17.608160
249,structure_6.bpseq,0.538240,-15.151350
249,structure_8.bpseq,0.794569,-11.780158
250,structure_1.bpseq,0.767653,-7.626800
250,structure_17.bpseq,0.560444,-15.088050
250,structure_24.bpseq,0.436765,-24.096690
250,structure_28.bpseq,0.539768,-16.134390
250,structure_3.bpseq,0.781544,-9.283168
250,structure_32.bpseq,0.505439,-24.002190
250,structure_34.bpseq,0.542618,-16.077950
250,structure_38.bpseq,0.712097,-12.265890
250,structure_40.bpseq,0.408838,-20.243190
250,structure_42.bpseq,0.551591,-17.095440
251,structure_11.bpseq,0.665495,-15.664544
251,structure_13.bpseq,0.688934,-14.770000
251,structure_15.bpseq,0.558824,-13.636910
251,structure_19.bpseq,0.685223,-14.922070
251,structure_2.bpseq,0.882593,-5.005400
251,structure_23.bpseq,0.563235,-20.531420
251,structure_26.bpseq,0.426763,-24.597040
251,structure_5.bpseq,0.899850,-6.793520
251,structure_7.bpseq,0.688934,-10.912730
251,structure_9.bpseq,0.706414,-13.663290
252,structure_1.bpseq,0.621857,-9.316480
252,structure_12.bpseq,0.397615,-17.626920
252,structure_16.bpseq,0.630970,-14.732860
252,structure_18.bpseq,0.459428,-18.814820
252,structure_23.bpseq,0.505302,-19.897120
252,structure_27.bpseq,0.477589,-16.162550
252,structure_38.bpseq,0.278257,-22.185020
252,structure_42.bpseq,0.355072,-26.360020
252,structure_7.bpseq,0.505302,-14.623240
252,structure_9.bpseq,0.440817,-14.588510
253,structure_10.bpseq,0.853306,-8.811927
253,structure_16.bpseq,0.698181,-15.521400
253,structure_2.bpseq,0.816810,-7.112510
253,structure_22.bpseq,0.500000,-15.407680
253,structure_24.bpseq,0.495311,-17.233200
253,structure_26.bpseq,0.680435,-10.584010
253,structure_31.bpseq,0.423692,-21.415350
253,structure_33.bpseq,0.448566,-18.421430
253,structure_35.bpseq,0.551591,-15.344700
253,structure_4.bpseq,0.653970,-8.540104
254,structure_1.bpseq,0.827019,-6.867140
254,structure_10.bpseq,0.500420,-15.083030
254,structure_13.bpseq,0.671396,-14.407150
254,structure_17.bpseq,0.623443,-16.207400
254,structure_19.bpseq,0.630357,-15.299570
254,structure_22.bpseq,0.439474,-17.009950
254,structure_25.bpseq,0.465854,-14.721170
254,structure_31.bpseq,0.453920,-22.956000
254,structure_35.bpseq,0.422098,-22.074400
254,structure_37.bpseq,0.481953,-26.475500
255,structure_1.bpseq,0.662255,-9.818490
255,structure_14.bpseq,0.794745,-10.700520
255,structure_19.bpseq,0.274033,-15.772860
255,structure_22.bpseq,0.438732,-18.575270
255,structure_24.bpseq,0.416811,-21.549470
255,structure_26.bpseq,0.400829,-17.362060
255,structure_30.bpseq,0.254915,-19.941170
255,structure_33.bpseq,0.226732,-20.855770
255,structure_5.bpseq,0.444905,-13.785500
255,structure_8.bpseq,0.421164,-19.207770
256,structure_13.bpseq,0.404557,-13.859640
256,structure_16.bpseq,0.265420,-13.347560
256,structure_18.bpseq,0.562251,-13.611430
256,structure_20.bpseq,0.438234,-19.218120
256,structure_23.bpseq,0.491573,-18.152940
256,structure_26.bpseq,0.545644,-15.932280
256,structure_30.bpseq,0.539005,-13.840660
256,structure_34.bpseq,0.460672,-21.003420
256,structure_4.bpseq,0.653252,-15.366060
256,structure_41.bpseq,0.290226,-18.088970
257,structure_1.bpseq,0.864923,-7.523600
257,structure_11.bpseq,0.527609,-15.688560
257,structure_14.bpseq,0.630877,-15.540700
257,structure_20.bpseq,0.624267,-17.624180
257,structure_23.bpseq,0.573858,-22.035930
257,structure_26.bpseq,0.470038,-20.387230
257,structure_36.bpseq,0.441919,-20.525730
257,structure_40.bpseq,0.554028,-18.958030
257,structure_5.bpseq,0.900940,-7.599070
257,structure_9.bpseq,0.847841,-10.816280
258,structure_17.bpseq,0.249509,-15.982360
258,structure_19.bpseq,0.437944,-17.336890
258,structure_21.bpseq,0.324219,-14.403050
258,structure_25.bpseq,0.289476,-21.622030
258,structure_28.bpseq,0.589514,-16.546230
258,structure_3.bpseq,0.679373,-9.090096
258,structure_32.bpseq,0.450589,-14.812290
258,structure_38.bpseq,0.283494,-20.768830
258,structure_40.bpseq,0.433383,-21.375930
258,structure_42.bpseq,0.478810,-19.546630
259,structure_1.bpseq,0.882553,-7.846200
259,structure_10.bpseq,0.530299,-10.716490
259,structure_12.bpseq,0.390111,-18.279200
259,structure_14.bpseq,0.727145,-17.008830
259,structure_19.bpseq,0.461542,-21.390230
259,structure_25.bpseq,0.408838,-18.270060
259,structure_27.bpseq,0.461542,-19.284914
259,structure_3.bpseq,0.910588,-7.798300
259,structure_6.bpseq,0.414356,-17.059700
259,structure_8.bpseq,0.516765,-10.208540
260,structure_1.bpseq,0.795324,-6.526460
260,structure_12.bpseq,0.481877,-16.925420
260,structure_15.bpseq,0.458034,-17.832470
260,structure_18.bpseq,0.234946,-18.370590
260,structure_23.bpseq,0.652799,-18.380880
260,structure_27.bpseq,0.528607,-17.625230
260,structure_32.bpseq,0.482836,-18.000760
260,structure_4.bpseq,0.716281,-12.208391
260,structure_7.bpseq,0.904521,-11.377030
260,structure_9.bpseq,0.643295,-17.075860
261,structure_16.bpseq,0.689656,-14.593260
261,structure_19.bpseq,0.500467,-17.914980
261,structure_24.bpseq,0.489317,-18.031780
261,structure_26.bpseq,0.171549,-21.048280
261,structure_3.bpseq,0.835846,-6.964793
261,structure_31.bpseq,0.472136,-17.590680
261,structure_33.bpseq,0.223605,-27.000280
261,structure_39.bpseq,0.270954,-26.182780
261,structure_5.bpseq,0.768492,-6.791741
261,structure_7.bpseq,0.877724,-11.187750
262,structure_13.bpseq,0.766249,-12.596810
262,structure_20.bpseq,0.623512,-12.223130
262,structure_23.bpseq,0.637190,-13.791620
262,structure_27.bpseq,0.366274,-15.143100
262,structure_3.bpseq,0.598758,-10.506620
262,structure_30.bpseq,0.468014,-14.739100
262,structure_33.bpseq,0.615929,-17.770290
262,structure_39.bpseq,0.613212,-17.618190
262,structure_42.bpseq,0.605342,-15.912480
262,structure_44.bpseq,0.468665,-23.331690
263,structure_11.bpseq,0.593722,-11.610680
263,structure_15.bpseq,0.471764,-14.147760
263,structure_18.bpseq,0.439603,-16.238200
263,structure_2.bpseq,0.606672,-11.789580
263,structure_20.bpseq,0.255485,-18.341680
263,structure_28.bpseq,0.451835,-18.422630
263,structure_30.bpseq,0.506205,-16.831280
263,structure_32.bpseq,0.579723,-13.567090
263,structure_4.bpseq,0.882593,-5.073120
263,structure_6.bpseq,0.650423,-13.730490
264,structure_1.bpseq,0.666133,-6.864490
264,structure_19.bpseq,0.650269,-13.435490
264,structure_22.bpseq,0.454013,-16.885230
264,structure_24.bpseq,0.617367,-15.287340
264,structure_28.bpseq,0.246185,-18.478890
264,structure_32.bpseq,0.430662,-18.444850
264,structure_4.bpseq,0.651394,-9.548870
264,structure_40.bpseq,0.441885,-17.058910
264,structure_43.bpseq,0.511584,-27.949300
264,structure_8.bpseq,0.636672,-12.019520
265,structure_1.bpseq,0.783917,-10.207100
265,structure_19.bpseq,0.469647,-17.077130
265,structure_25.bpseq,0.430662,-18.807590
265,structure_28.bpseq,0.251854,-25.625290
265,structure_3.bpseq,0.847841,-7.057780
265,structure_33.bpseq,0.636739,-19.693590
265,structure_36.bpseq,0.450640,-25.319490
265,structure_43.bpseq,0.415485,-24.185090
265,structure_5.bpseq,0.600573,-12.533640
265,structure_9.bpseq,0.882593,-10.014220
266,structure_10.bpseq,0.445315,-12.086280
266,structure_13.bpseq,0.262071,-8.225166
266,structure_15.bpseq,0.475860,-16.260810
266,structure_30.bpseq,0.282593,-20.171440
266,structure_32.bpseq,0.441885,-16.384880
266,structure_35.bpseq,0.453775,-18.886140
266,structure_38.bpseq,0.464381,-20.138040
266,structure_41.bpseq,0.369431,-13.755590
266,structure_44.bpseq,0.403086,-19.171640
266,structure_5.bpseq,0.520291,-10.405830
267,structure_10.bpseq,0.720707,-9.862450
267,structure_12.bpseq,0.707097,-12.171160
267,structure_17.bpseq,0.474824,-11.114880
267,structure_19.bpseq,0.694483,-12.199150
267,structure_21.bpseq,0.478752,-10.727000
267,structure_3.bpseq,0.827680,-11.238090
267,structure_34.bpseq,0.685037,-9.196310
267,structure_42.bpseq,0.445315,-16.978530
267,structure_45.bpseq,0.443416,-16.364430
267,structure_47.bpseq,0.685037,-13.120810
268,structure_10.bpseq,0.920977,-9.651014
268,structure_13.bpseq,0.777278,-10.419499
268,structure_15.bpseq,0.692224,-15.284840
268,structure_18.bpseq,0.303865,-12.284100
268,structure_25.bpseq,0.750000,-14.641240
268,structure_28.bpseq,0.540632,-13.368860
268,structure_3.bpseq,0.728153,-11.944720
268,structure_30.bpseq,0.312540,-18.467060
268,structure_5.bpseq,0.761444,-10.696379
268,structure_8.bpseq,0.746762,-15.289480
269,structure_10.bpseq,0.494561,-15.049580
269,structure_14.bpseq,0.645565,-13.798800
269,structure_19.bpseq,0.564695,-13.394620
269,structure_23.bpseq,0.474500,-15.332260
269,structure_25.bpseq,0.505439,-19.833890
269,structure_28.bpseq,0.229969,-22.965690
269,structure_3.bpseq,0.483014,-14.233840
269,structure_31.bpseq,0.484287,-18.500190
269,structure_34.bpseq,0.283302,-17.096270
269,structure_37.bpseq,0.486149,-17.282520
270,structure_10.bpseq,0.922857,-10.562800
270,structure_13.bpseq,0.498323,-14.777540
270,structure_17.bpseq,0.756005,-11.791360
270,structure_22.bpseq,0.484560,-16.737850
270,structure_31.bpseq,0.498323,-16.827040
270,structure_33.bpseq,0.463028,-17.178700
270,structure_35.bpseq,0.493854,-18.417100
270,structure_4.bpseq,0.922857,-8.735410
270,structure_40.bpseq,0.557339,-15.971700
270,structure_8.bpseq,0.531364,-11.717220
271,structure_11.bpseq,0.610762,-12.521500
271,structure_13.bpseq,0.223358,-14.751910
271,structure_15.bpseq,0.458034,-13.709710
271,structure_19.bpseq,0.448852,-15.145600
271,structure_26.bpseq,0.625000,-16.137150
271,structure_32.bpseq,0.280735,-15.230260
271,structure_36.bpseq,0.649857,-15.983720
271,structure_41.bpseq,0.271625,-19.114560
271,structure_5.bpseq,0.449627,-12.756400
271,structure_8.bpseq,0.684467,-14.014670
272,structure_11.bpseq,0.831270,-13.135720
272,structure_17.bpseq,0.490841,-17.528510
272,structure_19.bpseq,0.501714,-12.524510
272,structure_21.bpseq,0.555141,-15.231880
272,structure_29.bpseq,0.490841,-17.645410
272,structure_31.bpseq,0.497464,-19.671110
272,structure_34.bpseq,0.255485,-22.248710
272,structure_38.bpseq,0.280735,-22.503310
272,structure_6.bpseq,0.458441,-18.620210
272,structure_9.bpseq,0.495037,-17.709710
273,structure_12.bpseq,0.655944,-15.663460
273,structure_14.bpseq,0.758282,-10.072920
273,structure_16.bpseq,0.553370,-14.449170
273,structure_2.bpseq,0.695047,-12.748570
273,structure_25.bpseq,0.574648,-16.786270
273,structure_33.bpseq,0.717828,-15.299790
273,structure_4.bpseq,0.697950,-11.019410
273,structure_41.bpseq,0.744745,-15.308490
273,structure_43.bpseq,0.517459,-22.960770
273,structure_8.bpseq,0.574648,-15.031880
274,structure_11.bpseq,0.656566,-12.977560
274,structure_13.bpseq,0.688934,-14.908090
274,structure_15.bpseq,0.596194,-12.066700
274,structure_22.bpseq,0.649786,-16.555440
274,structure_24.bpseq,0.466933,-18.776740
274,structure_27.bpseq,0.562137,-11.220000
274,structure_32.bpseq,0.518325,-17.263140
274,structure_35.bpseq,0.488814,-19.019440
274,structure_38.bpseq,0.608571,-17.957440
274,structure_5.bpseq,0.823976,-9.435570
275,structure_18.bpseq,0.483655,-18.026840
275,structure_21.bpseq,0.437421,-14.850190
275,structure_23.bpseq,0.660691,-16.296180
275,structure_26.bpseq,0.445361,-20.613420
275,structure_3.bpseq,0.778037,-8.560757
275,structure_30.bpseq,0.496059,-13.196210
275,structure_32.bpseq,0.506287,-21.057420
275,structure_36.bpseq,0.412916,-27.613320
275,structure_44.bpseq,0.355583,-25.651120
275,structure_6.bpseq,0.638675,-15.840970
276,structure_1.bpseq,0.854918,-5.352160
276,structure_14.bpseq,0.724850,-16.381670
276,structure_16.bpseq,0.681959,-13.529540
276,structure_20.bpseq,0.696686,-11.991010
276,structure_26.bpseq,0.517139,-19.580760
276,structure_29.bpseq,0.297339,-16.418700
276,structure_33.bpseq,0.538788,-18.826240
276,structure_41.bpseq,0.497528,-21.426380
276,structure_44.bpseq,0.555996,-17.353540
276,structure_5.bpseq,0.794628,-10.028380
277,structure_1.bpseq,0.781594,-8.132995
277,structure_14.bpseq,0.528808,-13.542260
277,structure_16.bpseq,0.517459,-15.567260
277,structure_19.bpseq,0.412691,-14.181370
277,structure_23.bpseq,0.638547,-11.026040
277,structure_27.bpseq,0.684588,-10.879780
277,structure_33.bpseq,0.472309,-16.183540
277,structure_35.bpseq,0.548891,-16.723890
277,structure_39.bpseq,0.404557,-23.576940
277,structure_8.bpseq,0.497238,-17.804640
278,structure_11.bpseq,0.487961,-14.245920
278,structure_18.bpseq,0.640674,-18.031350
278,structure_24.bpseq,0.596049,-11.572750
278,structure_28.bpseq,0.559328,-12.550660
278,structure_3.bpseq,0.711380,-6.073910
278,structure_30.bpseq,0.523775,-19.314520
278,structure_33.bpseq,0.456953,-12.905450
278,structure_37.bpseq,0.531250,-16.542360
278,structure_39.bpseq,0.561383,-18.519640
278,structure_9.bpseq,0.626988,-14.208170
279,structure_10.bpseq,0.410951,-15.832140
279,structure_12.bpseq,0.447821,-12.447460
279,structure_17.bpseq,0.276596,-22.318590
279,structure_24.bpseq,0.463737,-12.642910
279,structure_26.bpseq,0.398515,-19.449890
279,structure_28.bpseq,0.506455,-16.981990
279,structure_3.bpseq,0.595531,-16.711890
279,structure_34.bpseq,0.428877,-16.871390
279,structure_36.bpseq,0.278659,-17.443990
279,structure_6.bpseq,0.288207,-16.406690
280,structure_10.bpseq,0.484809,-16.930080
280,structure_13.bpseq,0.583151,-16.363580
280,structure_17.bpseq,0.437863,-15.403320
280,structure_24.bpseq,0.620168,-15.615180
280,structure_32.bpseq,0.504182,-17.376480
280,structure_35.bpseq,0.283183,-19.812880
280,structure_37.bpseq,0.573858,-20.065180
280,structure_39.bpseq,0.429318,-17.795280
280,structure_43.bpseq,0.246263,-21.714280
280,structure_8.bpseq,0.573704,-13.510050
281,structure_11.bpseq,0.540555,-17.202270
281,structure_16.bpseq,0.614595,-17.446670
281,structure_20.bpseq,0.378256,-19.139470
281,structure_27.bpseq,0.571348,-22.145870
281,structure_32.bpseq,0.448291,-21.575170
281,structure_34.bpseq,0.366485,-15.286160
281,structure_39.bpseq,0.491809,-18.764770
281,structure_41.bpseq,0.429428,-14.191860
281,structure_43.bpseq,0.547600,-15.677070
281,structure_5.bpseq,0.784805,-12.178700
282,structure_11.bpseq,0.579655,-11.918050
282,structure_17.bpseq,0.510763,-12.322220
282,structure_19.bpseq,0.500000,-15.315370
282,structure_22.bpseq,0.454506,-17.018970
282,structure_24.bpseq,0.702605,-12.570190
282,structure_26.bpseq,0.727548,-11.662420
282,structure_32.bpseq,0.281002,-20.468970
282,structure_35.bpseq,0.267140,-17.997570
282,structure_4.bpseq,0.802989,-14.513560
282,structure_8.bpseq,0.522014,-13.786780
283,structure_10.bpseq,0.525025,-8.973850
283,structure_15.bpseq,0.306178,-16.091370
283,structure_19.bpseq,0.262931,-22.090080
283,structure_24.bpseq,0.550540,-12.980020
283,structure_26.bpseq,0.592869,-14.359680
283,structure_29.bpseq,0.278399,-20.531080
283,structure_3.bpseq,0.570393,-11.278310
283,structure_33.bpseq,0.476362,-13.429330
283,structure_35.bpseq,0.305977,-18.323980
283,structure_7.bpseq,0.328330,-14.209930
284,structure_10.bpseq,0.680846,-12.554420
284,structure_13.bpseq,0.546829,-15.041980
284,structure_15.bpseq,0.522798,-18.401090
284,structure_18.bpseq,0.511584,-20.429380
284,structure_25.bpseq,0.661799,-18.523080
284,structure_33.bpseq,0.600422,-12.938570
284,structure_36.bpseq,0.592983,-15.521150
284,structure_4.bpseq,0.670517,-11.889000
284,structure_42.bpseq,0.287280,-23.660180
284,structure_8.bpseq,0.677072,-15.492710
285,structure_17.bpseq,0.232605,-15.454120
285,structure_2.bpseq,0.904521,-7.288645
285,structure_24.bpseq,0.496576,-12.448360
285,structure_27.bpseq,0.539768,-12.337430
285,structure_31.bpseq,0.481419,-20.303250
285,structure_34.bpseq,0.532129,-17.248850
285,structure_37.bpseq,0.532129,-18.938150
285,structure_4.bpseq,0.671823,-12.458970
285,structure_40.bpseq,0.484809,-27.091150
285,structure_9.bpseq,0.195710,-15.127550
286,structure_10.bpseq,0.458414,-18.017250
286,structure_13.bpseq,0.470326,-20.007750
286,structure_16.bpseq,0.688231,-10.702310
286,structure_19.bpseq,0.264298,-25.945750
286,structure_21.bpseq,0.267027,-21.821250
286,structure_26.bpseq,0.303040,-17.090750
286,structure_28.bpseq,0.493545,-23.681450
286,structure_30.bpseq,0.529208,-18.660950
286,structure_5.bpseq,0.254560,-22.276350
286,structure_7.bpseq,0.852344,-14.740080
287,structure_11.bpseq,0.604514,-13.351880
287,structure_14.bpseq,0.631623,-11.602930
287,structure_2.bpseq,0.780434,-15.946170
287,structure_24.bpseq,0.473312,-15.338420
287,structure_27.bpseq,0.250479,-20.381450
287,structure_35.bpseq,0.464701,-21.090450
287,structure_37.bpseq,0.436781,-19.103450
287,structure_41.bpseq,0.365097,-21.479550
287,structure_44.bpseq,0.246598,-23.924250
287,structure_9.bpseq,0.615045,-15.014130
288,structure_10.bpseq,0.636119,-10.784140
288,structure_15.bpseq,0.424685,-13.666760
288,structure_19.bpseq,0.682812,-13.267540
288,structure_22.bpseq,0.645228,-13.652970
288,structure_24.bpseq,0.580637,-14.488340
288,structure_26.bpseq,0.433759,-15.603640
288,structure_32.bpseq,0.441880,-14.703810
288,structure_34.bpseq,0.481371,-16.859970
288,structure_36.bpseq,0.483290,-19.771170
288,structure_4.bpseq,0.646918,-11.197100
289,structure_1.bpseq,0.755683,-14.828740
289,structure_14.bpseq,0.467186,-16.685790
289,structure_24.bpseq,0.265624,-13.583950
289,structure_27.bpseq,0.520795,-20.838490
289,structure_31.bpseq,0.313499,-15.890320
289,structure_33.bpseq,0.570718,-12.116640
289,structure_35.bpseq,0.538158,-17.875690
289,structure_38.bpseq,0.766523,-13.678460
289,structure_5.bpseq,0.289745,-13.238990
289,structure_7.bpseq,0.502262,-11.264720
290,structure_11.bpseq,0.460716,-19.637550
290,structure_13.bpseq,0.399953,-17.475370
290,structure_16.bpseq,0.666956,-16.878400
290,structure_18.bpseq,0.429633,-14.331790
290,structure_2.bpseq,0.833073,-7.777750
290,structure_20.bpseq,0.677915,-13.805740
290,structure_26.bpseq,0.608196,-19.536550
290,structure_28.bpseq,0.729779,-17.459360
290,structure_31.bpseq,0.467724,-23.356950
290,structure_4.bpseq,0.740744,-6.368320
291,structure_15.bpseq,0.699806,-13.427980
291,structure_20.bpseq,0.730434,-9.742930
291,structure_24.bpseq,0.502723,-10.064710
291,structure_26.bpseq,0.527526,-17.165290
291,structure_30.bpseq,0.477658,-13.029580
291,structure_34.bpseq,0.451838,-17.099590
291,structure_39.bpseq,0.489048,-14.763110
291,structure_4.bpseq,0.827680,-13.162130
291,structure_42.bpseq,0.524943,-18.610290
291,structure_6.bpseq,0.672260,-18.655490
292,structure_12.bpseq,0.837482,-13.188520
292,structure_2.bpseq,0.182402,-24.393730
292,structure_22.bpseq,0.687017,-17.229330
292,structure_28.bpseq,0.203096,-21.221230
292,structure_31.bpseq,0.380683,-16.407030
292,structure_37.bpseq,0.374589,-20.859830
292,structure_40.bpseq,0.384217,-18.827630
292,structure_47.bpseq,0.609712,-17.825030
292,structure_51.bpseq,0.444954,-20.882330
292,structure_7.bpseq,0.202839,-20.010330
293,structure_13.bpseq,0.463996,-18.602290
293,structure_15.bpseq,0.457583,-16.705010
293,structure_18.bpseq,0.483440,-13.083340
293,structure_2.bpseq,0.663799,-9.056774
293,structure_22.bpseq,0.706414,-14.812410
293,structure_24.bpseq,0.501299,-19.571800
293,structure_28.bpseq,0.439474,-19.556100
293,structure_31.bpseq,0.242890,-22.372750
293,structure_33.bpseq,0.435258,-19.158520
293,structure_6.bpseq,0.463548,-14.571380
294,structure_1.bpseq,0.891364,-7.551000
294,structure_10.bpseq,0.696589,-9.931590
294,structure_13.bpseq,0.470822,-11.845394
294,structure_21.bpseq,0.663021,-16.479330
294,structure_23.bpseq,0.546829,-16.128910
294,structure_32.bpseq,0.559406,-20.428810
294,structure_36.bpseq,0.535703,-19.912690
294,structure_39.bpseq,0.534681,-22.314500
294,structure_5.bpseq,0.885492,-9.986960
294,structure_7.bpseq,0.682560,-9.739520
295,structure_12.bpseq,0.460253,-23.475400
295,structure_16.bpseq,0.432460,-18.597300
295,structure_20.bpseq,0.753480,-15.024900
295,structure_22.bpseq,0.540795,-16.743550
295,structure_25.bpseq,0.370678,-20.620190
295,structure_29.bpseq,0.432770,-12.231920
295,structure_31.bpseq,0.458034,-18.637400
295,structure_37.bpseq,0.505302,-21.516600
295,structure_7.bpseq,0.759042,-15.401230
295,structure_9.bpseq,0.566580,-9.414980
296,structure_1.bpseq,0.745114,-4.670720
296,structure_14.bpseq,0.588982,-16.040320
296,structure_23.bpseq,0.509270,-14.637960
296,structure_26.bpseq,0.442992,-15.309670
296,structure_28.bpseq,0.553981,-18.671020
296,structure_3.bpseq,0.706567,-10.080440
296,structure_32.bpseq,0.735671,-13.023843
296,structure_39.bpseq,0.475518,-15.090010
296,structure_6.bpseq,0.707747,-11.523610
296,structure_9.bpseq,0.655741,-11.600600
297,structure_12.bpseq,0.517459,-15.445760
297,structure_14.bpseq,0.555141,-14.684360
297,structure_16.bpseq,0.271599,-20.001650
297,structure_18.bpseq,0.281782,-16.363000
297,structure_20.bpseq,0.717490,-15.974709
297,structure_23.bpseq,0.471602,-11.955870
297,structure_26.bpseq,0.227546,-24.643910
297,structure_3.bpseq,0.691735,-10.897850
297,structure_7.bpseq,0.811654,-6.528800
297,structure_9.bpseq,0.556183,-13.019480
298,structure_12.bpseq,0.656911,-11.294320
298,structure_18.bpseq,0.839342,-13.383836
298,structure_20.bpseq,0.483655,-21.285360
298,structure_23.bpseq,0.296669,-18.638130
298,structure_25.bpseq,0.532697,-14.854840
298,structure_30.bpseq,0.495037,-24.755000
298,structure_32.bpseq,0.444859,-26.643900
298,structure_34.bpseq,0.490841,-20.545770
298,structure_4.bpseq,0.507684,-11.134500
298,structure_9.bpseq,0.904521,-8.534910
299,structure_12.bpseq,0.854658,-11.807300
299,structure_19.bpseq,0.333707,-18.775740
299,structure_2.bpseq,0.916245,-6.887900
299,structure_21.bpseq,0.390816,-16.808940
299,structure_25.bpseq,0.457370,-19.497240
299,structure_27.bpseq,0.502750,-14.449350
299,structure_30.bpseq,0.282903,-19.071640
299,structure_33.bpseq,0.477489,-27.633040
299,structure_6.bpseq,0.624460,-10.744260
299,structure_9.bpseq,0.533555,-9.647210
300,structure_11.bpseq,0.543033,-15.071210
300,structure_20.bpseq,0.614648,-11.456510
300,structure_23.bpseq,0.483700,-19.670300
300,structure_26.bpseq,0.790323,-13.833820
300,structure_29.bpseq,0.517693,-17.108400
300,structure_31.bpseq,0.233499,-21.509200
300,structure_33.bpseq,0.490320,-19.180300
300,structure_36.bpseq,0.420345,-18.500800
300,structure_39.bpseq,0.493307,-17.253900
300,structure_7.bpseq,0.420881,-11.772000
301,structure_12.bpseq,0.665503,-14.074660
301,structure_14.bpseq,0.652462,-17.469050
301,structure_18.bpseq,0.608902,-18.119130
301,structure_2.bpseq,0.787494,-12.203800
301,structure_20.bpseq,0.269616,-17.197750
301,structure_24.bpseq,0.487877,-20.108670
301,structure_26.bpseq,0.633218,-16.007170
301,structure_29.bpseq,0.442101,-18.244060
301,structure_34.bpseq,0.387208,-23.569370
301,structure_9.bpseq,0.590784,-14.531890
302,structure_11.bpseq,0.221161,-17.688810
302,structure_16.bpseq,0.506052,-9.200450
302,structure_2.bpseq,0.798840,-12.296450
302,structure_20.bpseq,0.474518,-11.309000
302,structure_23.bpseq,0.425298,-13.766350
302,structure_27.bpseq,0.200563,-16.877810
302,structure_30.bpseq,0.504378,-15.659900
302,structure_32.bpseq,0.479289,-16.719190
302,structure_4.bpseq,0.686800,-10.662540
302,structure_6.bpseq,0.724351,-12.568520
303,structure_12.bpseq,0.530949,-15.225920
303,structure_21.bpseq,0.709545,-12.316890
303,structure_23.bpseq,0.473623,-17.251290
303,structure_25.bpseq,0.544544,-19.905890
303,structure_27.bpseq,0.764394,-17.950790
303,structure_30.bpseq,0.598058,-12.691010
303,structure_38.bpseq,0.474824,-20.892070
303,structure_41.bpseq,0.473623,-24.353600
303,structure_6.bpseq,0.864299,-10.753090
303,structure_9.bpseq,0.466213,-14.961810
304,structure_12.bpseq,0.460594,-15.332520
304,structure_14.bpseq,0.464282,-12.427670
304,structure_2.bpseq,0.674523,-12.031630
304,structure_24.bpseq,0.489048,-19.473280
304,structure_29.bpseq,0.693878,-14.359620
304,structure_31.bpseq,0.446017,-15.530010
304,structure_35.bpseq,0.237625,-18.510960
304,structure_37.bpseq,0.488981,-19.453390
304,structure_40.bpseq,0.260900,-21.395600
304,structure_5.bpseq,0.502723,-16.201110
305,structure_10.bpseq,0.798388,-10.461901
305,structure_2.bpseq,0.209174,-13.754920
305,structure_23.bpseq,0.246185,-17.643140
305,structure_25.bpseq,0.540633,-13.803540
305,structure_27.bpseq,0.324224,-15.963310
305,structure_30.bpseq,0.210959,-22.040100
305,structure_32.bpseq,0.504378,-20.052700
305,structure_4.bpseq,0.221263,-17.885220
305,structure_40.bpseq,0.274002,-20.834400
305,structure_7.bpseq,0.535703,-11.175650
306,structure_1.bpseq,0.831270,-5.960210
306,structure_10.bpseq,0.538364,-13.850580
306,structure_12.bpseq,0.697128,-13.541220
306,structure_16.bpseq,0.278257,-22.701170
306,structure_22.bpseq,0.649527,-19.501240
306,structure_24.bpseq,0.288523,-20.975550
306,structure_26.bpseq,0.267190,-22.571700
306,structure_4.bpseq,0.469701,-13.991566
306,structure_6.bpseq,0.469647,-15.795720
306,structure_8.bpseq,0.470544,-12.479070
307,structure_13.bpseq,0.280626,-15.864430
307,structure_15.bpseq,0.545460,-12.846370
307,structure_18.bpseq,0.495022,-11.629950
307,structure_2.bpseq,0.278257,-9.950150
307,structure_22.bpseq,0.707626,-10.179740
307,structure_24.bpseq,0.558482,-15.066960
307,structure_26.bpseq,0.762019,-8.777730
307,structure_35.bpseq,0.303884,-13.416090
307,structure_39.bpseq,0.286997,-19.957360
307,structure_42.bpseq,0.311975,-17.464060
308,structure_15.bpseq,0.536671,-33.403500
308,structure_18.bpseq,0.534317,-29.940860
308,structure_22.bpseq,0.527401,-27.855590
308,structure_38.bpseq,0.316144,-29.045910
308,structure_41.bpseq,0.410335,-22.482420
308,structure_52.bpseq,0.420761,-29.104760
308,structure_55.bpseq,0.620517,-25.401590
308,structure_70.bpseq,0.470694,-21.722220
308,structure_78.bpseq,0.589246,-28.177060
308,structure_82.bpseq,0.293208,-36.670400
309,structure_26.bpseq,0.636063,-27.569640
309,structure_28.bpseq,0.578552,-25.516390
309,structure_31.bpseq,0.486980,-24.623971
309,structure_41.bpseq,0.514224,-28.688230
309,structure_59.bpseq,0.634164,-26.253930
309,structure_62.bpseq,0.587412,-28.795750
309,structure_69.bpseq,0.576051,-30.608100
309,structure_7.bpseq,0.451695,-22.749430
309,structure_85.bpseq,0.453476,-32.941670
309,structure_97.bpseq,0.398076,-32.513840
310,structure_14.bpseq,0.296030,-16.841840
310,structure_31.bpseq,0.547350,-23.318753
310,structure_43.bpseq,0.565246,-27.334620
310,structure_54.bpseq,0.570062,-22.325940
310,structure_59.bpseq,0.327489,-22.984428
310,structure_64.bpseq,0.541019,-27.285110
310,structure_66.bpseq,0.557817,-28.732200
310,structure_74.bpseq,0.682708,-27.593470
310,structure_94.bpseq,0.478239,-27.258090
310,structure_99.bpseq,0.594350,-21.747600
311,structure_10.bpseq,0.564602,-23.682526
311,structure_24.bpseq,0.666776,-19.852970
311,structure_34.bpseq,0.634000,-19.608340
311,structure_41.bpseq,0.648204,-17.115000
311,structure_6.bpseq,0.591680,-18.719040
311,structure_76.bpseq,0.527389,-25.117570
311,structure_87.bpseq,0.466811,-32.211960
311,structure_92.bpseq,0.605366,-29.510190
311,structure_95.bpseq,0.578299,-26.223800
311,structure_98.bpseq,0.401993,-33.775200
312,structure_2.bpseq,0.673334,-22.607340
312,structure_39.bpseq,0.441239,-30.624300
312,structure_5.bpseq,0.584122,-32.951600
312,structure_54.bpseq,0.600902,-28.074900
312,structure_57.bpseq,0.628887,-30.838300
312,structure_59.bpseq,0.579041,-36.226400
312,structure_61.bpseq,0.632058,-33.922800
312,structure_65.bpseq,0.436616,-26.473600
312,structure_72.bpseq,0.574067,-39.598700
312,structure_75.bpseq,0.476703,-35.934500
313,structure_10.bpseq,0.676254,-22.573400
313,structure_15.bpseq,0.488163,-25.084100
313,structure_17.bpseq,0.501765,-33.618200
313,structure_25.bpseq,0.486318,-24.138720
313,structure_34.bpseq,0.616295,-33.617800
313,structure_5.bpseq,0.468045,-28.601800
313,structure_50.bpseq,0.454887,-26.614050
313,structure_58.bpseq,0.471730,-37.275500
313,structure_76.bpseq,0.426372,-31.092500
313,structure_92.bpseq,0.533253,-31.708200
314,structure_18.bpseq,0.625068,-28.374600
314,structure_21.bpseq,0.542029,-26.533700
314,structure_35.bpseq,0.573424,-22.814850
314,structure_42.bpseq,0.533292,-29.065200
314,structure_49.bpseq,0.353746,-31.885800
314,structure_5.bpseq,0.582138,-22.600170
314,structure_56.bpseq,0.481430,-24.400810
314,structure_76.bpseq,0.485849,-31.273400
314,structure_89.bpseq,0.472632,-32.740500
314,structure_99.bpseq,0.608251,-31.452700
315,structure_11.bpseq,0.145645,-29.197400
315,structure_28.bpseq,0.381518,-26.696600
315,structure_39.bpseq,0.614627,-29.699200
315,structure_46.bpseq,0.281070,-27.056500
315,structure_49.bpseq,0.401382,-24.501380
315,structure_54.bpseq,0.287656,-30.160800
315,structure_66.bpseq,0.561126,-23.635950
315,structure_75.bpseq,0.572689,-28.395300
315,structure_93.bpseq,0.403420,-31.145600
315,structure_99.bpseq,0.243335,-30.867800
316,structure_16.bpseq,0.396768,-17.296820
316,structure_24.bpseq,0.603319,-26.019500
316,structure_33.bpseq,0.610558,-27.356300
316,structure_40.bpseq,0.501186,-24.083800
316,structure_46.bpseq,0.576650,-22.308800
316,structure_50.bpseq,0.298789,-20.172880
316,structure_57.bpseq,0.511838,-28.911300
316,structure_60.bpseq,0.539825,-25.559400
316,structure_63.bpseq,0.514324,-24.544600
316,structure_80.bpseq,0.459631,-32.204900
317,structure_19.bpseq,0.631842,-15.648500
317,structure_23.bpseq,0.656095,-16.497900
317,structure_27.bpseq,0.713226,-18.739600
317,structure_31.bpseq,0.609771,-29.209900
317,structure_7.bpseq,0.667138,-26.056100
317,structure_77.bpseq,0.642387,-30.577300
317,structure_79.bpseq,0.631842,-30.245900
317,structure_81.bpseq,0.573749,-29.645500
317,structure_87.bpseq,0.520011,-30.534500
317,structure_98.bpseq,0.599376,-29.604900
318,structure_36.bpseq,0.538043,-29.383110
318,structure_52.bpseq,0.434965,-33.296820
318,structure_55.bpseq,0.670748,-29.211510
318,structure_58.bpseq,0.448645,-26.074227
318,structure_62.bpseq,0.444953,-24.076810
318,structure_67.bpseq,0.543565,-33.547230
318,structure_70.bpseq,0.669706,-24.380040
318,structure_79.bpseq,0.580140,-28.464990
318,structure_90.bpseq,0.573377,-29.833580
318,structure_98.bpseq,0.512794,-29.608890
319,structure_11.bpseq,0.355021,-24.042734
319,structure_36.bpseq,0.404760,-28.063610
319,structure_39.bpseq,0.257856,-30.696100
319,structure_41.bpseq,0.406986,-30.364270
319,structure_43.bpseq,0.425139,-26.250590
319,structure_5.bpseq,0.431976,-19.487400
319,structure_59.bpseq,0.334112,-27.207180
319,structure_82.bpseq,0.435276,-22.638410
319,structure_87.bpseq,0.266538,-34.736300
319,structure_99.bpseq,0.377185,-36.350100
320,structure_100.bpseq,0.318406,-36.956900
320,structure_11.bpseq,0.531720,-33.916300
320,structure_15.bpseq,0.531590,-27.985320
320,structure_22.bpseq,0.533106,-26.777160
320,structure_25.bpseq,0.537584,-27.990830
320,structure_36.bpseq,0.517902,-32.363790
320,structure_43.bpseq,0.569527,-29.029790
320,structure_56.bpseq,0.487215,-28.003850
320,structure_68.bpseq,0.524570,-31.778110
320,structure_79.bpseq,0.429416,-39.073000
321,structure_2.bpseq,0.442284,-18.197200
321,structure_26.bpseq,0.512699,-26.070500
321,structure_28.bpseq,0.302998,-23.714200
321,structure_30.bpseq,0.482168,-22.247700
321,structure_41.bpseq,0.489820,-22.798500
321,structure_44.bpseq,0.520287,-21.313400
321,structure_46.bpseq,0.621381,-21.487500
321,structure_7.bpseq,0.595347,-19.130000
321,structure_9.bpseq,0.572172,-24.717400
321,structure_99.bpseq,0.420429,-31.245400
322,structure_14.bpseq,0.439204,-17.464000
322,structure_19.bpseq,0.541163,-22.508200
322,structure_37.bpseq,0.434268,-26.710600
322,structure_44.bpseq,0.393256,-23.195800
322,structure_5.bpseq,0.794713,-12.864100
322,structure_55.bpseq,0.449810,-27.216320
322,structure_67.bpseq,0.291056,-23.761900
322,structure_76.bpseq,0.349928,-27.008140
322,structure_88.bpseq,0.312454,-26.058600
322,structure_91.bpseq,0.480653,-23.686700
323,structure_1.bpseq,0.451394,-15.048950
323,structure_28.bpseq,0.637222,-31.213700
323,structure_38.bpseq,0.668109,-20.005150
323,structure_42.bpseq,0.369233,-22.378150
323,structure_5.bpseq,0.538072,-15.078360
323,structure_69.bpseq,0.460876,-28.139310
323,structure_77.bpseq,0.568276,-21.648950
323,structure_8.bpseq,0.368014,-22.546320
323,structure_80.bpseq,0.671945,-20.946670
323,structure_88.bpseq,0.442978,-22.715930
324,structure_35.bpseq,0.662117,-21.383610
324,structure_4.bpseq,0.645191,-24.790770
324,structure_42.bpseq,0.597769,-23.181190
324,structure_51.bpseq,0.589839,-26.907610
324,structure_63.bpseq,0.312561,-38.095100
324,structure_66.bpseq,0.552722,-21.630320
324,structure_70.bpseq,0.463540,-38.055300
324,structure_75.bpseq,0.481174,-33.989000
324,structure_79.bpseq,0.454001,-35.014500
324,structure_89.bpseq,0.559500,-29.461810
325,structure_1.bpseq,0.951335,-3.219450
325,structure_2.bpseq,0.211325,-11.434870
325,structure_3.bpseq,0.221457,-9.779659
325,structure_4.bpseq,0.149675,-15.364770
325,structure_5.bpseq,0.203922,-16.183190
325,structure_6.bpseq,0.172673,-17.352550
326,structure_100.bpseq,0.548863,-37.106000
326,structure_16.bpseq,0.864393,-18.617900
326,structure_32.bpseq,0.577943,-23.613631
326,structure_41.bpseq,0.740681,-16.742300
326,structure_5.bpseq,0.646798,-22.691490
326,structure_58.bpseq,0.653955,-23.067080
326,structure_68.bpseq,0.547371,-27.770650
326,structure_8.bpseq,0.691683,-15.597780
326,structure_88.bpseq,0.710295,-21.120840
326,structure_90.bpseq,0.550712,-24.900411
327,structure_11.bpseq,0.599205,-17.829400
327,structure_14.bpseq,0.607050,-19.679200
327,structure_18.bpseq,0.705906,-24.681400
327,structure_27.bpseq,0.495704,-22.158300
327,structure_32.bpseq,0.530668,-19.032800
327,structure_38.bpseq,0.672468,-26.655900
327,structure_43.bpseq,0.632309,-30.835590
327,structure_57.bpseq,0.694824,-31.508710
327,structure_72.bpseq,0.623549,-30.163200
327,structure_78.bpseq,0.615102,-32.929710
328,structure_100.bpseq,0.392769,-32.303900
328,structure_21.bpseq,0.663038,-24.982490
328,structure_26.bpseq,0.722237,-22.090770
328,structure_36.bpseq,0.714339,-28.911220
328,structure_40.bpseq,0.567696,-28.451470
328,structure_63.bpseq,0.645243,-28.034920
328,structure_78.bpseq,0.705286,-28.809730
328,structure_81.bpseq,0.539574,-28.708720
328,structure_83.bpseq,0.619892,-19.100530
328,structure_87.bpseq,0.705286,-31.245100
329,structure_20.bpseq,0.622775,-18.307420
329,structure_24.bpseq,0.627131,-18.418360
329,structure_3.bpseq,0.656999,-22.924936
329,structure_38.bpseq,0.657103,-23.163220
329,structure_45.bpseq,0.553267,-22.825629
329,structure_62.bpseq,0.626967,-32.092900
329,structure_68.bpseq,0.592714,-24.661850
329,structure_75.bpseq,0.651451,-33.701500
329,structure_87.bpseq,0.665722,-26.327610
329,structure_91.bpseq,0.509606,-37.924700
330,structure_10.bpseq,0.637130,-17.292920
330,structure_14.bpseq,0.522467,-19.543820
330,structure_25.bpseq,0.539417,-24.111100
330,structure_34.bpseq,0.518418,-19.410900
330,structure_38.bpseq,0.793609,-16.505200
330,structure_52.bpseq,0.453736,-20.621360
330,structure_59.bpseq,0.655063,-26.080752
330,structure_6.bpseq,0.546978,-15.637000
330,structure_66.bpseq,0.494306,-29.294730
330,structure_78.bpseq,0.538264,-20.352710
331,structure_14.bpseq,0.665113,-19.573860
331,structure_16.bpseq,0.613862,-21.367040
331,structure_24.bpseq,0.706398,-23.880400
331,structure_36.bpseq,0.572924,-23.154780
331,structure_5.bpseq,0.689133,-21.116520
331,structure_52.bpseq,0.502028,-22.774450
331,structure_59.bpseq,0.590381,-22.465190
331,structure_61.bpseq,0.590381,-25.071700
331,structure_7.bpseq,0.748943,-17.396680
331,structure_75.bpseq,0.576926,-25.444000
332,structure_18.bpseq,0.662710,-21.550730
332,structure_29.bpseq,0.633399,-15.129240
332,structure_33.bpseq,0.524623,-23.662720
332,structure_36.bpseq,0.433615,-17.138336
332,structure_40.bpseq,0.824459,-22.360050
332,structure_48.bpseq,0.661034,-19.925410
332,structure_58.bpseq,0.589063,-19.299580
332,structure_60.bpseq,0.439526,-20.221960
332,structure_62.bpseq,0.483180,-30.364700
332,structure_76.bpseq,0.524918,-25.330920
333,structure_15.bpseq,0.570526,-19.365800
333,structure_29.bpseq,0.525155,-25.103160
333,structure_33.bpseq,0.267127,-26.771790
333,structure_4.bpseq,0.519661,-18.146300
333,structure_53.bpseq,0.572044,-24.851360
333,structure_6.bpseq,0.476601,-22.148240
333,structure_69.bpseq,0.377317,-31.860520
333,structure_74.bpseq,0.291282,-24.315170
333,structure_79.bpseq,0.509286,-30.911260
333,structure_87.bpseq,0.497708,-31.170430
334,structure_11.bpseq,0.436737,-26.398650
334,structure_14.bpseq,0.264166,-24.661360
334,structure_38.bpseq,0.357161,-20.060600
334,structure_4.bpseq,0.350672,-27.519730
334,structure_40.bpseq,0.334925,-20.833990
334,structure_47.bpseq,0.213589,-31.346160
334,structure_58.bpseq,0.328208,-35.551000
334,structure_67.bpseq,0.464507,-23.257435
334,structure_70.bpseq,0.273606,-20.273210
334,structure_92.bpseq,0.330025,-30.495320
335,structure_13.bpseq,0.520165,-18.158100
335,structure_35.bpseq,0.501701,-16.807700
335,structure_47.bpseq,0.608225,-18.953400
335,structure_5.bpseq,0.603282,-20.303100
335,structure_53.bpseq,0.601737,-24.628700
335,structure_74.bpseq,0.626138,-22.665700
335,structure_80.bpseq,0.590339,-28.489640
335,structure_82.bpseq,0.494353,-16.567700
335,structure_9.bpseq,0.661722,-25.010520
335,structure_97.bpseq,0.556643,-31.277500
336,structure_2.bpseq,0.720544,-17.887600
336,structure_26.bpseq,0.579336,-23.574510
336,structure_28.bpseq,0.505994,-22.341250
336,structure_35.bpseq,0.396807,-22.436040
336,structure_42.bpseq,0.433565,-22.221410
336,structure_64.bpseq,0.421738,-22.877240
336,structure_66.bpseq,0.427975,-30.048414
336,structure_7.bpseq,0.611673,-21.883540
336,structure_85.bpseq,0.331140,-26.150310
336,structure_97.bpseq,0.496694,-25.939490
337,structure_1.bpseq,0.717704,-17.114570
337,structure_21.bpseq,0.466008,-23.107590
337,structure_24.bpseq,0.507486,-26.255510
337,structure_29.bpseq,0.452584,-27.046410
337,structure_45.bpseq,0.405047,-24.056520
337,structure_52.bpseq,0.529315,-25.415730
337,structure_57.bpseq,0.493618,-23.813260
337,structure_63.bpseq,0.675149,-20.703770
337,structure_84.bpseq,0.555063,-25.505250
337,structure_94.bpseq,0.666367,-24.902870
338,structure_12.bpseq,0.313164,-23.443480
338,structure_18.bpseq,0.430610,-26.276700
338,structure_23.bpseq,0.585723,-15.022769
338,structure_31.bpseq,0.328595,-20.968820
338,structure_36.bpseq,0.308076,-23.435490
338,structure_60.bpseq,0.507463,-17.249350
338,structure_66.bpseq,0.305752,-27.729500
338,structure_68.bpseq,0.422026,-21.856520
338,structure_81.bpseq,0.354649,-30.308300
338,structure_87.bpseq,0.468379,-21.280830
339,structure_14.bpseq,0.555577,-20.144430
339,structure_19.bpseq,0.522470,-18.146520
339,structure_28.bpseq,0.525482,-24.508400
339,structure_30.bpseq,0.463382,-28.779600
339,structure_42.bpseq,0.437829,-24.996900
339,structure_44.bpseq,0.392590,-30.784300
339,structure_50.bpseq,0.472137,-23.855600
339,structure_61.bpseq,0.385674,-28.765500
339,structure_8.bpseq,0.571770,-21.504320
339,structure_83.bpseq,0.415464,-25.141100
340,structure_10.bpseq,0.647830,-21.029410
340,structure_22.bpseq,0.611271,-19.744130
340,structure_24.bpseq,0.615499,-18.018150
340,structure_31.bpseq,0.608357,-19.205170
340,structure_43.bpseq,0.385780,-25.639070
340,structure_60.bpseq,0.418168,-28.182300
340,structure_71.bpseq,0.329077,-18.450780
340,structure_74.bpseq,0.381863,-22.078830
340,structure_79.bpseq,0.513161,-20.380070
340,structure_83.bpseq,0.371158,-24.706600
341,structure_1.bpseq,0.458032,-19.136340
341,structure_27.bpseq,0.545444,-23.110280
341,structure_57.bpseq,0.486025,-28.416760
341,structure_69.bpseq,0.452448,-29.690610
341,structure_71.bpseq,0.225328,-28.860500
341,structure_74.bpseq,0.299362,-27.553550
341,structure_76.bpseq,0.190859,-26.886100
341,structure_8.bpseq,0.465501,-21.464190
341,structure_94.bpseq,0.332163,-31.581990
341,structure_97.bpseq,0.236022,-32.687540
342,structure_12.bpseq,0.564888,-15.400500
342,structure_27.bpseq,0.658144,-16.619700
342,structure_45.bpseq,0.562695,-25.904340
342,structure_52.bpseq,0.537444,-26.299160
342,structure_56.bpseq,0.454185,-28.660903
342,structure_6.bpseq,0.783101,-10.198400
342,structure_80.bpseq,0.586872,-26.000400
342,structure_84.bpseq,0.543797,-25.433640
342,structure_86.bpseq,0.405800,-25.818490
342,structure_89.bpseq,0.470472,-26.631370
343,structure_12.bpseq,0.595904,-20.436460
343,structure_14.bpseq,0.571749,-21.341550
343,structure_20.bpseq,0.559977,-19.707260
343,structure_27.bpseq,0.543664,-22.630920
343,structure_33.bpseq,0.596199,-17.658900
343,structure_37.bpseq,0.634908,-18.437150
343,structure_48.bpseq,0.676384,-22.646870
343,structure_57.bpseq,0.540829,-22.493320
343,structure_68.bpseq,0.582874,-27.619700
343,structure_92.bpseq,0.288332,-27.667700
344,structure_2.bpseq,0.573975,-22.216730
344,structure_22.bpseq,0.335219,-27.609500
344,structure_26.bpseq,0.406699,-21.625800
344,structure_29.bpseq,0.502994,-23.851800
344,structure_55.bpseq,0.277269,-29.134600
344,structure_63.bpseq,0.450310,-25.364100
344,structure_68.bpseq,0.500000,-24.738300
344,structure_77.bpseq,0.371057,-25.840900
344,structure_88.bpseq,0.357482,-31.255100
344,structure_98.bpseq,0.349939,-28.341400
345,structure_10.bpseq,0.730926,-24.468900
345,structure_12.bpseq,0.548858,-21.748500
345,structure_14.bpseq,0.473585,-17.534940
345,structure_36.bpseq,0.450000,-21.351180
345,structure_42.bpseq,0.487246,-27.386300
345,structure_50.bpseq,0.596666,-20.747830
345,structure_56.bpseq,0.337956,-26.713400
345,structure_76.bpseq,0.316926,-32.392000
345,structure_93.bpseq,0.308089,-34.881700
345,structure_97.bpseq,0.454517,-31.347000
346,structure_10.bpseq,0.591540,-19.896250
346,structure_26.bpseq,0.469804,-17.821473
346,structure_28.bpseq,0.580112,-25.246410
346,structure_31.bpseq,0.195055,-23.168410
346,structure_5.bpseq,0.580870,-20.728920
346,structure_55.bpseq,0.344039,-25.793330
346,structure_71.bpseq,0.580722,-29.412600
346,structure_78.bpseq,0.580870,-23.243850
346,structure_85.bpseq,0.615248,-25.215400
346,structure_89.bpseq,0.331198,-29.273900
347,structure_5.bpseq,0.659411,-23.731900
347,structure_51.bpseq,0.256968,-22.561090
347,structure_62.bpseq,0.342592,-22.456080
347,structure_65.bpseq,0.467289,-27.452900
347,structure_75.bpseq,0.339838,-23.091400
347,structure_85.bpseq,0.359909,-27.062000
347,structure_87.bpseq,0.516440,-27.403900
347,structure_9.bpseq,0.668816,-24.401300
347,structure_90.bpseq,0.472989,-25.104300
347,structure_95.bpseq,0.362728,-33.695600
348,structure_21.bpseq,0.559350,-17.913300
348,structure_23.bpseq,0.320585,-24.902580
348,structure_26.bpseq,0.561370,-19.226840
348,structure_31.bpseq,0.298079,-23.744610
348,structure_4.bpseq,0.595436,-11.628100
348,structure_47.bpseq,0.392501,-28.295546
348,structure_53.bpseq,0.343787,-26.160820
348,structure_64.bpseq,0.313577,-34.917930
348,structure_72.bpseq,0.302432,-33.145340
348,structure_76.bpseq,0.322259,-41.712300
349,structure_29.bpseq,0.533147,-18.871330
349,structure_4.bpseq,0.526363,-16.970678
349,structure_40.bpseq,0.488081,-17.312940
349,structure_49.bpseq,0.343922,-21.713930
349,structure_61.bpseq,0.357049,-20.022070
349,structure_73.bpseq,0.469814,-23.694890
349,structure_75.bpseq,0.342691,-21.467940
349,structure_86.bpseq,0.265029,-26.895700
349,structure_89.bpseq,0.369840,-26.978000
349,structure_94.bpseq,0.305640,-35.362000
350,structure_1.bpseq,0.518279,-18.825520
350,structure_11.bpseq,0.527642,-21.808340
350,structure_13.bpseq,0.561364,-16.393420
350,structure_44.bpseq,0.424828,-23.490995
350,structure_55.bpseq,0.372226,-27.860550
350,structure_6.bpseq,0.469051,-22.695550
350,structure_69.bpseq,0.374730,-28.860790
350,structure_83.bpseq,0.459952,-35.181300
350,structure_88.bpseq,0.305513,-31.956770
350,structure_94.bpseq,0.356745,-29.765760
351,structure_12.bpseq,0.573309,-25.732370
351,structure_15.bpseq,0.600423,-22.920210
351,structure_40.bpseq,0.565188,-21.341790
351,structure_47.bpseq,0.557741,-17.754300
351,structure_49.bpseq,0.408765,-22.220040
351,structure_52.bpseq,0.431717,-29.771510
351,structure_74.bpseq,0.475433,-29.993080
351,structure_85.bpseq,0.547328,-33.431090
351,structure_94.bpseq,0.427384,-24.786550
351,structure_99.bpseq,0.551172,-24.105320
352,structure_15.bpseq,0.481859,-23.907558
352,structure_22.bpseq,0.543354,-29.754280
352,structure_30.bpseq,0.577314,-23.352010
352,structure_36.bpseq,0.451581,-28.423700
352,structure_49.bpseq,0.595098,-26.527250
352,structure_64.bpseq,0.512507,-24.923016
352,structure_68.bpseq,0.663047,-21.886310
352,structure_79.bpseq,0.392273,-28.688640
352,structure_84.bpseq,0.653023,-24.522907
352,structure_9.bpseq,0.552597,-21.131470
353,structure_27.bpseq,0.712772,-20.941400
353,structure_35.bpseq,0.635027,-21.082800
353,structure_4.bpseq,0.610150,-16.062100
353,structure_41.bpseq,0.610150,-21.846200
353,structure_50.bpseq,0.548487,-30.838130
353,structure_58.bpseq,0.553664,-30.666650
353,structure_60.bpseq,0.523570,-33.454200
353,structure_71.bpseq,0.611019,-25.304600
353,structure_97.bpseq,0.521626,-31.754650
353,structure_99.bpseq,0.457116,-37.809844
354,structure_37.bpseq,0.699868,-20.832770
354,structure_4.bpseq,0.646643,-15.683400
354,structure_46.bpseq,0.462313,-32.666790
354,structure_49.bpseq,0.484447,-25.967400
354,structure_58.bpseq,0.566747,-23.833800
354,structure_60.bpseq,0.579517,-26.354330
354,structure_65.bpseq,0.453181,-28.827622
354,structure_67.bpseq,0.614686,-27.801664
354,structure_70.bpseq,0.364589,-24.602660
354,structure_87.bpseq,0.329765,-32.799610
355,structure_21.bpseq,0.599986,-20.859560
355,structure_3.bpseq,0.481020,-15.946910
355,structure_36.bpseq,0.425266,-25.970100
355,structure_38.bpseq,0.578201,-28.949240
355,structure_45.bpseq,0.519441,-30.588820
355,structure_49.bpseq,0.507213,-21.739876
355,structure_55.bpseq,0.551499,-28.869010
355,structure_59.bpseq,0.602812,-21.220650
355,structure_72.bpseq,0.403020,-19.109650
355,structure_88.bpseq,0.509563,-31.080430
356,structure_12.bpseq,0.364713,-11.737930
356,structure_15.bpseq,0.689056,-10.632710
356,structure_18.bpseq,0.499490,-13.659693
356,structure_2.bpseq,0.519441,-7.873220
356,structure_20.bpseq,0.284388,-16.529370
356,structure_22.bpseq,0.505556,-19.129850
356,structure_25.bpseq,0.559347,-17.388690
356,structure_27.bpseq,0.568531,-18.375210
356,structure_4.bpseq,0.483452,-12.059650
356,structure_7.bpseq,0.340925,-13.192940
357,structure_11.bpseq,0.334067,-30.324100
357,structure_31.bpseq,0.589750,-30.359700
357,structure_42.bpseq,0.595353,-29.884200
357,structure_6.bpseq,0.550618,-29.171700
357,structure_61.bpseq,0.355781,-31.633800
357,structure_79.bpseq,0.346332,-32.985200
357,structure_81.bpseq,0.414321,-35.936900
357,structure_94.bpseq,0.413016,-35.024100
357,structure_96.bpseq,0.305666,-36.811000
357,structure_99.bpseq,0.438141,-33.317400
358,structure_34.bpseq,0.840541,-28.147170
358,structure_41.bpseq,0.649458,-28.290230
358,structure_49.bpseq,0.486059,-26.904430
358,structure_56.bpseq,0.513913,-26.653510
358,structure_60.bpseq,0.515375,-30.592900
358,structure_8.bpseq,0.791091,-22.979400
358,structure_80.bpseq,0.570059,-26.946740
358,structure_88.bpseq,0.586536,-25.614040
358,structure_91.bpseq,0.439209,-27.317340
358,structure_99.bpseq,0.430946,-31.642300
359,structure_1.bpseq,0.751689,-20.676830
359,structure_21.bpseq,0.604235,-22.411660
359,structure_25.bpseq,0.774330,-23.176380
359,structure_37.bpseq,0.545018,-30.452700
359,structure_43.bpseq,0.549745,-28.793400
359,structure_46.bpseq,0.592661,-24.294790
359,structure_70.bpseq,0.530848,-24.880280
359,structure_79.bpseq,0.624371,-25.188290
359,structure_82.bpseq,0.557905,-24.636910
359,structure_88.bpseq,0.519648,-31.677000
360,structure_1.bpseq,0.444505,-24.035920
360,structure_11.bpseq,0.214549,-27.420510
360,structure_22.bpseq,0.306089,-24.588710
360,structure_24.bpseq,0.206802,-26.783560
360,structure_39.bpseq,0.380845,-29.026800
360,structure_54.bpseq,0.208523,-26.438160
360,structure_60.bpseq,0.354183,-27.158520
360,structure_72.bpseq,0.595646,-24.576800
360,structure_87.bpseq,0.484686,-30.037500
360,structure_91.bpseq,0.562631,-30.078100
361,structure_19.bpseq,0.421846,-26.186640
361,structure_23.bpseq,0.400890,-22.110774
361,structure_31.bpseq,0.348253,-28.447650
361,structure_38.bpseq,0.473058,-28.956280
361,structure_41.bpseq,0.224500,-33.815500
361,structure_50.bpseq,0.245325,-33.782300
361,structure_54.bpseq,0.202052,-33.149800
361,structure_64.bpseq,0.186646,-27.563810
361,structure_7.bpseq,0.450997,-25.247490
361,structure_92.bpseq,0.208168,-31.184200
362,structure_1.bpseq,0.787612,-0.549200
362,structure_2.bpseq,0.812500,-10.089990
362,structure_3.bpseq,0.838502,-10.669720
362,structure_4.bpseq,0.250556,-24.517250
362,structure_5.bpseq,0.279180,-20.541480
363,structure_1.bpseq,0.809245,-6.466790
363,structure_2.bpseq,0.388742,-6.272250
363,structure_3.bpseq,0.350680,-9.556970
363,structure_4.bpseq,0.364127,-10.130570
364,structure_1.bpseq,0.403175,-3.340662
364,structure_2.bpseq,0.352941,-6.219310
364,structure_3.bpseq,0.335601,-9.399140
365,structure_1.bpseq,0.943203,-1.685330
365,structure_2.bpseq,0.380477,-9.250700
366,structure_1.bpseq,0.943203,-5.033970
366,structure_2.bpseq,0.700049,-6.581430
366,structure_3.bpseq,0.827327,-10.202740
366,structure_4.bpseq,0.390891,-12.150480
366,structure_5.bpseq,0.798807,-13.088120
366,structure_6.bpseq,0.360314,-9.661840
366,structure_7.bpseq,0.301483,-5.783180
367,structure_1.bpseq,0.861818,-7.643440
367,structure_2.bpseq,0.379856,-8.800140
367,structure_3.bpseq,0.382271,-5.372790
367,structure_4.bpseq,0.364085,-10.684590
367,structure_5.bpseq,0.376061,-9.664210
368,structure_1.bpseq,1.000000,-2.250344
368,structure_2.bpseq,0.395048,-6.516150
368,structure_3.bpseq,0.381738,-4.622290
368,structure_4.bpseq,0.339872,-6.615430
369,structure_1.bpseq,0.290343,-4.457390
369,structure_10.bpseq,0.380477,-10.893380
369,structure_2.bpseq,0.372485,-4.637220
369,structure_3.bpseq,0.718218,-6.337730
369,structure_4.bpseq,0.782237,-5.915210
369,structure_5.bpseq,0.380477,-9.016980
369,structure_6.bpseq,0.360314,-8.398910
369,structure_7.bpseq,0.400742,-10.103480
369,structure_8.bpseq,0.320395,-5.754530
369,structure_9.bpseq,0.359800,-7.729510
370,structure_1.bpseq,1.000000,-1.423186
370,structure_2.bpseq,0.358579,-7.409790
371,structure_1.bpseq,0.782237,-5.845990
371,structure_2.bpseq,0.691237,-8.009940
371,structure_3.bpseq,0.368206,-9.430800
371,structure_4.bpseq,0.370592,-7.697470
371,structure_5.bpseq,0.355785,-8.761910
372,structure_11.bpseq,0.406419,-26.469910
372,structure_16.bpseq,0.500000,-24.085310
372,structure_3.bpseq,0.583969,-21.435270
372,structure_58.bpseq,0.554833,-27.939120
372,structure_63.bpseq,0.523426,-27.868000
372,structure_72.bpseq,0.528944,-26.455700
372,structure_75.bpseq,0.504217,-28.130380
372,structure_8.bpseq,0.598693,-21.779160
372,structure_80.bpseq,0.546220,-29.282370
372,structure_90.bpseq,0.544566,-31.214220
373,structure_22.bpseq,0.578340,-30.381500
373,structure_30.bpseq,0.508250,-31.240800
373,structure_37.bpseq,0.619477,-25.592900
373,structure_54.bpseq,0.489036,-31.180900
373,structure_66.bpseq,0.257694,-34.926400
373,structure_69.bpseq,0.459777,-28.324200
373,structure_74.bpseq,0.245393,-27.697400
373,structure_81.bpseq,0.571510,-28.881100
373,structure_86.bpseq,0.381539,-32.041900
373,structure_91.bpseq,0.239471,-41.165000
374,structure_25.bpseq,0.244657,-21.284743
374,structure_39.bpseq,0.445482,-26.483970
374,structure_54.bpseq,0.439377,-22.809960
374,structure_6.bpseq,0.437228,-21.290650
374,structure_64.bpseq,0.237833,-21.065917
374,structure_69.bpseq,0.587095,-24.394200
374,structure_72.bpseq,0.480289,-28.443800
374,structure_75.bpseq,0.222819,-24.693870
374,structure_84.bpseq,0.244444,-24.453480
374,structure_86.bpseq,0.454637,-27.033040
375,structure_10.bpseq,0.260383,-9.240590
375,structure_12.bpseq,0.309488,-15.364020
375,structure_14.bpseq,0.919860,-11.286390
375,structure_19.bpseq,0.312274,-17.361522
375,structure_2.bpseq,0.460921,-9.398770
375,structure_21.bpseq,0.269503,-17.291805
375,structure_25.bpseq,0.525928,-17.160415
375,structure_27.bpseq,0.764602,-16.612164
375,structure_5.bpseq,0.560789,-14.297930
375,structure_7.bpseq,0.500000,-12.102110
376,structure_1.bpseq,0.976467,-6.402832
376,structure_10.bpseq,0.494801,-12.921310
376,structure_13.bpseq,0.552953,-15.423770
376,structure_17.bpseq,0.651878,-19.084770
376,structure_20.bpseq,0.286157,-13.280610
376,structure_22.bpseq,0.538067,-17.889070
376,structure_25.bpseq,0.249653,-17.780970
376,structure_3.bpseq,0.824439,-10.677160
376,structure_5.bpseq,0.496158,-7.621403
376,structure_8.bpseq,0.765852,-11.322530
377,structure_10.bpseq,0.200747,-14.565250
377,structure_14.bpseq,0.239860,-15.721820
377,structure_16.bpseq,0.218282,-17.338320
377,structure_24.bpseq,0.213589,-16.135520
377,structure_27.bpseq,0.190656,-16.873020
377,structure_29.bpseq,0.181594,-17.831020
377,structure_3.bpseq,0.218282,-12.280700
377,structure_31.bpseq,0.181594,-18.373420
377,structure_5.bpseq,0.456890,-11.958360
377,structure_7.bpseq,0.218282,-13.379930
378,structure_1.bpseq,0.524122,-10.665647
378,structure_15.bpseq,0.512888,-8.846710
378,structure_18.bpseq,0.526661,-11.178738
378,structure_20.bpseq,0.443362,-15.618210
378,structure_25.bpseq,0.267016,-21.164800
378,structure_27.bpseq,0.648677,-21.278430
378,structure_3.bpseq,0.451205,-12.465830
378,structure_5.bpseq,0.781753,-13.512390
378,structure_7.bpseq,0.603228,-11.806828
378,structure_9.bpseq,0.505182,-11.885423
379,structure_1.bpseq,0.616175,-7.155807
379,structure_10.bpseq,0.586446,-12.914100
379,structure_12.bpseq,0.550052,-15.846820
379,structure_14.bpseq,0.337835,-13.011400
379,structure_17.bpseq,0.428998,-15.327880
379,structure_21.bpseq,0.379815,-19.175400
379,structure_23.bpseq,0.262956,-15.348930
379,structure_4.bpseq,0.512041,-14.011390
379,structure_6.bpseq,0.532917,-13.625490
379,structure_8.bpseq,0.561927,-11.487780
380,structure_1.bpseq,0.938081,-4.114430
380,structure_13.bpseq,0.600132,-13.908230
380,structure_16.bpseq,0.633008,-14.393240
380,structure_19.bpseq,0.421042,-17.255060
380,structure_22.bpseq,0.507428,-19.333520
380,structure_25.bpseq,0.528410,-22.967600
380,structure_27.bpseq,0.399308,-17.407740
380,structure_29.bpseq,0.453971,-17.071070
380,structure_4.bpseq,0.648256,-11.497610
380,structure_9.bpseq,0.742872,-11.308018
381,structure_10.bpseq,0.308597,-8.881370
381,structure_12.bpseq,0.299692,-14.846920
381,structure_14.bpseq,0.503081,-9.104680
381,structure_16.bpseq,0.801028,-14.147640
381,structure_21.bpseq,0.627381,-17.279620
381,structure_23.bpseq,0.631729,-9.637100
381,structure_26.bpseq,0.575427,-15.175720
381,structure_3.bpseq,0.637318,-10.768240
381,structure_5.bpseq,0.518547,-12.889160
381,structure_7.bpseq,0.845811,-12.560380
382,structure_11.bpseq,0.543758,-11.906490
382,structure_14.bpseq,0.544915,-15.528440
382,structure_16.bpseq,0.598935,-10.359210
382,structure_2.bpseq,0.719353,-10.188860
382,structure_22.bpseq,0.404906,-16.015000
382,structure_25.bpseq,0.656064,-21.181200
382,structure_28.bpseq,0.245218,-24.865900
382,structure_4.bpseq,0.631361,-15.306100
382,structure_6.bpseq,0.568894,-15.161570
382,structure_9.bpseq,0.657806,-16.818200
383,structure_1.bpseq,0.558474,-8.986310
383,structure_10.bpseq,0.430662,-13.448720
383,structure_13.bpseq,0.554189,-11.687440
383,structure_16.bpseq,0.544318,-18.343340
383,structure_18.bpseq,0.452693,-12.565350
383,structure_20.bpseq,0.308597,-13.472290
383,structure_22.bpseq,0.408115,-15.956340
383,structure_3.bpseq,0.756697,-7.902996
383,structure_5.bpseq,0.692450,-12.058010
383,structure_8.bpseq,0.846764,-11.804490
384,structure_1.bpseq,0.874407,-6.775548
384,structure_10.bpseq,0.650316,-11.079420
384,structure_13.bpseq,0.212223,-19.073870
384,structure_18.bpseq,0.660312,-11.636440
384,structure_20.bpseq,0.583387,-14.338810
384,structure_22.bpseq,0.546421,-14.204180
384,structure_24.bpseq,0.447777,-13.342110
384,structure_4.bpseq,0.602101,-9.825130
384,structure_6.bpseq,0.219591,-16.661670
384,structure_8.bpseq,0.503884,-14.068930
385,structure_1.bpseq,0.712199,-12.776280
385,structure_12.bpseq,0.265830,-12.105800
385,structure_14.bpseq,0.328161,-19.904080
385,structure_16.bpseq,0.418559,-15.927180
385,structure_18.bpseq,0.443187,-13.831280
385,structure_20.bpseq,0.421941,-12.584070
385,structure_22.bpseq,0.301882,-18.039380
385,structure_4.bpseq,0.243926,-8.415340
385,structure_6.bpseq,0.501376,-16.760380
385,structure_8.bpseq,0.392437,-12.364160
386,structure_10.bpseq,0.773115,-10.976140
386,structure_13.bpseq,0.626880,-8.988890
386,structure_16.bpseq,0.542640,-10.131330
386,structure_18.bpseq,0.580204,-15.067860
386,structure_20.bpseq,0.286799,-16.572860
386,structure_22.bpseq,0.288275,-9.371950
386,structure_24.bpseq,0.271160,-15.779060
386,structure_3.bpseq,0.678772,-11.020020
386,structure_6.bpseq,0.527524,-12.711450
386,structure_8.bpseq,0.484036,-8.589360
387,structure_11.bpseq,0.783888,-9.144710
387,structure_13.bpseq,0.596842,-12.112610
387,structure_15.bpseq,0.461745,-12.741930
387,structure_17.bpseq,0.217654,-14.503670
387,structure_19.bpseq,0.598718,-13.083130
387,structure_24.bpseq,0.426634,-14.949190
387,structure_28.bpseq,0.480563,-13.694870
387,structure_31.bpseq,0.429086,-17.863090
387,structure_4.bpseq,0.245218,-15.437790
387,structure_6.bpseq,0.710769,-11.473270
388,structure_1.bpseq,0.813206,-6.909053
388,structure_12.bpseq,0.582994,-14.986310
388,structure_13.bpseq,0.304992,-13.955200
388,structure_14.bpseq,0.285692,-14.778370
388,structure_16.bpseq,0.470636,-14.973330
388,structure_17.bpseq,0.401001,-17.913860
388,structure_3.bpseq,0.275465,-13.808640
388,structure_5.bpseq,0.444184,-8.676180
388,structure_7.bpseq,0.509552,-11.154820
388,structure_9.bpseq,0.494639,-10.016520
389,structure_1.bpseq,0.681676,-10.848200
389,structure_13.bpseq,0.554392,-13.340310
389,structure_19.bpseq,0.260553,-22.296271
389,structure_21.bpseq,0.380700,-24.048650
389,structure_23.bpseq,0.260553,-22.868811
389,structure_27.bpseq,0.340429,-21.824676
389,structure_37.bpseq,0.380886,-22.412765
389,structure_4.bpseq,0.380071,-10.383100
389,structure_46.bpseq,0.285343,-23.792130
389,structure_7.bpseq,0.416287,-9.819300
390,structure_10.bpseq,0.445767,-15.222200
390,structure_13.bpseq,0.530638,-11.259358
390,structure_16.bpseq,0.649053,-11.018786
390,structure_19.bpseq,0.463039,-16.651810
390,structure_2.bpseq,0.908903,-7.726090
390,structure_21.bpseq,0.482183,-15.765190
390,structure_22.bpseq,0.232522,-16.612350
390,structure_23.bpseq,0.451272,-17.749540
390,structure_4.bpseq,0.607052,-11.405606
390,structure_7.bpseq,0.577391,-12.263652
391,structure_1.bpseq,0.932265,-5.498850
391,structure_11.bpseq,0.240016,-15.597980
391,structure_13.bpseq,0.537978,-17.085320
391,structure_15.bpseq,0.475093,-12.571690
391,structure_19.bpseq,0.619784,-16.579120
391,structure_22.bpseq,0.248541,-13.157600
391,structure_25.bpseq,0.434984,-18.840880
391,structure_3.bpseq,0.869800,-9.969240
391,structure_5.bpseq,0.681056,-10.884355
391,structure_7.bpseq,0.445432,-14.382130
392,structure_1.bpseq,0.788675,-5.485510
392,structure_10.bpseq,0.561382,-13.764800
392,structure_13.bpseq,0.610891,-14.212760
392,structure_15.bpseq,0.466290,-12.811270
392,structure_19.bpseq,0.442103,-18.532030
392,structure_22.bpseq,0.262673,-17.319200
392,structure_24.bpseq,0.340871,-19.753350
392,structure_26.bpseq,0.239232,-22.210400
392,structure_5.bpseq,0.619591,-10.686586
392,structure_8.bpseq,0.471450,-10.212801
393,structure_1.bpseq,0.587585,-6.086620
393,structure_12.bpseq,0.374137,-11.636700
393,structure_22.bpseq,0.645067,-13.694210
393,structure_24.bpseq,0.239408,-14.479380
393,structure_29.bpseq,0.608393,-18.343770
393,structure_34.bpseq,0.500000,-13.774658
393,structure_37.bpseq,0.387095,-16.756260
393,structure_39.bpseq,0.264105,-16.871980
393,structure_4.bpseq,0.737885,-8.675380
393,structure_6.bpseq,0.722244,-8.541360
394,structure_1.bpseq,0.859597,-7.914420
394,structure_14.bpseq,0.800380,-12.053160
394,structure_17.bpseq,0.478137,-13.521910
394,structure_19.bpseq,0.466708,-15.859510
394,structure_21.bpseq,0.376641,-14.210624
394,structure_23.bpseq,0.473312,-20.261540
394,structure_26.bpseq,0.281691,-17.650840
394,structure_29.bpseq,0.692207,-21.205580
394,structure_3.bpseq,0.486068,-13.799480
394,structure_8.bpseq,0.229631,-11.564840
395,structure_10.bpseq,0.642481,-12.140540
395,structure_14.bpseq,0.552551,-14.492960
395,structure_16.bpseq,0.468676,-14.493580
395,structure_19.bpseq,0.394621,-13.890740
395,structure_21.bpseq,0.539604,-16.276370
395,structure_23.bpseq,0.565547,-16.763610
395,structure_26.bpseq,0.525586,-18.463654
395,structure_28.bpseq,0.251434,-21.434410
395,structure_3.bpseq,0.598264,-11.547100
395,structure_8.bpseq,0.564882,-9.429740
396,structure_1.bpseq,0.217274,-7.974130
396,structure_12.bpseq,0.750002,-15.166870
396,structure_14.bpseq,0.245749,-16.975940
396,structure_20.bpseq,0.233906,-12.519530
396,structure_24.bpseq,0.249558,-16.683460
396,structure_26.bpseq,0.263921,-17.670470
396,structure_28.bpseq,0.236883,-13.491010
396,structure_30.bpseq,0.460396,-19.844030
396,structure_32.bpseq,0.363903,-24.977330
396,structure_5.bpseq,0.231728,-13.470740
397,structure_14.bpseq,0.520672,-13.166990
397,structure_17.bpseq,0.465922,-12.559520
397,structure_3.bpseq,0.439821,-18.428800
397,structure_30.bpseq,0.454705,-20.514983
397,structure_36.bpseq,0.282971,-19.393811
397,structure_39.bpseq,0.462311,-22.409140
397,structure_41.bpseq,0.276393,-24.418470
397,structure_49.bpseq,0.438952,-33.690500
397,structure_6.bpseq,0.397698,-17.944250
397,structure_9.bpseq,0.432580,-18.066420
398,structure_1.bpseq,0.437983,-8.351060
398,structure_10.bpseq,0.564145,-11.404120
398,structure_12.bpseq,0.656373,-12.197100
398,structure_14.bpseq,0.468107,-13.173240
398,structure_16.bpseq,0.692373,-10.637680
398,structure_18.bpseq,0.226941,-12.788590
398,structure_20.bpseq,0.240671,-13.974560
398,structure_23.bpseq,0.488491,-16.741080
398,structure_5.bpseq,0.440644,-10.374220
398,structure_8.bpseq,0.488864,-18.353920
399,structure_1.bpseq,0.744903,-10.554380
399,structure_10.bpseq,0.524638,-11.527220
399,structure_13.bpseq,0.267790,-19.024730
399,structure_15.bpseq,0.487566,-16.879160
399,structure_18.bpseq,0.640346,-19.461988
399,structure_22.bpseq,0.222222,-26.828790
399,structure_24.bpseq,0.434878,-30.731200
399,structure_3.bpseq,0.800616,-10.249900
399,structure_5.bpseq,0.523440,-8.358300
399,structure_8.bpseq,0.435271,-13.129360
400,structure_12.bpseq,0.517817,-19.287250
400,structure_14.bpseq,0.501780,-13.849500
400,structure_16.bpseq,0.536657,-14.775590
400,structure_20.bpseq,0.533347,-13.905780
400,structure_22.bpseq,0.707713,-14.212310
400,structure_26.bpseq,0.428542,-21.554100
400,structure_28.bpseq,0.286709,-13.036400
400,structure_33.bpseq,0.533304,-22.710500
400,structure_5.bpseq,0.517817,-17.055770
400,structure_7.bpseq,0.650004,-13.976460
401,structure_1.bpseq,0.827327,-4.036700
401,structure_11.bpseq,0.647727,-16.290360
401,structure_13.bpseq,0.481656,-13.393370
401,structure_16.bpseq,0.262405,-16.421150
401,structure_19.bpseq,0.421932,-16.472530
401,structure_3.bpseq,0.868932,-6.916400
401,structure_5.bpseq,0.722855,-10.062100
401,structure_6.bpseq,0.677310,-13.129650
401,structure_7.bpseq,0.452221,-14.326230
401,structure_9.bpseq,0.677310,-15.300880
402,structure_1.bpseq,0.494956,-9.157440
402,structure_12.bpseq,0.476790,-11.538754
402,structure_14.bpseq,0.521928,-15.976580
402,structure_18.bpseq,0.512748,-18.454840
402,structure_20.bpseq,0.243319,-15.244410
402,structure_22.bpseq,0.498077,-14.792420
402,structure_24.bpseq,0.424420,-15.776510
402,structure_28.bpseq,0.353606,-22.779700
402,structure_4.bpseq,0.678430,-10.404450
402,structure_7.bpseq,0.526180,-15.004690
403,structure_1.bpseq,0.791559,-9.386840
403,structure_11.bpseq,0.641198,-9.588840
403,structure_13.bpseq,0.582658,-16.167870
403,structure_15.bpseq,0.486429,-12.546220
403,structure_17.bpseq,0.218379,-14.791873
403,structure_20.bpseq,0.204010,-21.234350
403,structure_25.bpseq,0.456280,-14.203597
403,structure_4.bpseq,0.666515,-9.777610
403,structure_6.bpseq,0.553300,-9.247130
403,structure_9.bpseq,0.443636,-8.944300
404,structure_10.bpseq,0.507856,-16.138740
404,structure_13.bpseq,0.527469,-10.666790
404,structure_15.bpseq,0.439935,-14.816090
404,structure_18.bpseq,0.447632,-14.598530
404,structure_21.bpseq,0.410470,-17.570870
404,structure_24.bpseq,0.433185,-16.152600
404,structure_26.bpseq,0.468820,-19.078540
404,structure_30.bpseq,0.274779,-17.006710
404,structure_6.bpseq,0.509278,-13.325740
404,structure_8.bpseq,0.569184,-15.981610
405,structure_1.bpseq,0.639416,-7.158690
405,structure_11.bpseq,0.407613,-12.292540
405,structure_13.bpseq,0.698874,-12.321653
405,structure_17.bpseq,0.486981,-15.852190
405,structure_19.bpseq,0.378663,-14.777810
405,structure_21.bpseq,0.461764,-16.011200
405,structure_26.bpseq,0.226139,-17.985870
405,structure_28.bpseq,0.437402,-21.916100
405,structure_3.bpseq,0.679832,-9.918470
405,structure_7.bpseq,0.454640,-9.552460
406,structure_1.bpseq,0.802178,-4.848530
406,structure_10.bpseq,0.387598,-16.461690
406,structure_13.bpseq,0.417757,-10.867533
406,structure_14.bpseq,0.373262,-19.248110
406,structure_2.bpseq,0.847491,-3.899490
406,structure_3.bpseq,0.668966,-8.295130
406,structure_4.bpseq,0.590937,-10.821175
406,structure_5.bpseq,0.719805,-10.035870
406,structure_8.bpseq,0.559425,-17.289390
406,structure_9.bpseq,0.572548,-17.019740
407,structure_1.bpseq,0.811411,-7.159750
407,structure_10.bpseq,0.160317,-12.523530
407,structure_12.bpseq,0.496609,-13.854830
407,structure_13.bpseq,0.382040,-15.109280
407,structure_15.bpseq,0.600462,-16.638030
407,structure_3.bpseq,0.378084,-10.345260
407,structure_5.bpseq,0.180199,-11.985940
407,structure_6.bpseq,0.508815,-13.347780
407,structure_7.bpseq,0.342349,-12.515730
407,structure_8.bpseq,0.169419,-15.400460
408,structure_12.bpseq,0.676548,-16.946870
408,structure_16.bpseq,0.509877,-9.452510
408,structure_2.bpseq,0.721937,-11.198110
408,structure_20.bpseq,0.504108,-10.954980
408,structure_24.bpseq,0.467962,-17.635450
408,structure_26.bpseq,0.217478,-19.947180
408,structure_30.bpseq,0.251482,-22.920110
408,structure_4.bpseq,0.450798,-8.913650
408,structure_6.bpseq,0.759615,-9.133990
408,structure_9.bpseq,0.450798,-11.849060
409,structure_1.bpseq,0.899749,-6.420800
409,structure_11.bpseq,0.525820,-20.211450
409,structure_13.bpseq,0.623271,-14.895080
409,structure_16.bpseq,0.503375,-19.969700
409,structure_18.bpseq,0.422540,-21.627510
409,structure_20.bpseq,0.230177,-22.304770
409,structure_22.bpseq,0.220950,-21.247020
409,structure_3.bpseq,0.715410,-10.996200
409,structure_6.bpseq,0.588871,-15.565390
409,structure_9.bpseq,0.495368,-15.685170
410,structure_1.bpseq,0.661032,-16.110200
410,structure_12.bpseq,0.513349,-17.700530
410,structure_14.bpseq,0.537526,-13.184190
410,structure_16.bpseq,0.504775,-19.960138
410,structure_18.bpseq,0.458260,-22.762710
410,structure_20.bpseq,0.493841,-21.796910
410,structure_22.bpseq,0.295876,-19.700717
410,structure_3.bpseq,0.655158,-9.827810
410,structure_6.bpseq,0.816527,-9.543170
410,structure_9.bpseq,0.585573,-14.664530
411,structure_1.bpseq,0.778015,-4.574330
411,structure_10.bpseq,0.585089,-10.764680
411,structure_12.bpseq,0.691622,-11.586340
411,structure_14.bpseq,0.660830,-11.239690
411,structure_16.bpseq,0.585558,-11.367260
411,structure_18.bpseq,0.403676,-16.011030
411,structure_4.bpseq,0.526838,-6.924420
411,structure_6.bpseq,0.514364,-11.884920
411,structure_8.bpseq,0.650727,-11.309590
411,structure_9.bpseq,0.653218,-9.761110
412,structure_1.bpseq,0.849624,-1.995700
412,structure_11.bpseq,0.570848,-11.551604
412,structure_12.bpseq,0.480413,-15.193890
412,structure_14.bpseq,0.479167,-19.694040
412,structure_16.bpseq,0.532898,-19.414660
412,structure_4.bpseq,0.824531,-11.101109
412,structure_5.bpseq,0.552864,-7.489840
412,structure_6.bpseq,0.583864,-10.542950
412,structure_7.bpseq,0.742137,-8.510460
412,structure_9.bpseq,0.568616,-11.627063
413,structure_1.bpseq,0.820245,-6.786000
413,structure_11.bpseq,0.498059,-16.380290
413,structure_14.bpseq,0.665760,-11.704300
413,structure_17.bpseq,0.734586,-12.590900
413,structure_20.bpseq,0.454356,-14.161360
413,structure_23.bpseq,0.502994,-16.010910
413,structure_25.bpseq,0.394591,-23.768700
413,structure_27.bpseq,0.429986,-19.499360
413,structure_5.bpseq,0.706835,-9.730900
413,structure_7.bpseq,0.708739,-10.340400
414,structure_11.bpseq,0.605276,-10.049470
414,structure_14.bpseq,0.256427,-14.297020
414,structure_18.bpseq,0.516398,-13.667370
414,structure_2.bpseq,0.656064,-9.755280
414,structure_21.bpseq,0.433609,-14.411750
414,structure_23.bpseq,0.666302,-11.379510
414,structure_30.bpseq,0.330640,-24.284130
414,structure_4.bpseq,0.246722,-10.878490
414,structure_6.bpseq,0.687557,-14.071830
414,structure_8.bpseq,0.631361,-11.495980
415,structure_1.bpseq,0.826690,-4.424130
415,structure_10.bpseq,0.513731,-15.155300
415,structure_11.bpseq,0.477989,-13.691280
415,structure_12.bpseq,0.654775,-9.995040
415,structure_13.bpseq,0.235259,-11.179920
415,structure_14.bpseq,0.535714,-14.895160
415,structure_17.bpseq,0.563953,-16.028820
415,structure_4.bpseq,0.733105,-10.334880
415,structure_7.bpseq,0.598697,-14.856590
415,structure_9.bpseq,0.565606,-13.697580
416,structure_1.bpseq,0.827331,-4.437500
416,structure_11.bpseq,0.460195,-10.969115
416,structure_14.bpseq,0.573529,-12.457851
416,structure_16.bpseq,0.548795,-18.300260
416,structure_17.bpseq,0.537880,-17.991820
416,structure_19.bpseq,0.299024,-16.513180
416,structure_4.bpseq,0.723887,-9.592510
416,structure_5.bpseq,0.524843,-14.823090
416,structure_7.bpseq,0.570613,-10.426710
416,structure_9.bpseq,0.545251,-12.734670
417,structure_1.bpseq,0.739316,-7.138010
417,structure_12.bpseq,0.682323,-9.474640
417,structure_15.bpseq,0.556796,-9.803900
417,structure_17.bpseq,0.498117,-12.778270
417,structure_20.bpseq,0.436150,-9.973060
417,structure_23.bpseq,0.591687,-15.389940
417,structure_25.bpseq,0.383909,-12.173030
417,structure_3.bpseq,0.680453,-10.223400
417,structure_5.bpseq,0.567956,-11.207150
417,structure_9.bpseq,0.622922,-12.176140
418,structure_1.bpseq,0.822887,-7.526690
418,structure_13.bpseq,0.567094,-12.071480
418,structure_16.bpseq,0.590392,-11.846550
418,structure_25.bpseq,0.436819,-19.048800
418,structure_27.bpseq,0.249570,-14.281020
418,structure_3.bpseq,0.599819,-13.823550
418,structure_30.bpseq,0.410714,-20.330590
418,structure_5.bpseq,0.560082,-12.248300
418,structure_7.bpseq,0.615696,-11.192700
418,structure_9.bpseq,0.442130,-13.821530
419,structure_1.bpseq,0.591550,-10.499649
419,structure_10.bpseq,0.214674,-16.350660
419,structure_13.bpseq,0.523973,-15.515480
419,structure_16.bpseq,0.508123,-16.083100
419,structure_18.bpseq,0.609968,-13.506420
419,structure_22.bpseq,0.488312,-15.556100
419,structure_27.bpseq,0.214674,-23.789000
419,structure_3.bpseq,0.747094,-9.099660
419,structure_5.bpseq,0.426122,-20.804720
419,structure_8.bpseq,0.235865,-13.964540
420,structure_1.bpseq,0.516611,-5.671550
420,structure_12.bpseq,0.463350,-12.476000
420,structure_14.bpseq,0.501005,-12.823190
420,structure_17.bpseq,0.251482,-21.796320
420,structure_20.bpseq,0.497835,-20.013020
420,structure_23.bpseq,0.218644,-21.811420
420,structure_25.bpseq,0.225819,-26.012420
420,structure_5.bpseq,0.472198,-9.210428
420,structure_7.bpseq,0.670030,-12.697040
420,structure_9.bpseq,0.595173,-10.798130
421,structure_10.bpseq,0.512059,-18.292150
421,structure_17.bpseq,0.533724,-18.769200
421,structure_19.bpseq,0.170086,-15.309520
421,structure_22.bpseq,0.258212,-16.062760
421,structure_24.bpseq,0.355915,-17.056270
421,structure_27.bpseq,0.341063,-21.284300
421,structure_30.bpseq,0.356475,-18.738450
421,structure_4.bpseq,0.340534,-8.523150
421,structure_6.bpseq,0.718703,-14.773960
421,structure_8.bpseq,0.529485,-14.950490
422,structure_1.bpseq,0.638890,-6.764940
422,structure_11.bpseq,0.511534,-17.827470
422,structure_12.bpseq,0.284202,-20.786000
422,structure_13.bpseq,0.284202,-13.174780
422,structure_14.bpseq,0.280825,-19.158140
422,structure_3.bpseq,0.601755,-9.658625
422,structure_5.bpseq,0.409118,-10.891127
422,structure_6.bpseq,0.496158,-11.678780
422,structure_8.bpseq,0.573865,-16.942780
422,structure_9.bpseq,0.413087,-15.813980
423,structure_1.bpseq,0.728218,-12.570740
423,structure_11.bpseq,0.518300,-11.082650
423,structure_17.bpseq,0.692967,-16.832280
423,structure_19.bpseq,0.637143,-18.249950
423,structure_23.bpseq,0.573193,-18.389390
423,structure_29.bpseq,0.183216,-18.633930
423,structure_31.bpseq,0.207551,-18.386650
423,structure_4.bpseq,0.424999,-14.179290
423,structure_6.bpseq,0.809635,-12.071430
423,structure_9.bpseq,0.714603,-13.345960
424,structure_1.bpseq,0.934248,-5.338890
424,structure_11.bpseq,0.523388,-10.520610
424,structure_16.bpseq,0.513042,-13.655190
424,structure_20.bpseq,0.482331,-15.129110
424,structure_22.bpseq,0.520844,-19.658240
424,structure_24.bpseq,0.475703,-18.427700
424,structure_26.bpseq,0.557724,-17.529900
424,structure_3.bpseq,0.727076,-7.910130
424,structure_7.bpseq,0.781448,-7.012970
424,structure_9.bpseq,0.620338,-11.568080
425,structure_1.bpseq,0.688794,-11.060180
425,structure_10.bpseq,0.539444,-19.439190
425,structure_13.bpseq,0.253443,-15.100180
425,structure_15.bpseq,0.250566,-16.530190
425,structure_19.bpseq,0.274088,-13.766450
425,structure_21.bpseq,0.446337,-15.090100
425,structure_24.bpseq,0.255252,-19.198490
425,structure_3.bpseq,0.602674,-11.066630
425,structure_5.bpseq,0.817703,-9.200630
425,structure_7.bpseq,0.539709,-10.777190
426,structure_11.bpseq,0.493663,-14.160850
426,structure_15.bpseq,0.280306,-15.987050
426,structure_19.bpseq,0.263116,-16.039800
426,structure_2.bpseq,0.378554,-11.832930
426,structure_24.bpseq,0.364126,-20.956070
426,structure_26.bpseq,0.542894,-19.894670
426,structure_30.bpseq,0.239180,-25.715870
426,structure_35.bpseq,0.385328,-20.200470
426,structure_41.bpseq,0.252661,-22.347370
426,structure_6.bpseq,0.432198,-11.874510
427,structure_1.bpseq,0.745668,-9.522700
427,structure_11.bpseq,0.243652,-14.615980
427,structure_14.bpseq,0.620282,-14.769510
427,structure_19.bpseq,0.263562,-16.577050
427,structure_21.bpseq,0.800247,-10.317371
427,structure_25.bpseq,0.659350,-17.411520
427,structure_29.bpseq,0.275465,-18.941790
427,structure_5.bpseq,0.609961,-12.913310
427,structure_7.bpseq,0.227335,-13.702700
427,structure_9.bpseq,0.243652,-13.555830
428,structure_1.bpseq,0.736504,-8.917970
428,structure_12.bpseq,0.385292,-15.259400
428,structure_14.bpseq,0.255606,-14.648830
428,structure_16.bpseq,0.263041,-14.983170
428,structure_19.bpseq,0.288968,-15.786280
428,structure_3.bpseq,0.764557,-10.028050
428,structure_4.bpseq,0.500000,-13.953390
428,structure_5.bpseq,0.561720,-12.898470
428,structure_7.bpseq,0.267252,-11.445280
428,structure_9.bpseq,0.446242,-13.216520
429,structure_1.bpseq,0.794960,-12.385030
429,structure_11.bpseq,0.498206,-10.010910
429,structure_14.bpseq,0.238512,-14.927480
429,structure_17.bpseq,0.644338,-13.380880
429,structure_20.bpseq,0.466106,-13.921240
429,structure_23.bpseq,0.269994,-16.506150
429,structure_27.bpseq,0.467122,-17.130250
429,structure_29.bpseq,0.216939,-17.919950
429,structure_3.bpseq,0.600668,-19.580450
429,structure_9.bpseq,0.574198,-13.076320
