cuda-12.4 loaded successful
gcc-12.2.0 loaded successful
正在拆分多序列 FASTA 文件: /home/bingxing2/home/scx7auf/Shihaoxuan/graduate/data/RE-datasetA/trainseta.fasta
SPLIT:0:0
SPLIT:1:1
SPLIT:10:10
SPLIT:100:100
SPLIT:1000:1000
SPLIT:1001:1001
SPLIT:1002:1002
SPLIT:1003:1003
SPLIT:1004:1004
SPLIT:1005:1005
SPLIT:1006:1006
SPLIT:1007:1007
SPLIT:1008:1008
SPLIT:101:101
SPLIT:1010:1010
SPLIT:1011:1011
SPLIT:1012:1012
SPLIT:1013:1013
SPLIT:1014:1014
SPLIT:1015:1015
SPLIT:1016:1016
SPLIT:1018:1018
SPLIT:1019:1019
SPLIT:102:102
SPLIT:1020:1020
SPLIT:1021:1021
SPLIT:1022:1022
SPLIT:1023:1023
SPLIT:1024:1024
SPLIT:1025:1025
SPLIT:1026:1026
SPLIT:1027:1027
SPLIT:1028:1028
SPLIT:1029:1029
SPLIT:103:103
SPLIT:1030:1030
SPLIT:1031:1031
SPLIT:1032:1032
SPLIT:1033:1033
SPLIT:1034:1034
SPLIT:1035:1035
SPLIT:1036:1036
SPLIT:1038:1038
SPLIT:1039:1039
SPLIT:104:104
SPLIT:1040:1040
SPLIT:1041:1041
SPLIT:1042:1042
SPLIT:1043:1043
SPLIT:1044:1044
SPLIT:1045:1045
SPLIT:1046:1046
SPLIT:1047:1047
SPLIT:1048:1048
SPLIT:1049:1049
SPLIT:105:105
SPLIT:1050:1050
SPLIT:1051:1051
SPLIT:1052:1052
SPLIT:1053:1053
SPLIT:1054:1054
SPLIT:1055:1055
SPLIT:1056:1056
SPLIT:1057:1057
SPLIT:1058:1058
SPLIT:1059:1059
SPLIT:106:106
SPLIT:1060:1060
SPLIT:1061:1061
SPLIT:1062:1062
SPLIT:1063:1063
SPLIT:1064:1064
SPLIT:1065:1065
SPLIT:1066:1066
SPLIT:1067:1067
SPLIT:1068:1068
SPLIT:1069:1069
SPLIT:107:107
SPLIT:1070:1070
SPLIT:1071:1071
SPLIT:1072:1072
SPLIT:1074:1074
SPLIT:1075:1075
SPLIT:1076:1076
SPLIT:1077:1077
SPLIT:1078:1078
SPLIT:1079:1079
SPLIT:108:108
SPLIT:1081:1081
SPLIT:1082:1082
SPLIT:1083:1083
SPLIT:1084:1084
SPLIT:1085:1085
SPLIT:1086:1086
SPLIT:1087:1087
SPLIT:1088:1088
SPLIT:1089:1089
SPLIT:109:109
SPLIT:1090:1090
SPLIT:1091:1091
SPLIT:1092:1092
SPLIT:1093:1093
SPLIT:1094:1094
SPLIT:1095:1095
SPLIT:1097:1097
SPLIT:1098:1098
SPLIT:1099:1099
SPLIT:11:11
SPLIT:110:110
SPLIT:1100:1100
SPLIT:1101:1101
SPLIT:1102:1102
SPLIT:1103:1103
SPLIT:1104:1104
SPLIT:1105:1105
SPLIT:1106:1106
SPLIT:1107:1107
SPLIT:1108:1108
SPLIT:1109:1109
SPLIT:111:111
SPLIT:1111:1111
SPLIT:1112:1112
SPLIT:1113:1113
SPLIT:1114:1114
SPLIT:1115:1115
SPLIT:1116:1116
SPLIT:1117:1117
SPLIT:1118:1118
SPLIT:1119:1119
SPLIT:112:112
SPLIT:1120:1120
SPLIT:1121:1121
SPLIT:1122:1122
SPLIT:1123:1123
SPLIT:1124:1124
SPLIT:1125:1125
SPLIT:1126:1126
SPLIT:1127:1127
SPLIT:1128:1128
SPLIT:1129:1129
SPLIT:113:113
SPLIT:1130:1130
SPLIT:1131:1131
SPLIT:1133:1133
SPLIT:1134:1134
SPLIT:1135:1135
SPLIT:1136:1136
SPLIT:1137:1137
SPLIT:1138:1138
SPLIT:1139:1139
SPLIT:114:114
SPLIT:1140:1140
SPLIT:1141:1141
SPLIT:1142:1142
SPLIT:1143:1143
SPLIT:1144:1144
SPLIT:1145:1145
SPLIT:1146:1146
SPLIT:1147:1147
SPLIT:1148:1148
SPLIT:1149:1149
SPLIT:115:115
SPLIT:1150:1150
SPLIT:1151:1151
SPLIT:1152:1152
SPLIT:1154:1154
SPLIT:1155:1155
SPLIT:1156:1156
SPLIT:1157:1157
SPLIT:1158:1158
SPLIT:1159:1159
SPLIT:116:116
SPLIT:1160:1160
SPLIT:1161:1161
SPLIT:1162:1162
SPLIT:1163:1163
SPLIT:1164:1164
SPLIT:1165:1165
SPLIT:1166:1166
SPLIT:1167:1167
SPLIT:1168:1168
SPLIT:1169:1169
SPLIT:117:117
SPLIT:1170:1170
SPLIT:1171:1171
SPLIT:1172:1172
SPLIT:1173:1173
SPLIT:1174:1174
SPLIT:1175:1175
SPLIT:1176:1176
SPLIT:1177:1177
SPLIT:1178:1178
SPLIT:1179:1179
SPLIT:118:118
SPLIT:1180:1180
SPLIT:1181:1181
SPLIT:1182:1182
SPLIT:1183:1183
SPLIT:1184:1184
SPLIT:1185:1185
SPLIT:1186:1186
SPLIT:1187:1187
SPLIT:1188:1188
SPLIT:1189:1189
SPLIT:119:119
SPLIT:1190:1190
SPLIT:1191:1191
SPLIT:1192:1192
SPLIT:1193:1193
SPLIT:1194:1194
SPLIT:1195:1195
SPLIT:1196:1196
SPLIT:1197:1197
SPLIT:1198:1198
SPLIT:1199:1199
SPLIT:12:12
SPLIT:120:120
SPLIT:1200:1200
SPLIT:1201:1201
SPLIT:1202:1202
SPLIT:1203:1203
SPLIT:1204:1204
SPLIT:1205:1205
SPLIT:1206:1206
SPLIT:1207:1207
SPLIT:1208:1208
SPLIT:1209:1209
SPLIT:121:121
SPLIT:1210:1210
SPLIT:1211:1211
SPLIT:1212:1212
SPLIT:1213:1213
SPLIT:1214:1214
SPLIT:1215:1215
SPLIT:1216:1216
SPLIT:1217:1217
SPLIT:1218:1218
SPLIT:122:122
SPLIT:1220:1220
SPLIT:1221:1221
SPLIT:1222:1222
SPLIT:1223:1223
SPLIT:1224:1224
SPLIT:1225:1225
SPLIT:1227:1227
SPLIT:1228:1228
SPLIT:123:123
SPLIT:1230:1230
SPLIT:1231:1231
SPLIT:1232:1232
SPLIT:1233:1233
SPLIT:1234:1234
SPLIT:1235:1235
SPLIT:1236:1236
SPLIT:1237:1237
SPLIT:1238:1238
SPLIT:1239:1239
SPLIT:124:124
SPLIT:1240:1240
SPLIT:1242:1242
SPLIT:1243:1243
SPLIT:1244:1244
SPLIT:1245:1245
SPLIT:1246:1246
SPLIT:1247:1247
SPLIT:1248:1248
SPLIT:125:125
SPLIT:1250:1250
SPLIT:1251:1251
SPLIT:1252:1252
SPLIT:1253:1253
SPLIT:1255:1255
SPLIT:1256:1256
SPLIT:1257:1257
SPLIT:1258:1258
SPLIT:1259:1259
SPLIT:126:126
SPLIT:1260:1260
SPLIT:1261:1261
SPLIT:1263:1263
SPLIT:1264:1264
SPLIT:1265:1265
SPLIT:1266:1266
SPLIT:1267:1267
SPLIT:1268:1268
SPLIT:1269:1269
SPLIT:127:127
SPLIT:1270:1270
SPLIT:1271:1271
SPLIT:1273:1273
SPLIT:1274:1274
SPLIT:1275:1275
SPLIT:1276:1276
SPLIT:1278:1278
SPLIT:1279:1279
SPLIT:128:128
SPLIT:1280:1280
SPLIT:1281:1281
SPLIT:1283:1283
SPLIT:1284:1284
SPLIT:1285:1285
SPLIT:1286:1286
SPLIT:1287:1287
SPLIT:1288:1288
SPLIT:1289:1289
SPLIT:129:129
SPLIT:1290:1290
SPLIT:1291:1291
SPLIT:1292:1292
SPLIT:1293:1293
SPLIT:1294:1294
SPLIT:1295:1295
SPLIT:1296:1296
SPLIT:1297:1297
SPLIT:1298:1298
SPLIT:1299:1299
SPLIT:13:13
SPLIT:130:130
SPLIT:1300:1300
SPLIT:1301:1301
SPLIT:1302:1302
SPLIT:1303:1303
SPLIT:1305:1305
SPLIT:1306:1306
SPLIT:1307:1307
SPLIT:1308:1308
SPLIT:1309:1309
SPLIT:131:131
SPLIT:1310:1310
SPLIT:1311:1311
SPLIT:1312:1312
SPLIT:1313:1313
SPLIT:1314:1314
SPLIT:1316:1316
SPLIT:1317:1317
SPLIT:1318:1318
SPLIT:1319:1319
SPLIT:132:132
SPLIT:1320:1320
SPLIT:1321:1321
SPLIT:1322:1322
SPLIT:1323:1323
SPLIT:1324:1324
SPLIT:1325:1325
SPLIT:1326:1326
SPLIT:1327:1327
SPLIT:1328:1328
SPLIT:1329:1329
SPLIT:133:133
SPLIT:1330:1330
SPLIT:1331:1331
SPLIT:1332:1332
SPLIT:1333:1333
SPLIT:1334:1334
SPLIT:1336:1336
SPLIT:1337:1337
SPLIT:1338:1338
SPLIT:1339:1339
SPLIT:134:134
SPLIT:1340:1340
SPLIT:1341:1341
SPLIT:1342:1342
SPLIT:1343:1343
SPLIT:1344:1344
SPLIT:1345:1345
SPLIT:1346:1346
SPLIT:1347:1347
SPLIT:1348:1348
SPLIT:1349:1349
SPLIT:135:135
SPLIT:1350:1350
SPLIT:1351:1351
SPLIT:1353:1353
SPLIT:1354:1354
SPLIT:1355:1355
SPLIT:1356:1356
SPLIT:1357:1357
SPLIT:1358:1358
SPLIT:1359:1359
SPLIT:136:136
SPLIT:1360:1360
SPLIT:1361:1361
SPLIT:1362:1362
SPLIT:1364:1364
SPLIT:1365:1365
SPLIT:1366:1366
SPLIT:1367:1367
SPLIT:1368:1368
SPLIT:1369:1369
SPLIT:137:137
SPLIT:1370:1370
SPLIT:1371:1371
SPLIT:1372:1372
SPLIT:1373:1373
SPLIT:1374:1374
SPLIT:1375:1375
SPLIT:1376:1376
SPLIT:1377:1377
SPLIT:1378:1378
SPLIT:1379:1379
SPLIT:138:138
SPLIT:1380:1380
SPLIT:1381:1381
SPLIT:1382:1382
SPLIT:1383:1383
SPLIT:1384:1384
SPLIT:1385:1385
SPLIT:1386:1386
SPLIT:1387:1387
SPLIT:1388:1388
SPLIT:1389:1389
SPLIT:139:139
SPLIT:1390:1390
SPLIT:1394:1394
SPLIT:1395:1395
SPLIT:1396:1396
SPLIT:1397:1397
SPLIT:1398:1398
SPLIT:1399:1399
SPLIT:14:14
SPLIT:1400:1400
SPLIT:1401:1401
SPLIT:1402:1402
SPLIT:1403:1403
SPLIT:1404:1404
SPLIT:1405:1405
SPLIT:1406:1406
SPLIT:1407:1407
SPLIT:1408:1408
SPLIT:1409:1409
SPLIT:141:141
SPLIT:1410:1410
SPLIT:1411:1411
SPLIT:1412:1412
SPLIT:1413:1413
SPLIT:1414:1414
SPLIT:1415:1415
SPLIT:1416:1416
SPLIT:1417:1417
SPLIT:1418:1418
SPLIT:1419:1419
SPLIT:142:142
SPLIT:1420:1420
SPLIT:1421:1421
SPLIT:1422:1422
SPLIT:1423:1423
SPLIT:1424:1424
SPLIT:1425:1425
SPLIT:1426:1426
SPLIT:1427:1427
SPLIT:1428:1428
SPLIT:1429:1429
SPLIT:143:143
SPLIT:1430:1430
SPLIT:1431:1431
SPLIT:1433:1433
SPLIT:1434:1434
SPLIT:1435:1435
SPLIT:1436:1436
SPLIT:1437:1437
SPLIT:1438:1438
SPLIT:1439:1439
SPLIT:144:144
SPLIT:1440:1440
SPLIT:1441:1441
SPLIT:1442:1442
SPLIT:1443:1443
SPLIT:1446:1446
SPLIT:1447:1447
SPLIT:1448:1448
SPLIT:1449:1449
SPLIT:145:145
SPLIT:1450:1450
SPLIT:1451:1451
SPLIT:1452:1452
SPLIT:1453:1453
SPLIT:1454:1454
SPLIT:1455:1455
SPLIT:1456:1456
SPLIT:1457:1457
SPLIT:1458:1458
SPLIT:1459:1459
SPLIT:146:146
SPLIT:1460:1460
SPLIT:1461:1461
SPLIT:1462:1462
SPLIT:1463:1463
SPLIT:1464:1464
SPLIT:1465:1465
SPLIT:1466:1466
SPLIT:1467:1467
SPLIT:1468:1468
SPLIT:147:147
SPLIT:1470:1470
SPLIT:1471:1471
SPLIT:1472:1472
SPLIT:1473:1473
SPLIT:1474:1474
SPLIT:1477:1477
SPLIT:1478:1478
SPLIT:1479:1479
SPLIT:148:148
SPLIT:1480:1480
SPLIT:1481:1481
SPLIT:1483:1483
SPLIT:1484:1484
SPLIT:1487:1487
SPLIT:1488:1488
SPLIT:149:149
SPLIT:1490:1490
SPLIT:1491:1491
SPLIT:1492:1492
SPLIT:1493:1493
SPLIT:1495:1495
SPLIT:1496:1496
SPLIT:1497:1497
SPLIT:1498:1498
SPLIT:1499:1499
SPLIT:15:15
SPLIT:150:150
SPLIT:1500:1500
SPLIT:1501:1501
SPLIT:1502:1502
SPLIT:1503:1503
SPLIT:1504:1504
SPLIT:1505:1505
SPLIT:1506:1506
SPLIT:1507:1507
SPLIT:1508:1508
SPLIT:1509:1509
SPLIT:151:151
SPLIT:1510:1510
SPLIT:1511:1511
SPLIT:1512:1512
SPLIT:1513:1513
SPLIT:1514:1514
SPLIT:1516:1516
SPLIT:1517:1517
SPLIT:1518:1518
SPLIT:1519:1519
SPLIT:152:152
SPLIT:1522:1522
SPLIT:1523:1523
SPLIT:1525:1525
SPLIT:1526:1526
SPLIT:1527:1527
SPLIT:1528:1528
SPLIT:1529:1529
SPLIT:153:153
SPLIT:1530:1530
SPLIT:1532:1532
SPLIT:1533:1533
SPLIT:1534:1534
SPLIT:1536:1536
SPLIT:1537:1537
SPLIT:1538:1538
SPLIT:1539:1539
SPLIT:154:154
SPLIT:1540:1540
SPLIT:1541:1541
SPLIT:1542:1542
SPLIT:1543:1543
SPLIT:1544:1544
SPLIT:1545:1545
SPLIT:1546:1546
SPLIT:1547:1547
SPLIT:1548:1548
SPLIT:155:155
SPLIT:1550:1550
SPLIT:1551:1551
SPLIT:1552:1552
SPLIT:1554:1554
SPLIT:1555:1555
SPLIT:1556:1556
SPLIT:1557:1557
SPLIT:1558:1558
SPLIT:1559:1559
SPLIT:156:156
SPLIT:1560:1560
SPLIT:1561:1561
SPLIT:1562:1562
SPLIT:1563:1563
SPLIT:1564:1564
SPLIT:1565:1565
SPLIT:1566:1566
SPLIT:1568:1568
SPLIT:1569:1569
SPLIT:157:157
SPLIT:1570:1570
SPLIT:1571:1571
SPLIT:1572:1572
SPLIT:1573:1573
SPLIT:1574:1574
SPLIT:1575:1575
SPLIT:1576:1576
SPLIT:1577:1577
SPLIT:1578:1578
SPLIT:1579:1579
SPLIT:158:158
SPLIT:1581:1581
SPLIT:1582:1582
SPLIT:1583:1583
SPLIT:1584:1584
SPLIT:1585:1585
SPLIT:1586:1586
SPLIT:1587:1587
SPLIT:1588:1588
SPLIT:1589:1589
SPLIT:159:159
SPLIT:1590:1590
SPLIT:1591:1591
SPLIT:1592:1592
SPLIT:1593:1593
SPLIT:1594:1594
SPLIT:1596:1596
SPLIT:1597:1597
SPLIT:1598:1598
SPLIT:1599:1599
SPLIT:16:16
SPLIT:160:160
SPLIT:1600:1600
SPLIT:1601:1601
SPLIT:1602:1602
SPLIT:1603:1603
SPLIT:1604:1604
SPLIT:1605:1605
SPLIT:1606:1606
SPLIT:1607:1607
SPLIT:1608:1608
SPLIT:1609:1609
SPLIT:161:161
SPLIT:1610:1610
SPLIT:1611:1611
SPLIT:1612:1612
SPLIT:1613:1613
SPLIT:1614:1614
SPLIT:1615:1615
SPLIT:1616:1616
SPLIT:1617:1617
SPLIT:162:162
SPLIT:1620:1620
SPLIT:1621:1621
SPLIT:1622:1622
SPLIT:1623:1623
SPLIT:1624:1624
SPLIT:1625:1625
SPLIT:1626:1626
SPLIT:1627:1627
SPLIT:1628:1628
SPLIT:1629:1629
SPLIT:163:163
SPLIT:1630:1630
SPLIT:1631:1631
SPLIT:1632:1632
SPLIT:1633:1633
SPLIT:1634:1634
SPLIT:1635:1635
SPLIT:1636:1636
SPLIT:1637:1637
SPLIT:1638:1638
SPLIT:1639:1639
SPLIT:164:164
SPLIT:1641:1641
SPLIT:1642:1642
SPLIT:1643:1643
SPLIT:1644:1644
SPLIT:1645:1645
SPLIT:1646:1646
SPLIT:1647:1647
SPLIT:1648:1648
SPLIT:1649:1649
SPLIT:165:165
SPLIT:1650:1650
SPLIT:1651:1651
SPLIT:1653:1653
SPLIT:1655:1655
SPLIT:1656:1656
SPLIT:1657:1657
SPLIT:1658:1658
SPLIT:1659:1659
SPLIT:166:166
SPLIT:1660:1660
SPLIT:1661:1661
SPLIT:1662:1662
SPLIT:1663:1663
SPLIT:1664:1664
SPLIT:1665:1665
SPLIT:1666:1666
SPLIT:1667:1667
SPLIT:1668:1668
SPLIT:1669:1669
SPLIT:167:167
SPLIT:1670:1670
SPLIT:1671:1671
SPLIT:1672:1672
SPLIT:1673:1673
SPLIT:1674:1674
SPLIT:1675:1675
SPLIT:1676:1676
SPLIT:1677:1677
SPLIT:1678:1678
SPLIT:1679:1679
SPLIT:168:168
SPLIT:1680:1680
SPLIT:1681:1681
SPLIT:1682:1682
SPLIT:1683:1683
SPLIT:1684:1684
SPLIT:1685:1685
SPLIT:1686:1686
SPLIT:1687:1687
SPLIT:1688:1688
SPLIT:1689:1689
SPLIT:169:169
SPLIT:1690:1690
SPLIT:1691:1691
SPLIT:1692:1692
SPLIT:1693:1693
SPLIT:1694:1694
SPLIT:1695:1695
SPLIT:1696:1696
SPLIT:1697:1697
SPLIT:1698:1698
SPLIT:1699:1699
SPLIT:17:17
SPLIT:170:170
SPLIT:1700:1700
SPLIT:1701:1701
SPLIT:1702:1702
SPLIT:1703:1703
SPLIT:1704:1704
SPLIT:1705:1705
SPLIT:1706:1706
SPLIT:1707:1707
SPLIT:1708:1708
SPLIT:1709:1709
SPLIT:171:171
SPLIT:1710:1710
SPLIT:1711:1711
SPLIT:1712:1712
SPLIT:1713:1713
SPLIT:1714:1714
SPLIT:1715:1715
SPLIT:1716:1716
SPLIT:1717:1717
SPLIT:1718:1718
SPLIT:1719:1719
SPLIT:172:172
SPLIT:1720:1720
SPLIT:1721:1721
SPLIT:1722:1722
SPLIT:1723:1723
SPLIT:1724:1724
SPLIT:1725:1725
SPLIT:1726:1726
SPLIT:1727:1727
SPLIT:1728:1728
SPLIT:1729:1729
SPLIT:173:173
SPLIT:1730:1730
SPLIT:1731:1731
SPLIT:1732:1732
SPLIT:1733:1733
SPLIT:1734:1734
SPLIT:1735:1735
SPLIT:1736:1736
SPLIT:1737:1737
SPLIT:1738:1738
SPLIT:1739:1739
SPLIT:174:174
SPLIT:1740:1740
SPLIT:1741:1741
SPLIT:1742:1742
SPLIT:1743:1743
SPLIT:1744:1744
SPLIT:1745:1745
SPLIT:1746:1746
SPLIT:1747:1747
SPLIT:1748:1748
SPLIT:1749:1749
SPLIT:175:175
SPLIT:1750:1750
SPLIT:1751:1751
SPLIT:1752:1752
SPLIT:1753:1753
SPLIT:1756:1756
SPLIT:1757:1757
SPLIT:1758:1758
SPLIT:176:176
SPLIT:1760:1760
SPLIT:1761:1761
SPLIT:1762:1762
SPLIT:1763:1763
SPLIT:1764:1764
SPLIT:1765:1765
SPLIT:1766:1766
SPLIT:1767:1767
SPLIT:1769:1769
SPLIT:177:177
SPLIT:1770:1770
SPLIT:1771:1771
SPLIT:1772:1772
SPLIT:1773:1773
SPLIT:1774:1774
SPLIT:1775:1775
SPLIT:1776:1776
SPLIT:1777:1777
SPLIT:1778:1778
SPLIT:1779:1779
SPLIT:178:178
SPLIT:1780:1780
SPLIT:1782:1782
SPLIT:1783:1783
SPLIT:1784:1784
SPLIT:1785:1785
SPLIT:1786:1786
SPLIT:1787:1787
SPLIT:1788:1788
SPLIT:1789:1789
SPLIT:179:179
SPLIT:1790:1790
SPLIT:1791:1791
SPLIT:1792:1792
SPLIT:1793:1793
SPLIT:1794:1794
SPLIT:1795:1795
SPLIT:1796:1796
SPLIT:1797:1797
SPLIT:1798:1798
SPLIT:1799:1799
SPLIT:18:18
SPLIT:180:180
SPLIT:1800:1800
SPLIT:1801:1801
SPLIT:1802:1802
SPLIT:1803:1803
SPLIT:1804:1804
SPLIT:1808:1808
SPLIT:1809:1809
SPLIT:1810:1810
SPLIT:1811:1811
SPLIT:1815:1815
SPLIT:1817:1817
SPLIT:1818:1818
SPLIT:182:182
SPLIT:1820:1820
SPLIT:1822:1822
SPLIT:1824:1824
SPLIT:1825:1825
SPLIT:1826:1826
SPLIT:1828:1828
SPLIT:183:183
SPLIT:1830:1830
SPLIT:1831:1831
SPLIT:1832:1832
SPLIT:1834:1834
SPLIT:1835:1835
SPLIT:1837:1837
SPLIT:1838:1838
SPLIT:184:184
SPLIT:1844:1844
SPLIT:185:185
SPLIT:1850:1850
SPLIT:1852:1852
SPLIT:1853:1853
SPLIT:1854:1854
SPLIT:1855:1855
SPLIT:1857:1857
SPLIT:1859:1859
SPLIT:186:186
SPLIT:1860:1860
SPLIT:1861:1861
SPLIT:1864:1864
SPLIT:1866:1866
SPLIT:1868:1868
SPLIT:1869:1869
SPLIT:187:187
SPLIT:1870:1870
SPLIT:1871:1871
SPLIT:1872:1872
SPLIT:1873:1873
SPLIT:1874:1874
SPLIT:1875:1875
SPLIT:1876:1876
SPLIT:1877:1877
SPLIT:1878:1878
SPLIT:1879:1879
SPLIT:188:188
SPLIT:1880:1880
SPLIT:1881:1881
SPLIT:1882:1882
SPLIT:1883:1883
SPLIT:1884:1884
SPLIT:1885:1885
SPLIT:1886:1886
SPLIT:1887:1887
SPLIT:1888:1888
SPLIT:1889:1889
SPLIT:189:189
SPLIT:1890:1890
SPLIT:1891:1891
SPLIT:1892:1892
SPLIT:1893:1893
SPLIT:1894:1894
SPLIT:1895:1895
SPLIT:1896:1896
SPLIT:1897:1897
SPLIT:1898:1898
SPLIT:1899:1899
SPLIT:19:19
SPLIT:190:190
SPLIT:1900:1900
SPLIT:1901:1901
SPLIT:1902:1902
SPLIT:1903:1903
SPLIT:1904:1904
SPLIT:1905:1905
SPLIT:1906:1906
SPLIT:1907:1907
SPLIT:1908:1908
SPLIT:1909:1909
SPLIT:191:191
SPLIT:1910:1910
SPLIT:1911:1911
SPLIT:1912:1912
SPLIT:1913:1913
SPLIT:1914:1914
SPLIT:1915:1915
SPLIT:1916:1916
SPLIT:1917:1917
SPLIT:1918:1918
SPLIT:1919:1919
SPLIT:192:192
SPLIT:1920:1920
SPLIT:1921:1921
SPLIT:1922:1922
SPLIT:1923:1923
SPLIT:1924:1924
SPLIT:1925:1925
SPLIT:1926:1926
SPLIT:1927:1927
SPLIT:1928:1928
SPLIT:1929:1929
SPLIT:193:193
SPLIT:1930:1930
SPLIT:1931:1931
SPLIT:1932:1932
SPLIT:1933:1933
SPLIT:1934:1934
SPLIT:1935:1935
SPLIT:1936:1936
SPLIT:1937:1937
SPLIT:1938:1938
SPLIT:1939:1939
SPLIT:194:194
SPLIT:1940:1940
SPLIT:1941:1941
SPLIT:1942:1942
SPLIT:1943:1943
SPLIT:1944:1944
SPLIT:1945:1945
SPLIT:1946:1946
SPLIT:1947:1947
SPLIT:1948:1948
SPLIT:1949:1949
SPLIT:195:195
SPLIT:1950:1950
SPLIT:1951:1951
SPLIT:1952:1952
SPLIT:1953:1953
SPLIT:1954:1954
SPLIT:1955:1955
SPLIT:1956:1956
SPLIT:1957:1957
SPLIT:1958:1958
SPLIT:1959:1959
SPLIT:196:196
SPLIT:1960:1960
SPLIT:1961:1961
SPLIT:1962:1962
SPLIT:1963:1963
SPLIT:1964:1964
SPLIT:1965:1965
SPLIT:1966:1966
SPLIT:1967:1967
SPLIT:1968:1968
SPLIT:1969:1969
SPLIT:197:197
SPLIT:1970:1970
SPLIT:1971:1971
SPLIT:1972:1972
SPLIT:1973:1973
SPLIT:1974:1974
SPLIT:1975:1975
SPLIT:1976:1976
SPLIT:1977:1977
SPLIT:1978:1978
SPLIT:1979:1979
SPLIT:198:198
SPLIT:1980:1980
SPLIT:1981:1981
SPLIT:1982:1982
SPLIT:1983:1983
SPLIT:1984:1984
SPLIT:1985:1985
SPLIT:1986:1986
SPLIT:1987:1987
SPLIT:1988:1988
SPLIT:1989:1989
SPLIT:199:199
SPLIT:1990:1990
SPLIT:1991:1991
SPLIT:1992:1992
SPLIT:1993:1993
SPLIT:1994:1994
SPLIT:1995:1995
SPLIT:1996:1996
SPLIT:1997:1997
SPLIT:1998:1998
SPLIT:1999:1999
SPLIT:2:2
SPLIT:20:20
SPLIT:200:200
SPLIT:2000:2000
SPLIT:2001:2001
SPLIT:2002:2002
SPLIT:2003:2003
SPLIT:2004:2004
SPLIT:2005:2005
SPLIT:2006:2006
SPLIT:2007:2007
SPLIT:2008:2008
SPLIT:2009:2009
SPLIT:201:201
SPLIT:2010:2010
SPLIT:2011:2011
SPLIT:2012:2012
SPLIT:2013:2013
SPLIT:2014:2014
SPLIT:2015:2015
SPLIT:2016:2016
SPLIT:2017:2017
SPLIT:2018:2018
SPLIT:2019:2019
SPLIT:202:202
SPLIT:2020:2020
SPLIT:2021:2021
SPLIT:2022:2022
SPLIT:2023:2023
SPLIT:2024:2024
SPLIT:2025:2025
SPLIT:2026:2026
SPLIT:2027:2027
SPLIT:2028:2028
SPLIT:2029:2029
SPLIT:203:203
SPLIT:2030:2030
SPLIT:2031:2031
SPLIT:2032:2032
SPLIT:2033:2033
SPLIT:2034:2034
SPLIT:2035:2035
SPLIT:2036:2036
SPLIT:2037:2037
SPLIT:2038:2038
SPLIT:2039:2039
SPLIT:204:204
SPLIT:2040:2040
SPLIT:2041:2041
SPLIT:2042:2042
SPLIT:2043:2043
SPLIT:2044:2044
SPLIT:2045:2045
SPLIT:2046:2046
SPLIT:2047:2047
SPLIT:2048:2048
SPLIT:2049:2049
SPLIT:205:205
SPLIT:2050:2050
SPLIT:2051:2051
SPLIT:2052:2052
SPLIT:2053:2053
SPLIT:2054:2054
SPLIT:2055:2055
SPLIT:2056:2056
SPLIT:2057:2057
SPLIT:2058:2058
SPLIT:2059:2059
SPLIT:206:206
SPLIT:2060:2060
SPLIT:2061:2061
SPLIT:2062:2062
SPLIT:2063:2063
SPLIT:2064:2064
SPLIT:2065:2065
SPLIT:2066:2066
SPLIT:2067:2067
SPLIT:2068:2068
SPLIT:2069:2069
SPLIT:207:207
SPLIT:2070:2070
SPLIT:2071:2071
SPLIT:2072:2072
SPLIT:2073:2073
SPLIT:2074:2074
SPLIT:2075:2075
SPLIT:2076:2076
SPLIT:2077:2077
SPLIT:2078:2078
SPLIT:2079:2079
SPLIT:208:208
SPLIT:2080:2080
SPLIT:2081:2081
SPLIT:2082:2082
SPLIT:2083:2083
SPLIT:2084:2084
SPLIT:2086:2086
SPLIT:2087:2087
SPLIT:2088:2088
SPLIT:2089:2089
SPLIT:209:209
SPLIT:2090:2090
SPLIT:2091:2091
SPLIT:2092:2092
SPLIT:2093:2093
SPLIT:2094:2094
SPLIT:2095:2095
SPLIT:2096:2096
SPLIT:2097:2097
SPLIT:2098:2098
SPLIT:2099:2099
SPLIT:21:21
SPLIT:210:210
SPLIT:2100:2100
SPLIT:2101:2101
SPLIT:2102:2102
SPLIT:2103:2103
SPLIT:2104:2104
SPLIT:2105:2105
SPLIT:2106:2106
SPLIT:2107:2107
SPLIT:2108:2108
SPLIT:2109:2109
SPLIT:211:211
SPLIT:2110:2110
SPLIT:2111:2111
SPLIT:2112:2112
SPLIT:2113:2113
SPLIT:2114:2114
SPLIT:2115:2115
SPLIT:2116:2116
SPLIT:2117:2117
SPLIT:2118:2118
SPLIT:2119:2119
SPLIT:212:212
SPLIT:2120:2120
SPLIT:2121:2121
SPLIT:2122:2122
SPLIT:2123:2123
SPLIT:2124:2124
SPLIT:2125:2125
SPLIT:2126:2126
SPLIT:2127:2127
SPLIT:2128:2128
SPLIT:2129:2129
SPLIT:213:213
SPLIT:2130:2130
SPLIT:2131:2131
SPLIT:2132:2132
SPLIT:2133:2133
SPLIT:2134:2134
SPLIT:2135:2135
SPLIT:2136:2136
SPLIT:2137:2137
SPLIT:2138:2138
SPLIT:2139:2139
SPLIT:214:214
SPLIT:2140:2140
SPLIT:2141:2141
SPLIT:2142:2142
SPLIT:2143:2143
SPLIT:2144:2144
SPLIT:2145:2145
SPLIT:2146:2146
SPLIT:2147:2147
SPLIT:2148:2148
SPLIT:215:215
SPLIT:2150:2150
SPLIT:2151:2151
SPLIT:2152:2152
SPLIT:2153:2153
SPLIT:2154:2154
SPLIT:2155:2155
SPLIT:2156:2156
SPLIT:2157:2157
SPLIT:2158:2158
SPLIT:2159:2159
SPLIT:216:216
SPLIT:2160:2160
SPLIT:2161:2161
SPLIT:2162:2162
SPLIT:2163:2163
SPLIT:2164:2164
SPLIT:2165:2165
SPLIT:2166:2166
SPLIT:2167:2167
SPLIT:2168:2168
SPLIT:2169:2169
SPLIT:217:217
SPLIT:2170:2170
SPLIT:2171:2171
SPLIT:2172:2172
SPLIT:2173:2173
SPLIT:2174:2174
SPLIT:2175:2175
SPLIT:2176:2176
SPLIT:2177:2177
SPLIT:2178:2178
SPLIT:2179:2179
SPLIT:218:218
SPLIT:2180:2180
SPLIT:2181:2181
SPLIT:2182:2182
SPLIT:2183:2183
SPLIT:2184:2184
SPLIT:2185:2185
SPLIT:2186:2186
SPLIT:2187:2187
SPLIT:2188:2188
SPLIT:2189:2189
SPLIT:219:219
SPLIT:2190:2190
SPLIT:2191:2191
SPLIT:2192:2192
SPLIT:2193:2193
SPLIT:2194:2194
SPLIT:2195:2195
SPLIT:2196:2196
SPLIT:2197:2197
SPLIT:2198:2198
SPLIT:2199:2199
SPLIT:22:22
SPLIT:220:220
SPLIT:2200:2200
SPLIT:2201:2201
SPLIT:2202:2202
SPLIT:2203:2203
SPLIT:2204:2204
SPLIT:2205:2205
SPLIT:2206:2206
SPLIT:2207:2207
SPLIT:2208:2208
SPLIT:2209:2209
SPLIT:221:221
SPLIT:2210:2210
SPLIT:2211:2211
SPLIT:2212:2212
SPLIT:2213:2213
SPLIT:2214:2214
SPLIT:2215:2215
SPLIT:2216:2216
SPLIT:2217:2217
SPLIT:2218:2218
SPLIT:2219:2219
SPLIT:222:222
SPLIT:2220:2220
SPLIT:2221:2221
SPLIT:2222:2222
SPLIT:2223:2223
SPLIT:2224:2224
SPLIT:2225:2225
SPLIT:2226:2226
SPLIT:2227:2227
SPLIT:2228:2228
SPLIT:2229:2229
SPLIT:223:223
SPLIT:2230:2230
SPLIT:2231:2231
SPLIT:2232:2232
SPLIT:2233:2233
SPLIT:2234:2234
SPLIT:2235:2235
SPLIT:2236:2236
SPLIT:2237:2237
SPLIT:2238:2238
SPLIT:2239:2239
SPLIT:224:224
SPLIT:2240:2240
SPLIT:2241:2241
SPLIT:2242:2242
SPLIT:2243:2243
SPLIT:2244:2244
SPLIT:2245:2245
SPLIT:2246:2246
SPLIT:2247:2247
SPLIT:2248:2248
SPLIT:2249:2249
SPLIT:225:225
SPLIT:2250:2250
SPLIT:2251:2251
SPLIT:2252:2252
SPLIT:2253:2253
SPLIT:2254:2254
SPLIT:2255:2255
SPLIT:2256:2256
SPLIT:2257:2257
SPLIT:2258:2258
SPLIT:2259:2259
SPLIT:226:226
SPLIT:2260:2260
SPLIT:2261:2261
SPLIT:2262:2262
SPLIT:2263:2263
SPLIT:2264:2264
SPLIT:2265:2265
SPLIT:2266:2266
SPLIT:2267:2267
SPLIT:2268:2268
SPLIT:2269:2269
SPLIT:227:227
SPLIT:2270:2270
SPLIT:2271:2271
SPLIT:2272:2272
SPLIT:2273:2273
SPLIT:2274:2274
SPLIT:2275:2275
SPLIT:2276:2276
SPLIT:2277:2277
SPLIT:2278:2278
SPLIT:2279:2279
SPLIT:228:228
SPLIT:2280:2280
SPLIT:2286:2286
SPLIT:2288:2288
SPLIT:2289:2289
SPLIT:229:229
SPLIT:2292:2292
SPLIT:23:23
SPLIT:230:230
SPLIT:2305:2305
SPLIT:2308:2308
SPLIT:2309:2309
SPLIT:231:231
SPLIT:2313:2313
SPLIT:2314:2314
SPLIT:2316:2316
SPLIT:232:232
SPLIT:2323:2323
SPLIT:2324:2324
SPLIT:2327:2327
SPLIT:2328:2328
SPLIT:2329:2329
SPLIT:233:233
SPLIT:2330:2330
SPLIT:2333:2333
SPLIT:2337:2337
SPLIT:2338:2338
SPLIT:2339:2339
SPLIT:234:234
SPLIT:2340:2340
SPLIT:2341:2341
SPLIT:2342:2342
SPLIT:2343:2343
SPLIT:2344:2344
SPLIT:2345:2345
SPLIT:2346:2346
SPLIT:2347:2347
SPLIT:2348:2348
SPLIT:2349:2349
SPLIT:235:235
SPLIT:2351:2351
SPLIT:2354:2354
SPLIT:2355:2355
SPLIT:2356:2356
SPLIT:2357:2357
SPLIT:2358:2358
SPLIT:2359:2359
SPLIT:236:236
SPLIT:2360:2360
SPLIT:2361:2361
SPLIT:2362:2362
SPLIT:2363:2363
SPLIT:2364:2364
SPLIT:2366:2366
SPLIT:2367:2367
SPLIT:2368:2368
SPLIT:237:237
SPLIT:2370:2370
SPLIT:2372:2372
SPLIT:2373:2373
SPLIT:2374:2374
SPLIT:2375:2375
SPLIT:2376:2376
SPLIT:2379:2379
SPLIT:238:238
SPLIT:2380:2380
SPLIT:2382:2382
SPLIT:2383:2383
SPLIT:2384:2384
SPLIT:2385:2385
SPLIT:2386:2386
SPLIT:2387:2387
SPLIT:2388:2388
SPLIT:2389:2389
SPLIT:239:239
SPLIT:2390:2390
SPLIT:2391:2391
SPLIT:2392:2392
SPLIT:2393:2393
SPLIT:2394:2394
SPLIT:2398:2398
SPLIT:2399:2399
SPLIT:24:24
SPLIT:240:240
SPLIT:2400:2400
SPLIT:2401:2401
SPLIT:2402:2402
SPLIT:2403:2403
SPLIT:2407:2407
SPLIT:2409:2409
SPLIT:241:241
SPLIT:2411:2411
SPLIT:2412:2412
SPLIT:2413:2413
SPLIT:2414:2414
SPLIT:2415:2415
SPLIT:2416:2416
SPLIT:2417:2417
SPLIT:2418:2418
SPLIT:242:242
SPLIT:2421:2421
SPLIT:2422:2422
SPLIT:2423:2423
SPLIT:2424:2424
SPLIT:2426:2426
SPLIT:2427:2427
SPLIT:243:243
SPLIT:2430:2430
SPLIT:2431:2431
SPLIT:2432:2432
SPLIT:2433:2433
SPLIT:2434:2434
SPLIT:2435:2435
SPLIT:2436:2436
SPLIT:2437:2437
SPLIT:2438:2438
SPLIT:2439:2439
SPLIT:244:244
SPLIT:2440:2440
SPLIT:2441:2441
SPLIT:2442:2442
SPLIT:2443:2443
SPLIT:2444:2444
SPLIT:2445:2445
SPLIT:2446:2446
SPLIT:2447:2447
SPLIT:2448:2448
SPLIT:2449:2449
SPLIT:245:245
SPLIT:2450:2450
SPLIT:2451:2451
SPLIT:2452:2452
SPLIT:2453:2453
SPLIT:2454:2454
SPLIT:2455:2455
SPLIT:2456:2456
SPLIT:2457:2457
SPLIT:2458:2458
SPLIT:2459:2459
SPLIT:246:246
SPLIT:2460:2460
SPLIT:2461:2461
SPLIT:2462:2462
SPLIT:2463:2463
SPLIT:2464:2464
SPLIT:2465:2465
SPLIT:2466:2466
SPLIT:2467:2467
SPLIT:2468:2468
SPLIT:2469:2469
SPLIT:247:247
SPLIT:2470:2470
SPLIT:2471:2471
SPLIT:2472:2472
SPLIT:2473:2473
SPLIT:2474:2474
SPLIT:2475:2475
SPLIT:2476:2476
SPLIT:2477:2477
SPLIT:2478:2478
SPLIT:2479:2479
SPLIT:248:248
SPLIT:2480:2480
SPLIT:2481:2481
SPLIT:2482:2482
SPLIT:2483:2483
SPLIT:2484:2484
SPLIT:2485:2485
SPLIT:2486:2486
SPLIT:2487:2487
SPLIT:2488:2488
SPLIT:2489:2489
SPLIT:249:249
SPLIT:2490:2490
SPLIT:2491:2491
SPLIT:2492:2492
SPLIT:2493:2493
SPLIT:2494:2494
SPLIT:2495:2495
SPLIT:2496:2496
SPLIT:2497:2497
SPLIT:2498:2498
SPLIT:2499:2499
SPLIT:25:25
SPLIT:250:250
SPLIT:2500:2500
SPLIT:2501:2501
SPLIT:2502:2502
SPLIT:2503:2503
SPLIT:2504:2504
SPLIT:2505:2505
SPLIT:2506:2506
SPLIT:2507:2507
SPLIT:2508:2508
SPLIT:2509:2509
SPLIT:251:251
SPLIT:2510:2510
SPLIT:2511:2511
SPLIT:2512:2512
SPLIT:2513:2513
SPLIT:2514:2514
SPLIT:2515:2515
SPLIT:2516:2516
SPLIT:2517:2517
SPLIT:2518:2518
SPLIT:2519:2519
SPLIT:252:252
SPLIT:2520:2520
SPLIT:2521:2521
SPLIT:2522:2522
SPLIT:2523:2523
SPLIT:2524:2524
SPLIT:2525:2525
SPLIT:2526:2526
SPLIT:2527:2527
SPLIT:2528:2528
SPLIT:2529:2529
SPLIT:253:253
SPLIT:2530:2530
SPLIT:2531:2531
SPLIT:2532:2532
SPLIT:2533:2533
SPLIT:2534:2534
SPLIT:2535:2535
SPLIT:2536:2536
SPLIT:2537:2537
SPLIT:2538:2538
SPLIT:2539:2539
SPLIT:254:254
SPLIT:2540:2540
SPLIT:2541:2541
SPLIT:2542:2542
SPLIT:2543:2543
SPLIT:2544:2544
SPLIT:2545:2545
SPLIT:2546:2546
SPLIT:2547:2547
SPLIT:2548:2548
SPLIT:2549:2549
SPLIT:255:255
SPLIT:2550:2550
SPLIT:2551:2551
SPLIT:2552:2552
SPLIT:2553:2553
SPLIT:2554:2554
SPLIT:2555:2555
SPLIT:2556:2556
SPLIT:2557:2557
SPLIT:2558:2558
SPLIT:2559:2559
SPLIT:256:256
SPLIT:2560:2560
SPLIT:2561:2561
SPLIT:2562:2562
SPLIT:2563:2563
SPLIT:2564:2564
SPLIT:2565:2565
SPLIT:2566:2566
SPLIT:2567:2567
SPLIT:2568:2568
SPLIT:2569:2569
SPLIT:257:257
SPLIT:2570:2570
SPLIT:2571:2571
SPLIT:2572:2572
SPLIT:2573:2573
SPLIT:2574:2574
SPLIT:2575:2575
SPLIT:2576:2576
SPLIT:2577:2577
SPLIT:2578:2578
SPLIT:2579:2579
SPLIT:258:258
SPLIT:2580:2580
SPLIT:2581:2581
SPLIT:2582:2582
SPLIT:2583:2583
SPLIT:2584:2584
SPLIT:2585:2585
SPLIT:2586:2586
SPLIT:2587:2587
SPLIT:2588:2588
SPLIT:2589:2589
SPLIT:259:259
SPLIT:2590:2590
SPLIT:2591:2591
SPLIT:2592:2592
SPLIT:2593:2593
SPLIT:2594:2594
SPLIT:2595:2595
SPLIT:2596:2596
SPLIT:2597:2597
SPLIT:2598:2598
SPLIT:2599:2599
SPLIT:26:26
SPLIT:260:260
SPLIT:2600:2600
SPLIT:2601:2601
SPLIT:2602:2602
SPLIT:2603:2603
SPLIT:2604:2604
SPLIT:2605:2605
SPLIT:2606:2606
SPLIT:2607:2607
SPLIT:2608:2608
SPLIT:2609:2609
SPLIT:261:261
SPLIT:2610:2610
SPLIT:2611:2611
SPLIT:2612:2612
SPLIT:2613:2613
SPLIT:2614:2614
SPLIT:2615:2615
SPLIT:2616:2616
SPLIT:2617:2617
SPLIT:2618:2618
SPLIT:2619:2619
SPLIT:262:262
SPLIT:2620:2620
SPLIT:2621:2621
SPLIT:2622:2622
SPLIT:2623:2623
SPLIT:2624:2624
SPLIT:2625:2625
SPLIT:2626:2626
SPLIT:2627:2627
SPLIT:2628:2628
SPLIT:2629:2629
SPLIT:263:263
SPLIT:2630:2630
SPLIT:2631:2631
SPLIT:2632:2632
SPLIT:2633:2633
SPLIT:2634:2634
SPLIT:2635:2635
SPLIT:2636:2636
SPLIT:2637:2637
SPLIT:2638:2638
SPLIT:2639:2639
SPLIT:264:264
SPLIT:2640:2640
SPLIT:2641:2641
SPLIT:2642:2642
SPLIT:2643:2643
SPLIT:2644:2644
SPLIT:2645:2645
SPLIT:2646:2646
SPLIT:2647:2647
SPLIT:2648:2648
SPLIT:2649:2649
SPLIT:265:265
SPLIT:2650:2650
SPLIT:2651:2651
SPLIT:2652:2652
SPLIT:2653:2653
SPLIT:2654:2654
SPLIT:2655:2655
SPLIT:2656:2656
SPLIT:2657:2657
SPLIT:2658:2658
SPLIT:2659:2659
SPLIT:266:266
SPLIT:2660:2660
SPLIT:2661:2661
SPLIT:2662:2662
SPLIT:2663:2663
SPLIT:2664:2664
SPLIT:2665:2665
SPLIT:2666:2666
SPLIT:2667:2667
SPLIT:2668:2668
SPLIT:2669:2669
SPLIT:267:267
SPLIT:2670:2670
SPLIT:2671:2671
SPLIT:2672:2672
SPLIT:2673:2673
SPLIT:2674:2674
SPLIT:2675:2675
SPLIT:2676:2676
SPLIT:2677:2677
SPLIT:2678:2678
SPLIT:2679:2679
SPLIT:2680:2680
SPLIT:2681:2681
SPLIT:2682:2682
SPLIT:2683:2683
SPLIT:2684:2684
SPLIT:2685:2685
SPLIT:2686:2686
SPLIT:2687:2687
SPLIT:2688:2688
SPLIT:2689:2689
SPLIT:2690:2690
SPLIT:2691:2691
SPLIT:2692:2692
SPLIT:2693:2693
SPLIT:2694:2694
SPLIT:2695:2695
SPLIT:2696:2696
SPLIT:2697:2697
SPLIT:2698:2698
SPLIT:2699:2699
SPLIT:27:27
SPLIT:2700:2700
SPLIT:2701:2701
SPLIT:2702:2702
SPLIT:2703:2703
SPLIT:2704:2704
SPLIT:2705:2705
SPLIT:2706:2706
SPLIT:2707:2707
SPLIT:2708:2708
SPLIT:2709:2709
SPLIT:2710:2710
SPLIT:2711:2711
SPLIT:2712:2712
SPLIT:2713:2713
SPLIT:2714:2714
SPLIT:2715:2715
SPLIT:2716:2716
SPLIT:2717:2717
SPLIT:2718:2718
SPLIT:2719:2719
SPLIT:2720:2720
SPLIT:2721:2721
SPLIT:2722:2722
SPLIT:2723:2723
SPLIT:2724:2724
SPLIT:2725:2725
SPLIT:2726:2726
SPLIT:2727:2727
SPLIT:2728:2728
SPLIT:2729:2729
SPLIT:2730:2730
SPLIT:2731:2731
SPLIT:2732:2732
SPLIT:2733:2733
SPLIT:2734:2734
SPLIT:2735:2735
SPLIT:2736:2736
SPLIT:2737:2737
SPLIT:2738:2738
SPLIT:2739:2739
SPLIT:274:274
SPLIT:2740:2740
SPLIT:2741:2741
SPLIT:2742:2742
SPLIT:2743:2743
SPLIT:2744:2744
SPLIT:2745:2745
SPLIT:2746:2746
SPLIT:2747:2747
SPLIT:2748:2748
SPLIT:2749:2749
SPLIT:275:275
SPLIT:2750:2750
SPLIT:2751:2751
SPLIT:2752:2752
SPLIT:2753:2753
SPLIT:2754:2754
SPLIT:2755:2755
SPLIT:2756:2756
SPLIT:2757:2757
SPLIT:2758:2758
SPLIT:2759:2759
SPLIT:276:276
SPLIT:2760:2760
SPLIT:2761:2761
SPLIT:2762:2762
SPLIT:2763:2763
SPLIT:2764:2764
SPLIT:2765:2765
SPLIT:2766:2766
SPLIT:2767:2767
SPLIT:2768:2768
SPLIT:2769:2769
SPLIT:277:277
SPLIT:2770:2770
SPLIT:2771:2771
SPLIT:2772:2772
SPLIT:2773:2773
SPLIT:2774:2774
SPLIT:2775:2775
SPLIT:2776:2776
SPLIT:2777:2777
SPLIT:2778:2778
SPLIT:2779:2779
SPLIT:278:278
SPLIT:2780:2780
SPLIT:2781:2781
SPLIT:2782:2782
SPLIT:2783:2783
SPLIT:2784:2784
SPLIT:2785:2785
SPLIT:2786:2786
SPLIT:2787:2787
SPLIT:2788:2788
SPLIT:2789:2789
SPLIT:279:279
SPLIT:2790:2790
SPLIT:2791:2791
SPLIT:2792:2792
SPLIT:2793:2793
SPLIT:2794:2794
SPLIT:2795:2795
SPLIT:2796:2796
SPLIT:2797:2797
SPLIT:2798:2798
SPLIT:2799:2799
SPLIT:28:28
SPLIT:280:280
SPLIT:2800:2800
SPLIT:2801:2801
SPLIT:2802:2802
SPLIT:2803:2803
SPLIT:2804:2804
SPLIT:2805:2805
SPLIT:2806:2806
SPLIT:2807:2807
SPLIT:2808:2808
SPLIT:2809:2809
SPLIT:281:281
SPLIT:2810:2810
SPLIT:2811:2811
SPLIT:2812:2812
SPLIT:2813:2813
SPLIT:2814:2814
SPLIT:2815:2815
SPLIT:2816:2816
SPLIT:2817:2817
SPLIT:2818:2818
SPLIT:2819:2819
SPLIT:282:282
SPLIT:2820:2820
SPLIT:2821:2821
SPLIT:2822:2822
SPLIT:2823:2823
SPLIT:2824:2824
SPLIT:2825:2825
SPLIT:2826:2826
SPLIT:2827:2827
SPLIT:2828:2828
SPLIT:2829:2829
SPLIT:283:283
SPLIT:2830:2830
SPLIT:2831:2831
SPLIT:2832:2832
SPLIT:2833:2833
SPLIT:2834:2834
SPLIT:2835:2835
SPLIT:2836:2836
SPLIT:2837:2837
SPLIT:2838:2838
SPLIT:2839:2839
SPLIT:284:284
SPLIT:2840:2840
SPLIT:2841:2841
SPLIT:2842:2842
SPLIT:2843:2843
SPLIT:2844:2844
SPLIT:2845:2845
SPLIT:2846:2846
SPLIT:2847:2847
SPLIT:2848:2848
SPLIT:2849:2849
SPLIT:285:285
SPLIT:2850:2850
SPLIT:2851:2851
SPLIT:2852:2852
SPLIT:2853:2853
SPLIT:2854:2854
SPLIT:2855:2855
SPLIT:2856:2856
SPLIT:2857:2857
SPLIT:2858:2858
SPLIT:2859:2859
SPLIT:286:286
SPLIT:2860:2860
SPLIT:2861:2861
SPLIT:2862:2862
SPLIT:2863:2863
SPLIT:2864:2864
SPLIT:2865:2865
SPLIT:2866:2866
SPLIT:2867:2867
SPLIT:2868:2868
SPLIT:2869:2869
SPLIT:2870:2870
SPLIT:2871:2871
SPLIT:2872:2872
SPLIT:2873:2873
SPLIT:2874:2874
SPLIT:2875:2875
SPLIT:2876:2876
SPLIT:2877:2877
SPLIT:2878:2878
SPLIT:2879:2879
SPLIT:288:288
SPLIT:2880:2880
SPLIT:2881:2881
SPLIT:2882:2882
SPLIT:2883:2883
SPLIT:2884:2884
SPLIT:2885:2885
SPLIT:2886:2886
SPLIT:2887:2887
SPLIT:2888:2888
SPLIT:2889:2889
SPLIT:289:289
SPLIT:2890:2890
SPLIT:2891:2891
SPLIT:2892:2892
SPLIT:2893:2893
SPLIT:2894:2894
SPLIT:2895:2895
SPLIT:2896:2896
SPLIT:2897:2897
SPLIT:2898:2898
SPLIT:2899:2899
SPLIT:29:29
SPLIT:290:290
SPLIT:2900:2900
SPLIT:2902:2902
SPLIT:2903:2903
SPLIT:2904:2904
SPLIT:2905:2905
SPLIT:2906:2906
SPLIT:2907:2907
SPLIT:2908:2908
SPLIT:2909:2909
SPLIT:2910:2910
SPLIT:2911:2911
SPLIT:2912:2912
SPLIT:2913:2913
SPLIT:2914:2914
SPLIT:2915:2915
SPLIT:2916:2916
SPLIT:2917:2917
SPLIT:2918:2918
SPLIT:2919:2919
SPLIT:292:292
SPLIT:2920:2920
SPLIT:2921:2921
SPLIT:2922:2922
SPLIT:2923:2923
SPLIT:2924:2924
SPLIT:2925:2925
SPLIT:2926:2926
SPLIT:2927:2927
SPLIT:2928:2928
SPLIT:2929:2929
SPLIT:293:293
SPLIT:2930:2930
SPLIT:2931:2931
SPLIT:2932:2932
SPLIT:2933:2933
SPLIT:2934:2934
SPLIT:2935:2935
SPLIT:2936:2936
SPLIT:2937:2937
SPLIT:2938:2938
SPLIT:2939:2939
SPLIT:294:294
SPLIT:2940:2940
SPLIT:2941:2941
SPLIT:2942:2942
SPLIT:2943:2943
SPLIT:2944:2944
SPLIT:2945:2945
SPLIT:2946:2946
SPLIT:2947:2947
SPLIT:2948:2948
SPLIT:2949:2949
SPLIT:295:295
SPLIT:2950:2950
SPLIT:2951:2951
SPLIT:2952:2952
SPLIT:2953:2953
SPLIT:2954:2954
SPLIT:2955:2955
SPLIT:2956:2956
SPLIT:2957:2957
SPLIT:2958:2958
SPLIT:2959:2959
SPLIT:296:296
SPLIT:2960:2960
SPLIT:2961:2961
SPLIT:2962:2962
SPLIT:2963:2963
SPLIT:2964:2964
SPLIT:2965:2965
SPLIT:2966:2966
SPLIT:2967:2967
SPLIT:2968:2968
SPLIT:2969:2969
SPLIT:297:297
SPLIT:2970:2970
SPLIT:2971:2971
SPLIT:2972:2972
SPLIT:2973:2973
SPLIT:2974:2974
SPLIT:2975:2975
SPLIT:2976:2976
SPLIT:2977:2977
SPLIT:2978:2978
SPLIT:2979:2979
SPLIT:2980:2980
SPLIT:2981:2981
SPLIT:2982:2982
SPLIT:2983:2983
SPLIT:2984:2984
SPLIT:2985:2985
SPLIT:2986:2986
SPLIT:2987:2987
SPLIT:2988:2988
SPLIT:2989:2989
SPLIT:299:299
SPLIT:2990:2990
SPLIT:2991:2991
SPLIT:2992:2992
SPLIT:2993:2993
SPLIT:2994:2994
SPLIT:2995:2995
SPLIT:2996:2996
SPLIT:2997:2997
SPLIT:2998:2998
SPLIT:2999:2999
SPLIT:3:3
SPLIT:30:30
SPLIT:300:300
SPLIT:3000:3000
SPLIT:3001:3001
SPLIT:3002:3002
SPLIT:3003:3003
SPLIT:3004:3004
SPLIT:3005:3005
SPLIT:3006:3006
SPLIT:3007:3007
SPLIT:3008:3008
SPLIT:3009:3009
SPLIT:3010:3010
SPLIT:3011:3011
SPLIT:3012:3012
SPLIT:3013:3013
SPLIT:3014:3014
SPLIT:3015:3015
SPLIT:3016:3016
SPLIT:3017:3017
SPLIT:3018:3018
SPLIT:3019:3019
SPLIT:302:302
SPLIT:3020:3020
SPLIT:3021:3021
SPLIT:3022:3022
SPLIT:3023:3023
SPLIT:3024:3024
SPLIT:3025:3025
SPLIT:3026:3026
SPLIT:3027:3027
SPLIT:3028:3028
SPLIT:3029:3029
SPLIT:303:303
SPLIT:3030:3030
SPLIT:3031:3031
SPLIT:3032:3032
SPLIT:3033:3033
SPLIT:3034:3034
SPLIT:3035:3035
SPLIT:3036:3036
SPLIT:3037:3037
SPLIT:3038:3038
SPLIT:3039:3039
SPLIT:3040:3040
SPLIT:3041:3041
SPLIT:3042:3042
SPLIT:3043:3043
SPLIT:3044:3044
SPLIT:3045:3045
SPLIT:3046:3046
SPLIT:3047:3047
SPLIT:3048:3048
SPLIT:3049:3049
SPLIT:305:305
SPLIT:3050:3050
SPLIT:3051:3051
SPLIT:3052:3052
SPLIT:3053:3053
SPLIT:3054:3054
SPLIT:3055:3055
SPLIT:3056:3056
SPLIT:3057:3057
SPLIT:3058:3058
SPLIT:3059:3059
SPLIT:306:306
SPLIT:3060:3060
SPLIT:3061:3061
SPLIT:3062:3062
SPLIT:3063:3063
SPLIT:3064:3064
SPLIT:3065:3065
SPLIT:3066:3066
SPLIT:3067:3067
SPLIT:3068:3068
SPLIT:3069:3069
SPLIT:307:307
SPLIT:3070:3070
SPLIT:3071:3071
SPLIT:3072:3072
SPLIT:3073:3073
SPLIT:3074:3074
SPLIT:3075:3075
SPLIT:3076:3076
SPLIT:3077:3077
SPLIT:3078:3078
SPLIT:3079:3079
SPLIT:3080:3080
SPLIT:3081:3081
SPLIT:3082:3082
SPLIT:3083:3083
SPLIT:3084:3084
SPLIT:3085:3085
SPLIT:3086:3086
SPLIT:3087:3087
SPLIT:3088:3088
SPLIT:3089:3089
SPLIT:309:309
SPLIT:3090:3090
SPLIT:3091:3091
SPLIT:3092:3092
SPLIT:3093:3093
SPLIT:3094:3094
SPLIT:3095:3095
SPLIT:3096:3096
SPLIT:3097:3097
SPLIT:3098:3098
SPLIT:3099:3099
SPLIT:31:31
SPLIT:310:310
SPLIT:3100:3100
SPLIT:3101:3101
SPLIT:3102:3102
SPLIT:3103:3103
SPLIT:3104:3104
SPLIT:3105:3105
SPLIT:3106:3106
SPLIT:3107:3107
SPLIT:3108:3108
SPLIT:3109:3109
SPLIT:311:311
SPLIT:3110:3110
SPLIT:3111:3111
SPLIT:3112:3112
SPLIT:3113:3113
SPLIT:3114:3114
SPLIT:3115:3115
SPLIT:3116:3116
SPLIT:3117:3117
SPLIT:3118:3118
SPLIT:3119:3119
SPLIT:312:312
SPLIT:3120:3120
SPLIT:3121:3121
SPLIT:3122:3122
SPLIT:3123:3123
SPLIT:3124:3124
SPLIT:3125:3125
SPLIT:3126:3126
SPLIT:3127:3127
SPLIT:3128:3128
SPLIT:3129:3129
SPLIT:3130:3130
SPLIT:3131:3131
SPLIT:3132:3132
SPLIT:3133:3133
SPLIT:3134:3134
SPLIT:3135:3135
SPLIT:3136:3136
SPLIT:3137:3137
SPLIT:3138:3138
SPLIT:3139:3139
SPLIT:314:314
SPLIT:3140:3140
SPLIT:3141:3141
SPLIT:3142:3142
SPLIT:3143:3143
SPLIT:3144:3144
SPLIT:3145:3145
SPLIT:3146:3146
SPLIT:3147:3147
SPLIT:3148:3148
SPLIT:3149:3149
SPLIT:315:315
SPLIT:3151:3151
SPLIT:3152:3152
SPLIT:3153:3153
SPLIT:3154:3154
SPLIT:3155:3155
SPLIT:3156:3156
SPLIT:3157:3157
SPLIT:3158:3158
SPLIT:3159:3159
SPLIT:316:316
SPLIT:3160:3160
SPLIT:3161:3161
SPLIT:3162:3162
SPLIT:3163:3163
SPLIT:3164:3164
SPLIT:3165:3165
SPLIT:317:317
SPLIT:318:318
SPLIT:319:319
SPLIT:32:32
SPLIT:322:322
SPLIT:323:323
SPLIT:324:324
SPLIT:325:325
SPLIT:326:326
SPLIT:327:327
SPLIT:328:328
SPLIT:33:33
SPLIT:331:331
SPLIT:333:333
SPLIT:334:334
SPLIT:335:335
SPLIT:336:336
SPLIT:338:338
SPLIT:34:34
SPLIT:340:340
SPLIT:341:341
SPLIT:342:342
SPLIT:343:343
SPLIT:344:344
SPLIT:345:345
SPLIT:349:349
SPLIT:35:35
SPLIT:350:350
SPLIT:351:351
SPLIT:352:352
SPLIT:356:356
SPLIT:357:357
SPLIT:36:36
SPLIT:360:360
SPLIT:361:361
SPLIT:363:363
SPLIT:364:364
SPLIT:365:365
SPLIT:366:366
SPLIT:367:367
SPLIT:368:368
SPLIT:369:369
SPLIT:37:37
SPLIT:370:370
SPLIT:371:371
SPLIT:372:372
SPLIT:374:374
SPLIT:375:375
SPLIT:376:376
SPLIT:377:377
SPLIT:378:378
SPLIT:379:379
SPLIT:38:38
SPLIT:380:380
SPLIT:382:382
SPLIT:385:385
SPLIT:386:386
SPLIT:387:387
SPLIT:388:388
SPLIT:389:389
SPLIT:39:39
SPLIT:390:390
SPLIT:391:391
SPLIT:392:392
SPLIT:394:394
SPLIT:395:395
SPLIT:396:396
SPLIT:4:4
SPLIT:40:40
SPLIT:401:401
SPLIT:403:403
SPLIT:404:404
SPLIT:405:405
SPLIT:407:407
SPLIT:408:408
SPLIT:409:409
SPLIT:41:41
SPLIT:412:412
SPLIT:413:413
SPLIT:415:415
SPLIT:417:417
SPLIT:419:419
SPLIT:42:42
SPLIT:421:421
SPLIT:423:423
SPLIT:424:424
SPLIT:426:426
SPLIT:427:427
SPLIT:428:428
SPLIT:43:43
SPLIT:430:430
SPLIT:431:431
SPLIT:432:432
SPLIT:433:433
SPLIT:438:438
SPLIT:439:439
SPLIT:44:44
SPLIT:441:441
SPLIT:442:442
SPLIT:443:443
SPLIT:444:444
SPLIT:445:445
SPLIT:448:448
SPLIT:45:45
SPLIT:452:452
SPLIT:453:453
SPLIT:454:454
SPLIT:457:457
SPLIT:458:458
SPLIT:459:459
SPLIT:46:46
SPLIT:461:461
SPLIT:462:462
SPLIT:463:463
SPLIT:464:464
SPLIT:465:465
SPLIT:469:469
SPLIT:47:47
SPLIT:470:470
SPLIT:471:471
SPLIT:472:472
SPLIT:473:473
SPLIT:475:475
SPLIT:477:477
SPLIT:478:478
SPLIT:479:479
SPLIT:48:48
SPLIT:480:480
SPLIT:481:481
SPLIT:482:482
SPLIT:483:483
SPLIT:484:484
SPLIT:485:485
SPLIT:486:486
SPLIT:487:487
SPLIT:488:488
SPLIT:489:489
SPLIT:49:49
SPLIT:490:490
SPLIT:491:491
SPLIT:493:493
SPLIT:494:494
SPLIT:495:495
SPLIT:497:497
SPLIT:498:498
SPLIT:499:499
SPLIT:5:5
SPLIT:50:50
SPLIT:500:500
SPLIT:501:501
SPLIT:503:503
SPLIT:506:506
SPLIT:507:507
SPLIT:508:508
SPLIT:51:51
SPLIT:511:511
SPLIT:512:512
SPLIT:513:513
SPLIT:514:514
SPLIT:515:515
SPLIT:516:516
SPLIT:517:517
SPLIT:519:519
SPLIT:52:52
SPLIT:520:520
SPLIT:521:521
SPLIT:522:522
SPLIT:523:523
SPLIT:524:524
SPLIT:526:526
SPLIT:528:528
SPLIT:529:529
SPLIT:53:53
SPLIT:530:530
SPLIT:532:532
SPLIT:534:534
SPLIT:535:535
SPLIT:536:536
SPLIT:537:537
SPLIT:538:538
SPLIT:539:539
SPLIT:54:54
SPLIT:540:540
SPLIT:541:541
SPLIT:542:542
SPLIT:543:543
SPLIT:544:544
SPLIT:545:545
SPLIT:546:546
SPLIT:548:548
SPLIT:549:549
SPLIT:55:55
SPLIT:550:550
SPLIT:552:552
SPLIT:553:553
SPLIT:554:554
SPLIT:555:555
SPLIT:556:556
SPLIT:557:557
SPLIT:558:558
SPLIT:559:559
SPLIT:56:56
SPLIT:560:560
SPLIT:561:561
SPLIT:562:562
SPLIT:563:563
SPLIT:564:564
SPLIT:565:565
SPLIT:566:566
SPLIT:567:567
SPLIT:568:568
SPLIT:569:569
SPLIT:57:57
SPLIT:570:570
SPLIT:571:571
SPLIT:572:572
SPLIT:573:573
SPLIT:574:574
SPLIT:575:575
SPLIT:576:576
SPLIT:577:577
SPLIT:578:578
SPLIT:579:579
SPLIT:58:58
SPLIT:580:580
SPLIT:581:581
SPLIT:582:582
SPLIT:583:583
SPLIT:584:584
SPLIT:585:585
SPLIT:586:586
SPLIT:589:589
SPLIT:59:59
SPLIT:590:590
SPLIT:591:591
SPLIT:592:592
SPLIT:593:593
SPLIT:594:594
SPLIT:595:595
SPLIT:596:596
SPLIT:597:597
SPLIT:598:598
SPLIT:599:599
SPLIT:6:6
SPLIT:60:60
SPLIT:600:600
SPLIT:601:601
SPLIT:602:602
SPLIT:603:603
SPLIT:604:604
SPLIT:605:605
SPLIT:607:607
SPLIT:608:608
SPLIT:609:609
SPLIT:61:61
SPLIT:610:610
SPLIT:612:612
SPLIT:613:613
SPLIT:614:614
SPLIT:615:615
SPLIT:617:617
SPLIT:618:618
SPLIT:619:619
SPLIT:62:62
SPLIT:621:621
SPLIT:622:622
SPLIT:623:623
SPLIT:624:624
SPLIT:625:625
SPLIT:626:626
SPLIT:627:627
SPLIT:628:628
SPLIT:63:63
SPLIT:630:630
SPLIT:633:633
SPLIT:635:635
SPLIT:636:636
SPLIT:639:639
SPLIT:64:64
SPLIT:640:640
SPLIT:641:641
SPLIT:642:642
SPLIT:643:643
SPLIT:644:644
SPLIT:645:645
SPLIT:646:646
SPLIT:647:647
SPLIT:648:648
SPLIT:649:649
SPLIT:65:65
SPLIT:650:650
SPLIT:651:651
SPLIT:652:652
SPLIT:653:653
SPLIT:654:654
SPLIT:658:658
SPLIT:659:659
SPLIT:66:66
SPLIT:660:660
SPLIT:661:661
SPLIT:663:663
SPLIT:664:664
SPLIT:665:665
SPLIT:666:666
SPLIT:667:667
SPLIT:668:668
SPLIT:669:669
SPLIT:67:67
SPLIT:670:670
SPLIT:672:672
SPLIT:673:673
SPLIT:674:674
SPLIT:675:675
SPLIT:677:677
SPLIT:68:68
SPLIT:680:680
SPLIT:681:681
SPLIT:682:682
SPLIT:683:683
SPLIT:684:684
SPLIT:686:686
SPLIT:687:687
SPLIT:688:688
SPLIT:689:689
SPLIT:69:69
SPLIT:690:690
SPLIT:691:691
SPLIT:692:692
SPLIT:693:693
SPLIT:694:694
SPLIT:695:695
SPLIT:696:696
SPLIT:697:697
SPLIT:698:698
SPLIT:7:7
SPLIT:70:70
SPLIT:700:700
SPLIT:701:701
SPLIT:702:702
SPLIT:703:703
SPLIT:704:704
SPLIT:707:707
SPLIT:708:708
SPLIT:709:709
SPLIT:71:71
SPLIT:710:710
SPLIT:711:711
SPLIT:712:712
SPLIT:713:713
SPLIT:714:714
SPLIT:716:716
SPLIT:717:717
SPLIT:718:718
SPLIT:719:719
SPLIT:72:72
SPLIT:720:720
SPLIT:721:721
SPLIT:722:722
SPLIT:723:723
SPLIT:724:724
SPLIT:725:725
SPLIT:726:726
SPLIT:727:727
SPLIT:728:728
SPLIT:729:729
SPLIT:73:73
SPLIT:730:730
SPLIT:731:731
SPLIT:732:732
SPLIT:733:733
SPLIT:734:734
SPLIT:735:735
SPLIT:736:736
SPLIT:737:737
SPLIT:738:738
SPLIT:739:739
SPLIT:74:74
SPLIT:740:740
SPLIT:741:741
SPLIT:742:742
SPLIT:743:743
SPLIT:744:744
SPLIT:745:745
SPLIT:746:746
SPLIT:747:747
SPLIT:748:748
SPLIT:749:749
SPLIT:75:75
SPLIT:750:750
SPLIT:751:751
SPLIT:752:752
SPLIT:753:753
SPLIT:754:754
SPLIT:755:755
SPLIT:756:756
SPLIT:757:757
SPLIT:758:758
SPLIT:759:759
SPLIT:76:76
SPLIT:760:760
SPLIT:761:761
SPLIT:762:762
SPLIT:763:763
SPLIT:764:764
SPLIT:765:765
SPLIT:766:766
SPLIT:767:767
SPLIT:768:768
SPLIT:769:769
SPLIT:77:77
SPLIT:770:770
SPLIT:771:771
SPLIT:772:772
SPLIT:773:773
SPLIT:774:774
SPLIT:775:775
SPLIT:776:776
SPLIT:777:777
SPLIT:779:779
SPLIT:78:78
SPLIT:780:780
SPLIT:781:781
SPLIT:783:783
SPLIT:784:784
SPLIT:785:785
SPLIT:786:786
SPLIT:787:787
SPLIT:788:788
SPLIT:789:789
SPLIT:79:79
SPLIT:790:790
SPLIT:791:791
SPLIT:792:792
SPLIT:793:793
SPLIT:794:794
SPLIT:795:795
SPLIT:797:797
SPLIT:798:798
SPLIT:799:799
SPLIT:8:8
SPLIT:80:80
SPLIT:800:800
SPLIT:801:801
SPLIT:802:802
SPLIT:803:803
SPLIT:804:804
SPLIT:805:805
SPLIT:806:806
SPLIT:807:807
SPLIT:808:808
SPLIT:809:809
SPLIT:81:81
SPLIT:810:810
SPLIT:811:811
SPLIT:812:812
SPLIT:813:813
SPLIT:814:814
SPLIT:815:815
SPLIT:816:816
SPLIT:817:817
SPLIT:818:818
SPLIT:819:819
SPLIT:82:82
SPLIT:820:820
SPLIT:821:821
SPLIT:822:822
SPLIT:824:824
SPLIT:825:825
SPLIT:826:826
SPLIT:827:827
SPLIT:828:828
SPLIT:829:829
SPLIT:83:83
SPLIT:830:830
SPLIT:831:831
SPLIT:832:832
SPLIT:834:834
SPLIT:835:835
SPLIT:836:836
SPLIT:837:837
SPLIT:838:838
SPLIT:839:839
SPLIT:84:84
SPLIT:840:840
SPLIT:841:841
SPLIT:842:842
SPLIT:843:843
SPLIT:844:844
SPLIT:846:846
SPLIT:847:847
SPLIT:848:848
SPLIT:849:849
SPLIT:85:85
SPLIT:850:850
SPLIT:851:851
SPLIT:852:852
SPLIT:853:853
SPLIT:855:855
SPLIT:856:856
SPLIT:858:858
SPLIT:859:859
SPLIT:86:86
SPLIT:860:860
SPLIT:861:861
SPLIT:863:863
SPLIT:864:864
SPLIT:865:865
SPLIT:866:866
SPLIT:867:867
SPLIT:868:868
SPLIT:869:869
SPLIT:87:87
SPLIT:870:870
SPLIT:873:873
SPLIT:875:875
SPLIT:876:876
SPLIT:877:877
SPLIT:879:879
SPLIT:88:88
SPLIT:880:880
SPLIT:881:881
SPLIT:882:882
SPLIT:883:883
SPLIT:884:884
SPLIT:885:885
SPLIT:886:886
SPLIT:887:887
SPLIT:888:888
SPLIT:889:889
SPLIT:89:89
SPLIT:890:890
SPLIT:891:891
SPLIT:892:892
SPLIT:893:893
SPLIT:894:894
SPLIT:895:895
SPLIT:896:896
SPLIT:897:897
SPLIT:898:898
SPLIT:899:899
SPLIT:9:9
SPLIT:90:90
SPLIT:900:900
SPLIT:901:901
SPLIT:902:902
SPLIT:903:903
SPLIT:904:904
SPLIT:905:905
SPLIT:906:906
SPLIT:907:907
SPLIT:908:908
SPLIT:91:91
SPLIT:910:910
SPLIT:911:911
SPLIT:912:912
SPLIT:913:913
SPLIT:914:914
SPLIT:915:915
SPLIT:916:916
SPLIT:917:917
SPLIT:918:918
SPLIT:919:919
SPLIT:92:92
SPLIT:920:920
SPLIT:921:921
SPLIT:922:922
SPLIT:923:923
SPLIT:924:924
SPLIT:925:925
SPLIT:926:926
SPLIT:927:927
SPLIT:928:928
SPLIT:929:929
SPLIT:93:93
SPLIT:931:931
SPLIT:932:932
SPLIT:933:933
SPLIT:934:934
SPLIT:935:935
SPLIT:936:936
SPLIT:937:937
SPLIT:938:938
SPLIT:939:939
SPLIT:94:94
SPLIT:940:940
SPLIT:941:941
SPLIT:942:942
SPLIT:943:943
SPLIT:944:944
SPLIT:945:945
SPLIT:946:946
SPLIT:947:947
SPLIT:948:948
SPLIT:949:949
SPLIT:95:95
SPLIT:950:950
SPLIT:951:951
SPLIT:952:952
SPLIT:953:953
SPLIT:954:954
SPLIT:955:955
SPLIT:956:956
SPLIT:957:957
SPLIT:958:958
SPLIT:959:959
SPLIT:96:96
SPLIT:960:960
SPLIT:961:961
SPLIT:962:962
SPLIT:963:963
SPLIT:964:964
SPLIT:965:965
SPLIT:966:966
SPLIT:967:967
SPLIT:968:968
SPLIT:969:969
SPLIT:97:97
SPLIT:970:970
SPLIT:971:971
SPLIT:972:972
SPLIT:973:973
SPLIT:974:974
SPLIT:975:975
SPLIT:976:976
SPLIT:977:977
SPLIT:978:978
SPLIT:979:979
SPLIT:98:98
SPLIT:980:980
SPLIT:981:981
SPLIT:982:982
SPLIT:983:983
SPLIT:984:984
SPLIT:985:985
SPLIT:986:986
SPLIT:987:987
SPLIT:988:988
SPLIT:989:989
SPLIT:99:99
SPLIT:990:990
SPLIT:991:991
SPLIT:992:992
SPLIT:993:993
SPLIT:994:994
SPLIT:995:995
SPLIT:996:996
SPLIT:997:997
SPLIT:998:998
SPLIT:999:999
共拆分出 2888 条序列，开始批量预测...
[1/2888] 正在预测序列: 0
  ✓ 完成: /home/bingxing2/home/scx7auf/Shihaoxuan/graduate/data/RE-datasetA/contrafold_train/0.bpseq
[2/2888] 正在预测序列: 1000
  ✓ 完成: /home/bingxing2/home/scx7auf/Shihaoxuan/graduate/data/RE-datasetA/contrafold_train/1000.bpseq
[3/2888] 正在预测序列: 1001
  ✓ 完成: /home/bingxing2/home/scx7auf/Shihaoxuan/graduate/data/RE-datasetA/contrafold_train/1001.bpseq
[4/2888] 正在预测序列: 1002
  ✓ 完成: /home/bingxing2/home/scx7auf/Shihaoxuan/graduate/data/RE-datasetA/contrafold_train/1002.bpseq
[5/2888] 正在预测序列: 1003
  ✓ 完成: /home/bingxing2/home/scx7auf/Shihaoxuan/graduate/data/RE-datasetA/contrafold_train/1003.bpseq
[6/2888] 正在预测序列: 1004
  ✓ 完成: /home/bingxing2/home/scx7auf/Shihaoxuan/graduate/data/RE-datasetA/contrafold_train/1004.bpseq
[7/2888] 正在预测序列: 1005
  ✓ 完成: /home/bingxing2/home/scx7auf/Shihaoxuan/graduate/data/RE-datasetA/contrafold_train/1005.bpseq
[8/2888] 正在预测序列: 1006
  ✓ 完成: /home/bingxing2/home/scx7auf/Shihaoxuan/graduate/data/RE-datasetA/contrafold_train/1006.bpseq
[9/2888] 正在预测序列: 1007
  ✓ 完成: /home/bingxing2/home/scx7auf/Shihaoxuan/graduate/data/RE-datasetA/contrafold_train/1007.bpseq
[10/2888] 正在预测序列: 1008
  ✓ 完成: /home/bingxing2/home/scx7auf/Shihaoxuan/graduate/data/RE-datasetA/contrafold_train/1008.bpseq
[11/2888] 正在预测序列: 100
  ✓ 完成: /home/bingxing2/home/scx7auf/Shihaoxuan/graduate/data/RE-datasetA/contrafold_train/100.bpseq
[12/2888] 正在预测序列: 1010
  ✓ 完成: /home/bingxing2/home/scx7auf/Shihaoxuan/graduate/data/RE-datasetA/contrafold_train/1010.bpseq
[13/2888] 正在预测序列: 1011
  ✓ 完成: /home/bingxing2/home/scx7auf/Shihaoxuan/graduate/data/RE-datasetA/contrafold_train/1011.bpseq
[14/2888] 正在预测序列: 1012
  ✓ 完成: /home/bingxing2/home/scx7auf/Shihaoxuan/graduate/data/RE-datasetA/contrafold_train/1012.bpseq
[15/2888] 正在预测序列: 1013
  ✓ 完成: /home/bingxing2/home/scx7auf/Shihaoxuan/graduate/data/RE-datasetA/contrafold_train/1013.bpseq
[16/2888] 正在预测序列: 1014
  ✓ 完成: /home/bingxing2/home/scx7auf/Shihaoxuan/graduate/data/RE-datasetA/contrafold_train/1014.bpseq
[17/2888] 正在预测序列: 1015
  ✓ 完成: /home/bingxing2/home/scx7auf/Shihaoxuan/graduate/data/RE-datasetA/contrafold_train/1015.bpseq
[18/2888] 正在预测序列: 1016
  ✓ 完成: /home/bingxing2/home/scx7auf/Shihaoxuan/graduate/data/RE-datasetA/contrafold_train/1016.bpseq
[19/2888] 正在预测序列: 1018
  ✓ 完成: /home/bingxing2/home/scx7auf/Shihaoxuan/graduate/data/RE-datasetA/contrafold_train/1018.bpseq
[20/2888] 正在预测序列: 1019
  ✓ 完成: /home/bingxing2/home/scx7auf/Shihaoxuan/graduate/data/RE-datasetA/contrafold_train/1019.bpseq
[21/2888] 正在预测序列: 101
  ✓ 完成: /home/bingxing2/home/scx7auf/Shihaoxuan/graduate/data/RE-datasetA/contrafold_train/101.bpseq
[22/2888] 正在预测序列: 1020
  ✓ 完成: /home/bingxing2/home/scx7auf/Shihaoxuan/graduate/data/RE-datasetA/contrafold_train/1020.bpseq
[23/2888] 正在预测序列: 1021
  ✓ 完成: /home/bingxing2/home/scx7auf/Shihaoxuan/graduate/data/RE-datasetA/contrafold_train/1021.bpseq
[24/2888] 正在预测序列: 1022
  ✓ 完成: /home/bingxing2/home/scx7auf/Shihaoxuan/graduate/data/RE-datasetA/contrafold_train/1022.bpseq
[25/2888] 正在预测序列: 1023
  ✓ 完成: /home/bingxing2/home/scx7auf/Shihaoxuan/graduate/data/RE-datasetA/contrafold_train/1023.bpseq
[26/2888] 正在预测序列: 1024
  ✓ 完成: /home/bingxing2/home/scx7auf/Shihaoxuan/graduate/data/RE-datasetA/contrafold_train/1024.bpseq
[27/2888] 正在预测序列: 1025
  ✓ 完成: /home/bingxing2/home/scx7auf/Shihaoxuan/graduate/data/RE-datasetA/contrafold_train/1025.bpseq
[28/2888] 正在预测序列: 1026
  ✓ 完成: /home/bingxing2/home/scx7auf/Shihaoxuan/graduate/data/RE-datasetA/contrafold_train/1026.bpseq
[29/2888] 正在预测序列: 1027
  ✓ 完成: /home/bingxing2/home/scx7auf/Shihaoxuan/graduate/data/RE-datasetA/contrafold_train/1027.bpseq
[30/2888] 正在预测序列: 1028
  ✓ 完成: /home/bingxing2/home/scx7auf/Shihaoxuan/graduate/data/RE-datasetA/contrafold_train/1028.bpseq
[31/2888] 正在预测序列: 1029
  ✓ 完成: /home/bingxing2/home/scx7auf/Shihaoxuan/graduate/data/RE-datasetA/contrafold_train/1029.bpseq
[32/2888] 正在预测序列: 102
  ✓ 完成: /home/bingxing2/home/scx7auf/Shihaoxuan/graduate/data/RE-datasetA/contrafold_train/102.bpseq
[33/2888] 正在预测序列: 1030
  ✓ 完成: /home/bingxing2/home/scx7auf/Shihaoxuan/graduate/data/RE-datasetA/contrafold_train/1030.bpseq
[34/2888] 正在预测序列: 1031
  ✓ 完成: /home/bingxing2/home/scx7auf/Shihaoxuan/graduate/data/RE-datasetA/contrafold_train/1031.bpseq
[35/2888] 正在预测序列: 1032
  ✓ 完成: /home/bingxing2/home/scx7auf/Shihaoxuan/graduate/data/RE-datasetA/contrafold_train/1032.bpseq
[36/2888] 正在预测序列: 1033
  ✓ 完成: /home/bingxing2/home/scx7auf/Shihaoxuan/graduate/data/RE-datasetA/contrafold_train/1033.bpseq
[37/2888] 正在预测序列: 1034
  ✓ 完成: /home/bingxing2/home/scx7auf/Shihaoxuan/graduate/data/RE-datasetA/contrafold_train/1034.bpseq
[38/2888] 正在预测序列: 1035
  ✓ 完成: /home/bingxing2/home/scx7auf/Shihaoxuan/graduate/data/RE-datasetA/contrafold_train/1035.bpseq
[39/2888] 正在预测序列: 1036
  ✓ 完成: /home/bingxing2/home/scx7auf/Shihaoxuan/graduate/data/RE-datasetA/contrafold_train/1036.bpseq
[40/2888] 正在预测序列: 1038
  ✓ 完成: /home/bingxing2/home/scx7auf/Shihaoxuan/graduate/data/RE-datasetA/contrafold_train/1038.bpseq
[41/2888] 正在预测序列: 1039
  ✓ 完成: /home/bingxing2/home/scx7auf/Shihaoxuan/graduate/data/RE-datasetA/contrafold_train/1039.bpseq
[42/2888] 正在预测序列: 103
  ✓ 完成: /home/bingxing2/home/scx7auf/Shihaoxuan/graduate/data/RE-datasetA/contrafold_train/103.bpseq
[43/2888] 正在预测序列: 1040
  ✓ 完成: /home/bingxing2/home/scx7auf/Shihaoxuan/graduate/data/RE-datasetA/contrafold_train/1040.bpseq
[44/2888] 正在预测序列: 1041
  ✓ 完成: /home/bingxing2/home/scx7auf/Shihaoxuan/graduate/data/RE-datasetA/contrafold_train/1041.bpseq
[45/2888] 正在预测序列: 1042
  ✓ 完成: /home/bingxing2/home/scx7auf/Shihaoxuan/graduate/data/RE-datasetA/contrafold_train/1042.bpseq
[46/2888] 正在预测序列: 1043
  ✓ 完成: /home/bingxing2/home/scx7auf/Shihaoxuan/graduate/data/RE-datasetA/contrafold_train/1043.bpseq
[47/2888] 正在预测序列: 1044
  ✓ 完成: /home/bingxing2/home/scx7auf/Shihaoxuan/graduate/data/RE-datasetA/contrafold_train/1044.bpseq
[48/2888] 正在预测序列: 1045
  ✓ 完成: /home/bingxing2/home/scx7auf/Shihaoxuan/graduate/data/RE-datasetA/contrafold_train/1045.bpseq
[49/2888] 正在预测序列: 1046
  ✓ 完成: /home/bingxing2/home/scx7auf/Shihaoxuan/graduate/data/RE-datasetA/contrafold_train/1046.bpseq
[50/2888] 正在预测序列: 1047
  ✓ 完成: /home/bingxing2/home/scx7auf/Shihaoxuan/graduate/data/RE-datasetA/contrafold_train/1047.bpseq
[51/2888] 正在预测序列: 1048
  ✓ 完成: /home/bingxing2/home/scx7auf/Shihaoxuan/graduate/data/RE-datasetA/contrafold_train/1048.bpseq
[52/2888] 正在预测序列: 1049
  ✓ 完成: /home/bingxing2/home/scx7auf/Shihaoxuan/graduate/data/RE-datasetA/contrafold_train/1049.bpseq
[53/2888] 正在预测序列: 104
  ✓ 完成: /home/bingxing2/home/scx7auf/Shihaoxuan/graduate/data/RE-datasetA/contrafold_train/104.bpseq
[54/2888] 正在预测序列: 1050
  ✓ 完成: /home/bingxing2/home/scx7auf/Shihaoxuan/graduate/data/RE-datasetA/contrafold_train/1050.bpseq
[55/2888] 正在预测序列: 1051
  ✓ 完成: /home/bingxing2/home/scx7auf/Shihaoxuan/graduate/data/RE-datasetA/contrafold_train/1051.bpseq
[56/2888] 正在预测序列: 1052
  ✓ 完成: /home/bingxing2/home/scx7auf/Shihaoxuan/graduate/data/RE-datasetA/contrafold_train/1052.bpseq
[57/2888] 正在预测序列: 1053
  ✓ 完成: /home/bingxing2/home/scx7auf/Shihaoxuan/graduate/data/RE-datasetA/contrafold_train/1053.bpseq
[58/2888] 正在预测序列: 1054
  ✓ 完成: /home/bingxing2/home/scx7auf/Shihaoxuan/graduate/data/RE-datasetA/contrafold_train/1054.bpseq
[59/2888] 正在预测序列: 1055
  ✓ 完成: /home/bingxing2/home/scx7auf/Shihaoxuan/graduate/data/RE-datasetA/contrafold_train/1055.bpseq
[60/2888] 正在预测序列: 1056
  ✓ 完成: /home/bingxing2/home/scx7auf/Shihaoxuan/graduate/data/RE-datasetA/contrafold_train/1056.bpseq
[61/2888] 正在预测序列: 1057
  ✓ 完成: /home/bingxing2/home/scx7auf/Shihaoxuan/graduate/data/RE-datasetA/contrafold_train/1057.bpseq
[62/2888] 正在预测序列: 1058
  ✓ 完成: /home/bingxing2/home/scx7auf/Shihaoxuan/graduate/data/RE-datasetA/contrafold_train/1058.bpseq
[63/2888] 正在预测序列: 1059
  ✓ 完成: /home/bingxing2/home/scx7auf/Shihaoxuan/graduate/data/RE-datasetA/contrafold_train/1059.bpseq
[64/2888] 正在预测序列: 105
  ✓ 完成: /home/bingxing2/home/scx7auf/Shihaoxuan/graduate/data/RE-datasetA/contrafold_train/105.bpseq
[65/2888] 正在预测序列: 1060
  ✓ 完成: /home/bingxing2/home/scx7auf/Shihaoxuan/graduate/data/RE-datasetA/contrafold_train/1060.bpseq
[66/2888] 正在预测序列: 1061
  ✓ 完成: /home/bingxing2/home/scx7auf/Shihaoxuan/graduate/data/RE-datasetA/contrafold_train/1061.bpseq
[67/2888] 正在预测序列: 1062
  ✓ 完成: /home/bingxing2/home/scx7auf/Shihaoxuan/graduate/data/RE-datasetA/contrafold_train/1062.bpseq
[68/2888] 正在预测序列: 1063
  ✓ 完成: /home/bingxing2/home/scx7auf/Shihaoxuan/graduate/data/RE-datasetA/contrafold_train/1063.bpseq
[69/2888] 正在预测序列: 1064
  ✓ 完成: /home/bingxing2/home/scx7auf/Shihaoxuan/graduate/data/RE-datasetA/contrafold_train/1064.bpseq
[70/2888] 正在预测序列: 1065
  ✓ 完成: /home/bingxing2/home/scx7auf/Shihaoxuan/graduate/data/RE-datasetA/contrafold_train/1065.bpseq
[71/2888] 正在预测序列: 1066
  ✓ 完成: /home/bingxing2/home/scx7auf/Shihaoxuan/graduate/data/RE-datasetA/contrafold_train/1066.bpseq
[72/2888] 正在预测序列: 1067
  ✓ 完成: /home/bingxing2/home/scx7auf/Shihaoxuan/graduate/data/RE-datasetA/contrafold_train/1067.bpseq
[73/2888] 正在预测序列: 1068
  ✓ 完成: /home/bingxing2/home/scx7auf/Shihaoxuan/graduate/data/RE-datasetA/contrafold_train/1068.bpseq
[74/2888] 正在预测序列: 1069
  ✓ 完成: /home/bingxing2/home/scx7auf/Shihaoxuan/graduate/data/RE-datasetA/contrafold_train/1069.bpseq
[75/2888] 正在预测序列: 106
  ✓ 完成: /home/bingxing2/home/scx7auf/Shihaoxuan/graduate/data/RE-datasetA/contrafold_train/106.bpseq
[76/2888] 正在预测序列: 1070
  ✓ 完成: /home/bingxing2/home/scx7auf/Shihaoxuan/graduate/data/RE-datasetA/contrafold_train/1070.bpseq
[77/2888] 正在预测序列: 1071
  ✓ 完成: /home/bingxing2/home/scx7auf/Shihaoxuan/graduate/data/RE-datasetA/contrafold_train/1071.bpseq
[78/2888] 正在预测序列: 1072
  ✓ 完成: /home/bingxing2/home/scx7auf/Shihaoxuan/graduate/data/RE-datasetA/contrafold_train/1072.bpseq
[79/2888] 正在预测序列: 1074
  ✓ 完成: /home/bingxing2/home/scx7auf/Shihaoxuan/graduate/data/RE-datasetA/contrafold_train/1074.bpseq
[80/2888] 正在预测序列: 1075
  ✓ 完成: /home/bingxing2/home/scx7auf/Shihaoxuan/graduate/data/RE-datasetA/contrafold_train/1075.bpseq
[81/2888] 正在预测序列: 1076
  ✓ 完成: /home/bingxing2/home/scx7auf/Shihaoxuan/graduate/data/RE-datasetA/contrafold_train/1076.bpseq
[82/2888] 正在预测序列: 1077
  ✓ 完成: /home/bingxing2/home/scx7auf/Shihaoxuan/graduate/data/RE-datasetA/contrafold_train/1077.bpseq
[83/2888] 正在预测序列: 1078
  ✓ 完成: /home/bingxing2/home/scx7auf/Shihaoxuan/graduate/data/RE-datasetA/contrafold_train/1078.bpseq
[84/2888] 正在预测序列: 1079
  ✓ 完成: /home/bingxing2/home/scx7auf/Shihaoxuan/graduate/data/RE-datasetA/contrafold_train/1079.bpseq
[85/2888] 正在预测序列: 107
  ✓ 完成: /home/bingxing2/home/scx7auf/Shihaoxuan/graduate/data/RE-datasetA/contrafold_train/107.bpseq
[86/2888] 正在预测序列: 1081
  ✓ 完成: /home/bingxing2/home/scx7auf/Shihaoxuan/graduate/data/RE-datasetA/contrafold_train/1081.bpseq
[87/2888] 正在预测序列: 1082
  ✓ 完成: /home/bingxing2/home/scx7auf/Shihaoxuan/graduate/data/RE-datasetA/contrafold_train/1082.bpseq
[88/2888] 正在预测序列: 1083
  ✓ 完成: /home/bingxing2/home/scx7auf/Shihaoxuan/graduate/data/RE-datasetA/contrafold_train/1083.bpseq
[89/2888] 正在预测序列: 1084
  ✓ 完成: /home/bingxing2/home/scx7auf/Shihaoxuan/graduate/data/RE-datasetA/contrafold_train/1084.bpseq
[90/2888] 正在预测序列: 1085
  ✓ 完成: /home/bingxing2/home/scx7auf/Shihaoxuan/graduate/data/RE-datasetA/contrafold_train/1085.bpseq
[91/2888] 正在预测序列: 1086
  ✓ 完成: /home/bingxing2/home/scx7auf/Shihaoxuan/graduate/data/RE-datasetA/contrafold_train/1086.bpseq
[92/2888] 正在预测序列: 1087
  ✓ 完成: /home/bingxing2/home/scx7auf/Shihaoxuan/graduate/data/RE-datasetA/contrafold_train/1087.bpseq
[93/2888] 正在预测序列: 1088
  ✓ 完成: /home/bingxing2/home/scx7auf/Shihaoxuan/graduate/data/RE-datasetA/contrafold_train/1088.bpseq
[94/2888] 正在预测序列: 1089
  ✓ 完成: /home/bingxing2/home/scx7auf/Shihaoxuan/graduate/data/RE-datasetA/contrafold_train/1089.bpseq
[95/2888] 正在预测序列: 108
  ✓ 完成: /home/bingxing2/home/scx7auf/Shihaoxuan/graduate/data/RE-datasetA/contrafold_train/108.bpseq
[96/2888] 正在预测序列: 1090
  ✓ 完成: /home/bingxing2/home/scx7auf/Shihaoxuan/graduate/data/RE-datasetA/contrafold_train/1090.bpseq
[97/2888] 正在预测序列: 1091
  ✓ 完成: /home/bingxing2/home/scx7auf/Shihaoxuan/graduate/data/RE-datasetA/contrafold_train/1091.bpseq
[98/2888] 正在预测序列: 1092
  ✓ 完成: /home/bingxing2/home/scx7auf/Shihaoxuan/graduate/data/RE-datasetA/contrafold_train/1092.bpseq
[99/2888] 正在预测序列: 1093
  ✓ 完成: /home/bingxing2/home/scx7auf/Shihaoxuan/graduate/data/RE-datasetA/contrafold_train/1093.bpseq
[100/2888] 正在预测序列: 1094
  ✓ 完成: /home/bingxing2/home/scx7auf/Shihaoxuan/graduate/data/RE-datasetA/contrafold_train/1094.bpseq
[101/2888] 正在预测序列: 1095
  ✓ 完成: /home/bingxing2/home/scx7auf/Shihaoxuan/graduate/data/RE-datasetA/contrafold_train/1095.bpseq
[102/2888] 正在预测序列: 1097
  ✓ 完成: /home/bingxing2/home/scx7auf/Shihaoxuan/graduate/data/RE-datasetA/contrafold_train/1097.bpseq
[103/2888] 正在预测序列: 1098
  ✓ 完成: /home/bingxing2/home/scx7auf/Shihaoxuan/graduate/data/RE-datasetA/contrafold_train/1098.bpseq
[104/2888] 正在预测序列: 1099
  ✓ 完成: /home/bingxing2/home/scx7auf/Shihaoxuan/graduate/data/RE-datasetA/contrafold_train/1099.bpseq
[105/2888] 正在预测序列: 109
  ✓ 完成: /home/bingxing2/home/scx7auf/Shihaoxuan/graduate/data/RE-datasetA/contrafold_train/109.bpseq
[106/2888] 正在预测序列: 10
  ✓ 完成: /home/bingxing2/home/scx7auf/Shihaoxuan/graduate/data/RE-datasetA/contrafold_train/10.bpseq
[107/2888] 正在预测序列: 1100
  ✓ 完成: /home/bingxing2/home/scx7auf/Shihaoxuan/graduate/data/RE-datasetA/contrafold_train/1100.bpseq
[108/2888] 正在预测序列: 1101
  ✓ 完成: /home/bingxing2/home/scx7auf/Shihaoxuan/graduate/data/RE-datasetA/contrafold_train/1101.bpseq
[109/2888] 正在预测序列: 1102
  ✓ 完成: /home/bingxing2/home/scx7auf/Shihaoxuan/graduate/data/RE-datasetA/contrafold_train/1102.bpseq
[110/2888] 正在预测序列: 1103
  ✓ 完成: /home/bingxing2/home/scx7auf/Shihaoxuan/graduate/data/RE-datasetA/contrafold_train/1103.bpseq
[111/2888] 正在预测序列: 1104
  ✓ 完成: /home/bingxing2/home/scx7auf/Shihaoxuan/graduate/data/RE-datasetA/contrafold_train/1104.bpseq
[112/2888] 正在预测序列: 1105
  ✓ 完成: /home/bingxing2/home/scx7auf/Shihaoxuan/graduate/data/RE-datasetA/contrafold_train/1105.bpseq
[113/2888] 正在预测序列: 1106
  ✓ 完成: /home/bingxing2/home/scx7auf/Shihaoxuan/graduate/data/RE-datasetA/contrafold_train/1106.bpseq
[114/2888] 正在预测序列: 1107
  ✓ 完成: /home/bingxing2/home/scx7auf/Shihaoxuan/graduate/data/RE-datasetA/contrafold_train/1107.bpseq
[115/2888] 正在预测序列: 1108
  ✓ 完成: /home/bingxing2/home/scx7auf/Shihaoxuan/graduate/data/RE-datasetA/contrafold_train/1108.bpseq
[116/2888] 正在预测序列: 1109
  ✓ 完成: /home/bingxing2/home/scx7auf/Shihaoxuan/graduate/data/RE-datasetA/contrafold_train/1109.bpseq
[117/2888] 正在预测序列: 110
  ✓ 完成: /home/bingxing2/home/scx7auf/Shihaoxuan/graduate/data/RE-datasetA/contrafold_train/110.bpseq
[118/2888] 正在预测序列: 1111
  ✓ 完成: /home/bingxing2/home/scx7auf/Shihaoxuan/graduate/data/RE-datasetA/contrafold_train/1111.bpseq
[119/2888] 正在预测序列: 1112
  ✓ 完成: /home/bingxing2/home/scx7auf/Shihaoxuan/graduate/data/RE-datasetA/contrafold_train/1112.bpseq
[120/2888] 正在预测序列: 1113
  ✓ 完成: /home/bingxing2/home/scx7auf/Shihaoxuan/graduate/data/RE-datasetA/contrafold_train/1113.bpseq
[121/2888] 正在预测序列: 1114
  ✓ 完成: /home/bingxing2/home/scx7auf/Shihaoxuan/graduate/data/RE-datasetA/contrafold_train/1114.bpseq
[122/2888] 正在预测序列: 1115
  ✓ 完成: /home/bingxing2/home/scx7auf/Shihaoxuan/graduate/data/RE-datasetA/contrafold_train/1115.bpseq
[123/2888] 正在预测序列: 1116
  ✓ 完成: /home/bingxing2/home/scx7auf/Shihaoxuan/graduate/data/RE-datasetA/contrafold_train/1116.bpseq
[124/2888] 正在预测序列: 1117
  ✓ 完成: /home/bingxing2/home/scx7auf/Shihaoxuan/graduate/data/RE-datasetA/contrafold_train/1117.bpseq
[125/2888] 正在预测序列: 1118
  ✓ 完成: /home/bingxing2/home/scx7auf/Shihaoxuan/graduate/data/RE-datasetA/contrafold_train/1118.bpseq
[126/2888] 正在预测序列: 1119
  ✓ 完成: /home/bingxing2/home/scx7auf/Shihaoxuan/graduate/data/RE-datasetA/contrafold_train/1119.bpseq
[127/2888] 正在预测序列: 111
  ✓ 完成: /home/bingxing2/home/scx7auf/Shihaoxuan/graduate/data/RE-datasetA/contrafold_train/111.bpseq
[128/2888] 正在预测序列: 1120
  ✓ 完成: /home/bingxing2/home/scx7auf/Shihaoxuan/graduate/data/RE-datasetA/contrafold_train/1120.bpseq
[129/2888] 正在预测序列: 1121
  ✓ 完成: /home/bingxing2/home/scx7auf/Shihaoxuan/graduate/data/RE-datasetA/contrafold_train/1121.bpseq
[130/2888] 正在预测序列: 1122
  ✓ 完成: /home/bingxing2/home/scx7auf/Shihaoxuan/graduate/data/RE-datasetA/contrafold_train/1122.bpseq
[131/2888] 正在预测序列: 1123
  ✓ 完成: /home/bingxing2/home/scx7auf/Shihaoxuan/graduate/data/RE-datasetA/contrafold_train/1123.bpseq
[132/2888] 正在预测序列: 1124
  ✓ 完成: /home/bingxing2/home/scx7auf/Shihaoxuan/graduate/data/RE-datasetA/contrafold_train/1124.bpseq
[133/2888] 正在预测序列: 1125
  ✓ 完成: /home/bingxing2/home/scx7auf/Shihaoxuan/graduate/data/RE-datasetA/contrafold_train/1125.bpseq
[134/2888] 正在预测序列: 1126
  ✓ 完成: /home/bingxing2/home/scx7auf/Shihaoxuan/graduate/data/RE-datasetA/contrafold_train/1126.bpseq
[135/2888] 正在预测序列: 1127
  ✓ 完成: /home/bingxing2/home/scx7auf/Shihaoxuan/graduate/data/RE-datasetA/contrafold_train/1127.bpseq
[136/2888] 正在预测序列: 1128
  ✓ 完成: /home/bingxing2/home/scx7auf/Shihaoxuan/graduate/data/RE-datasetA/contrafold_train/1128.bpseq
[137/2888] 正在预测序列: 1129
  ✓ 完成: /home/bingxing2/home/scx7auf/Shihaoxuan/graduate/data/RE-datasetA/contrafold_train/1129.bpseq
[138/2888] 正在预测序列: 112
  ✓ 完成: /home/bingxing2/home/scx7auf/Shihaoxuan/graduate/data/RE-datasetA/contrafold_train/112.bpseq
[139/2888] 正在预测序列: 1130
  ✓ 完成: /home/bingxing2/home/scx7auf/Shihaoxuan/graduate/data/RE-datasetA/contrafold_train/1130.bpseq
[140/2888] 正在预测序列: 1131
  ✓ 完成: /home/bingxing2/home/scx7auf/Shihaoxuan/graduate/data/RE-datasetA/contrafold_train/1131.bpseq
[141/2888] 正在预测序列: 1133
  ✓ 完成: /home/bingxing2/home/scx7auf/Shihaoxuan/graduate/data/RE-datasetA/contrafold_train/1133.bpseq
[142/2888] 正在预测序列: 1134
  ✓ 完成: /home/bingxing2/home/scx7auf/Shihaoxuan/graduate/data/RE-datasetA/contrafold_train/1134.bpseq
[143/2888] 正在预测序列: 1135
  ✓ 完成: /home/bingxing2/home/scx7auf/Shihaoxuan/graduate/data/RE-datasetA/contrafold_train/1135.bpseq
[144/2888] 正在预测序列: 1136
  ✓ 完成: /home/bingxing2/home/scx7auf/Shihaoxuan/graduate/data/RE-datasetA/contrafold_train/1136.bpseq
[145/2888] 正在预测序列: 1137
  ✓ 完成: /home/bingxing2/home/scx7auf/Shihaoxuan/graduate/data/RE-datasetA/contrafold_train/1137.bpseq
[146/2888] 正在预测序列: 1138
  ✓ 完成: /home/bingxing2/home/scx7auf/Shihaoxuan/graduate/data/RE-datasetA/contrafold_train/1138.bpseq
[147/2888] 正在预测序列: 1139
  ✓ 完成: /home/bingxing2/home/scx7auf/Shihaoxuan/graduate/data/RE-datasetA/contrafold_train/1139.bpseq
[148/2888] 正在预测序列: 113
  ✓ 完成: /home/bingxing2/home/scx7auf/Shihaoxuan/graduate/data/RE-datasetA/contrafold_train/113.bpseq
[149/2888] 正在预测序列: 1140
  ✓ 完成: /home/bingxing2/home/scx7auf/Shihaoxuan/graduate/data/RE-datasetA/contrafold_train/1140.bpseq
[150/2888] 正在预测序列: 1141
  ✓ 完成: /home/bingxing2/home/scx7auf/Shihaoxuan/graduate/data/RE-datasetA/contrafold_train/1141.bpseq
[151/2888] 正在预测序列: 1142
  ✓ 完成: /home/bingxing2/home/scx7auf/Shihaoxuan/graduate/data/RE-datasetA/contrafold_train/1142.bpseq
[152/2888] 正在预测序列: 1143
  ✓ 完成: /home/bingxing2/home/scx7auf/Shihaoxuan/graduate/data/RE-datasetA/contrafold_train/1143.bpseq
[153/2888] 正在预测序列: 1144
  ✓ 完成: /home/bingxing2/home/scx7auf/Shihaoxuan/graduate/data/RE-datasetA/contrafold_train/1144.bpseq
[154/2888] 正在预测序列: 1145
  ✓ 完成: /home/bingxing2/home/scx7auf/Shihaoxuan/graduate/data/RE-datasetA/contrafold_train/1145.bpseq
[155/2888] 正在预测序列: 1146
  ✓ 完成: /home/bingxing2/home/scx7auf/Shihaoxuan/graduate/data/RE-datasetA/contrafold_train/1146.bpseq
[156/2888] 正在预测序列: 1147
  ✓ 完成: /home/bingxing2/home/scx7auf/Shihaoxuan/graduate/data/RE-datasetA/contrafold_train/1147.bpseq
[157/2888] 正在预测序列: 1148
  ✓ 完成: /home/bingxing2/home/scx7auf/Shihaoxuan/graduate/data/RE-datasetA/contrafold_train/1148.bpseq
[158/2888] 正在预测序列: 1149
  ✓ 完成: /home/bingxing2/home/scx7auf/Shihaoxuan/graduate/data/RE-datasetA/contrafold_train/1149.bpseq
[159/2888] 正在预测序列: 114
  ✓ 完成: /home/bingxing2/home/scx7auf/Shihaoxuan/graduate/data/RE-datasetA/contrafold_train/114.bpseq
[160/2888] 正在预测序列: 1150
  ✓ 完成: /home/bingxing2/home/scx7auf/Shihaoxuan/graduate/data/RE-datasetA/contrafold_train/1150.bpseq
[161/2888] 正在预测序列: 1151
  ✓ 完成: /home/bingxing2/home/scx7auf/Shihaoxuan/graduate/data/RE-datasetA/contrafold_train/1151.bpseq
[162/2888] 正在预测序列: 1152
  ✓ 完成: /home/bingxing2/home/scx7auf/Shihaoxuan/graduate/data/RE-datasetA/contrafold_train/1152.bpseq
[163/2888] 正在预测序列: 1154
  ✓ 完成: /home/bingxing2/home/scx7auf/Shihaoxuan/graduate/data/RE-datasetA/contrafold_train/1154.bpseq
[164/2888] 正在预测序列: 1155
  ✓ 完成: /home/bingxing2/home/scx7auf/Shihaoxuan/graduate/data/RE-datasetA/contrafold_train/1155.bpseq
[165/2888] 正在预测序列: 1156
  ✓ 完成: /home/bingxing2/home/scx7auf/Shihaoxuan/graduate/data/RE-datasetA/contrafold_train/1156.bpseq
[166/2888] 正在预测序列: 1157
  ✓ 完成: /home/bingxing2/home/scx7auf/Shihaoxuan/graduate/data/RE-datasetA/contrafold_train/1157.bpseq
[167/2888] 正在预测序列: 1158
  ✓ 完成: /home/bingxing2/home/scx7auf/Shihaoxuan/graduate/data/RE-datasetA/contrafold_train/1158.bpseq
[168/2888] 正在预测序列: 1159
  ✓ 完成: /home/bingxing2/home/scx7auf/Shihaoxuan/graduate/data/RE-datasetA/contrafold_train/1159.bpseq
[169/2888] 正在预测序列: 115
  ✓ 完成: /home/bingxing2/home/scx7auf/Shihaoxuan/graduate/data/RE-datasetA/contrafold_train/115.bpseq
[170/2888] 正在预测序列: 1160
  ✓ 完成: /home/bingxing2/home/scx7auf/Shihaoxuan/graduate/data/RE-datasetA/contrafold_train/1160.bpseq
[171/2888] 正在预测序列: 1161
  ✓ 完成: /home/bingxing2/home/scx7auf/Shihaoxuan/graduate/data/RE-datasetA/contrafold_train/1161.bpseq
[172/2888] 正在预测序列: 1162
  ✓ 完成: /home/bingxing2/home/scx7auf/Shihaoxuan/graduate/data/RE-datasetA/contrafold_train/1162.bpseq
[173/2888] 正在预测序列: 1163
  ✓ 完成: /home/bingxing2/home/scx7auf/Shihaoxuan/graduate/data/RE-datasetA/contrafold_train/1163.bpseq
[174/2888] 正在预测序列: 1164
  ✓ 完成: /home/bingxing2/home/scx7auf/Shihaoxuan/graduate/data/RE-datasetA/contrafold_train/1164.bpseq
[175/2888] 正在预测序列: 1165
  ✓ 完成: /home/bingxing2/home/scx7auf/Shihaoxuan/graduate/data/RE-datasetA/contrafold_train/1165.bpseq
[176/2888] 正在预测序列: 1166
  ✓ 完成: /home/bingxing2/home/scx7auf/Shihaoxuan/graduate/data/RE-datasetA/contrafold_train/1166.bpseq
[177/2888] 正在预测序列: 1167
  ✓ 完成: /home/bingxing2/home/scx7auf/Shihaoxuan/graduate/data/RE-datasetA/contrafold_train/1167.bpseq
[178/2888] 正在预测序列: 1168
  ✓ 完成: /home/bingxing2/home/scx7auf/Shihaoxuan/graduate/data/RE-datasetA/contrafold_train/1168.bpseq
[179/2888] 正在预测序列: 1169
  ✓ 完成: /home/bingxing2/home/scx7auf/Shihaoxuan/graduate/data/RE-datasetA/contrafold_train/1169.bpseq
[180/2888] 正在预测序列: 116
  ✓ 完成: /home/bingxing2/home/scx7auf/Shihaoxuan/graduate/data/RE-datasetA/contrafold_train/116.bpseq
[181/2888] 正在预测序列: 1170
  ✓ 完成: /home/bingxing2/home/scx7auf/Shihaoxuan/graduate/data/RE-datasetA/contrafold_train/1170.bpseq
[182/2888] 正在预测序列: 1171
  ✓ 完成: /home/bingxing2/home/scx7auf/Shihaoxuan/graduate/data/RE-datasetA/contrafold_train/1171.bpseq
[183/2888] 正在预测序列: 1172
  ✓ 完成: /home/bingxing2/home/scx7auf/Shihaoxuan/graduate/data/RE-datasetA/contrafold_train/1172.bpseq
[184/2888] 正在预测序列: 1173
  ✓ 完成: /home/bingxing2/home/scx7auf/Shihaoxuan/graduate/data/RE-datasetA/contrafold_train/1173.bpseq
[185/2888] 正在预测序列: 1174
  ✓ 完成: /home/bingxing2/home/scx7auf/Shihaoxuan/graduate/data/RE-datasetA/contrafold_train/1174.bpseq
[186/2888] 正在预测序列: 1175
  ✓ 完成: /home/bingxing2/home/scx7auf/Shihaoxuan/graduate/data/RE-datasetA/contrafold_train/1175.bpseq
[187/2888] 正在预测序列: 1176
  ✓ 完成: /home/bingxing2/home/scx7auf/Shihaoxuan/graduate/data/RE-datasetA/contrafold_train/1176.bpseq
[188/2888] 正在预测序列: 1177
  ✓ 完成: /home/bingxing2/home/scx7auf/Shihaoxuan/graduate/data/RE-datasetA/contrafold_train/1177.bpseq
[189/2888] 正在预测序列: 1178
  ✓ 完成: /home/bingxing2/home/scx7auf/Shihaoxuan/graduate/data/RE-datasetA/contrafold_train/1178.bpseq
[190/2888] 正在预测序列: 1179
  ✓ 完成: /home/bingxing2/home/scx7auf/Shihaoxuan/graduate/data/RE-datasetA/contrafold_train/1179.bpseq
[191/2888] 正在预测序列: 117
  ✓ 完成: /home/bingxing2/home/scx7auf/Shihaoxuan/graduate/data/RE-datasetA/contrafold_train/117.bpseq
[192/2888] 正在预测序列: 1180
  ✓ 完成: /home/bingxing2/home/scx7auf/Shihaoxuan/graduate/data/RE-datasetA/contrafold_train/1180.bpseq
[193/2888] 正在预测序列: 1181
  ✓ 完成: /home/bingxing2/home/scx7auf/Shihaoxuan/graduate/data/RE-datasetA/contrafold_train/1181.bpseq
[194/2888] 正在预测序列: 1182
  ✓ 完成: /home/bingxing2/home/scx7auf/Shihaoxuan/graduate/data/RE-datasetA/contrafold_train/1182.bpseq
[195/2888] 正在预测序列: 1183
  ✓ 完成: /home/bingxing2/home/scx7auf/Shihaoxuan/graduate/data/RE-datasetA/contrafold_train/1183.bpseq
[196/2888] 正在预测序列: 1184
  ✓ 完成: /home/bingxing2/home/scx7auf/Shihaoxuan/graduate/data/RE-datasetA/contrafold_train/1184.bpseq
[197/2888] 正在预测序列: 1185
  ✓ 完成: /home/bingxing2/home/scx7auf/Shihaoxuan/graduate/data/RE-datasetA/contrafold_train/1185.bpseq
[198/2888] 正在预测序列: 1186
  ✓ 完成: /home/bingxing2/home/scx7auf/Shihaoxuan/graduate/data/RE-datasetA/contrafold_train/1186.bpseq
[199/2888] 正在预测序列: 1187
  ✓ 完成: /home/bingxing2/home/scx7auf/Shihaoxuan/graduate/data/RE-datasetA/contrafold_train/1187.bpseq
[200/2888] 正在预测序列: 1188
  ✓ 完成: /home/bingxing2/home/scx7auf/Shihaoxuan/graduate/data/RE-datasetA/contrafold_train/1188.bpseq
[201/2888] 正在预测序列: 1189
  ✓ 完成: /home/bingxing2/home/scx7auf/Shihaoxuan/graduate/data/RE-datasetA/contrafold_train/1189.bpseq
[202/2888] 正在预测序列: 118
  ✓ 完成: /home/bingxing2/home/scx7auf/Shihaoxuan/graduate/data/RE-datasetA/contrafold_train/118.bpseq
[203/2888] 正在预测序列: 1190
  ✓ 完成: /home/bingxing2/home/scx7auf/Shihaoxuan/graduate/data/RE-datasetA/contrafold_train/1190.bpseq
[204/2888] 正在预测序列: 1191
  ✓ 完成: /home/bingxing2/home/scx7auf/Shihaoxuan/graduate/data/RE-datasetA/contrafold_train/1191.bpseq
[205/2888] 正在预测序列: 1192
  ✓ 完成: /home/bingxing2/home/scx7auf/Shihaoxuan/graduate/data/RE-datasetA/contrafold_train/1192.bpseq
[206/2888] 正在预测序列: 1193
  ✓ 完成: /home/bingxing2/home/scx7auf/Shihaoxuan/graduate/data/RE-datasetA/contrafold_train/1193.bpseq
[207/2888] 正在预测序列: 1194
  ✓ 完成: /home/bingxing2/home/scx7auf/Shihaoxuan/graduate/data/RE-datasetA/contrafold_train/1194.bpseq
[208/2888] 正在预测序列: 1195
  ✓ 完成: /home/bingxing2/home/scx7auf/Shihaoxuan/graduate/data/RE-datasetA/contrafold_train/1195.bpseq
[209/2888] 正在预测序列: 1196
  ✓ 完成: /home/bingxing2/home/scx7auf/Shihaoxuan/graduate/data/RE-datasetA/contrafold_train/1196.bpseq
[210/2888] 正在预测序列: 1197
  ✓ 完成: /home/bingxing2/home/scx7auf/Shihaoxuan/graduate/data/RE-datasetA/contrafold_train/1197.bpseq
[211/2888] 正在预测序列: 1198
  ✓ 完成: /home/bingxing2/home/scx7auf/Shihaoxuan/graduate/data/RE-datasetA/contrafold_train/1198.bpseq
[212/2888] 正在预测序列: 1199
  ✓ 完成: /home/bingxing2/home/scx7auf/Shihaoxuan/graduate/data/RE-datasetA/contrafold_train/1199.bpseq
[213/2888] 正在预测序列: 119
  ✓ 完成: /home/bingxing2/home/scx7auf/Shihaoxuan/graduate/data/RE-datasetA/contrafold_train/119.bpseq
[214/2888] 正在预测序列: 11
  ✓ 完成: /home/bingxing2/home/scx7auf/Shihaoxuan/graduate/data/RE-datasetA/contrafold_train/11.bpseq
[215/2888] 正在预测序列: 1200
  ✓ 完成: /home/bingxing2/home/scx7auf/Shihaoxuan/graduate/data/RE-datasetA/contrafold_train/1200.bpseq
[216/2888] 正在预测序列: 1201
  ✓ 完成: /home/bingxing2/home/scx7auf/Shihaoxuan/graduate/data/RE-datasetA/contrafold_train/1201.bpseq
[217/2888] 正在预测序列: 1202
  ✓ 完成: /home/bingxing2/home/scx7auf/Shihaoxuan/graduate/data/RE-datasetA/contrafold_train/1202.bpseq
[218/2888] 正在预测序列: 1203
  ✓ 完成: /home/bingxing2/home/scx7auf/Shihaoxuan/graduate/data/RE-datasetA/contrafold_train/1203.bpseq
[219/2888] 正在预测序列: 1204
  ✓ 完成: /home/bingxing2/home/scx7auf/Shihaoxuan/graduate/data/RE-datasetA/contrafold_train/1204.bpseq
[220/2888] 正在预测序列: 1205
  ✓ 完成: /home/bingxing2/home/scx7auf/Shihaoxuan/graduate/data/RE-datasetA/contrafold_train/1205.bpseq
[221/2888] 正在预测序列: 1206
  ✓ 完成: /home/bingxing2/home/scx7auf/Shihaoxuan/graduate/data/RE-datasetA/contrafold_train/1206.bpseq
[222/2888] 正在预测序列: 1207
  ✓ 完成: /home/bingxing2/home/scx7auf/Shihaoxuan/graduate/data/RE-datasetA/contrafold_train/1207.bpseq
[223/2888] 正在预测序列: 1208
  ✓ 完成: /home/bingxing2/home/scx7auf/Shihaoxuan/graduate/data/RE-datasetA/contrafold_train/1208.bpseq
[224/2888] 正在预测序列: 1209
  ✓ 完成: /home/bingxing2/home/scx7auf/Shihaoxuan/graduate/data/RE-datasetA/contrafold_train/1209.bpseq
[225/2888] 正在预测序列: 120
  ✓ 完成: /home/bingxing2/home/scx7auf/Shihaoxuan/graduate/data/RE-datasetA/contrafold_train/120.bpseq
[226/2888] 正在预测序列: 1210
  ✓ 完成: /home/bingxing2/home/scx7auf/Shihaoxuan/graduate/data/RE-datasetA/contrafold_train/1210.bpseq
[227/2888] 正在预测序列: 1211
  ✓ 完成: /home/bingxing2/home/scx7auf/Shihaoxuan/graduate/data/RE-datasetA/contrafold_train/1211.bpseq
[228/2888] 正在预测序列: 1212
  ✓ 完成: /home/bingxing2/home/scx7auf/Shihaoxuan/graduate/data/RE-datasetA/contrafold_train/1212.bpseq
[229/2888] 正在预测序列: 1213
  ✓ 完成: /home/bingxing2/home/scx7auf/Shihaoxuan/graduate/data/RE-datasetA/contrafold_train/1213.bpseq
[230/2888] 正在预测序列: 1214
  ✓ 完成: /home/bingxing2/home/scx7auf/Shihaoxuan/graduate/data/RE-datasetA/contrafold_train/1214.bpseq
[231/2888] 正在预测序列: 1215
  ✓ 完成: /home/bingxing2/home/scx7auf/Shihaoxuan/graduate/data/RE-datasetA/contrafold_train/1215.bpseq
[232/2888] 正在预测序列: 1216
  ✓ 完成: /home/bingxing2/home/scx7auf/Shihaoxuan/graduate/data/RE-datasetA/contrafold_train/1216.bpseq
[233/2888] 正在预测序列: 1217
  ✓ 完成: /home/bingxing2/home/scx7auf/Shihaoxuan/graduate/data/RE-datasetA/contrafold_train/1217.bpseq
[234/2888] 正在预测序列: 1218
  ✓ 完成: /home/bingxing2/home/scx7auf/Shihaoxuan/graduate/data/RE-datasetA/contrafold_train/1218.bpseq
[235/2888] 正在预测序列: 121
  ✓ 完成: /home/bingxing2/home/scx7auf/Shihaoxuan/graduate/data/RE-datasetA/contrafold_train/121.bpseq
[236/2888] 正在预测序列: 1220
  ✓ 完成: /home/bingxing2/home/scx7auf/Shihaoxuan/graduate/data/RE-datasetA/contrafold_train/1220.bpseq
[237/2888] 正在预测序列: 1221
  ✓ 完成: /home/bingxing2/home/scx7auf/Shihaoxuan/graduate/data/RE-datasetA/contrafold_train/1221.bpseq
[238/2888] 正在预测序列: 1222
  ✓ 完成: /home/bingxing2/home/scx7auf/Shihaoxuan/graduate/data/RE-datasetA/contrafold_train/1222.bpseq
[239/2888] 正在预测序列: 1223
  ✓ 完成: /home/bingxing2/home/scx7auf/Shihaoxuan/graduate/data/RE-datasetA/contrafold_train/1223.bpseq
[240/2888] 正在预测序列: 1224
  ✓ 完成: /home/bingxing2/home/scx7auf/Shihaoxuan/graduate/data/RE-datasetA/contrafold_train/1224.bpseq
[241/2888] 正在预测序列: 1225
  ✓ 完成: /home/bingxing2/home/scx7auf/Shihaoxuan/graduate/data/RE-datasetA/contrafold_train/1225.bpseq
[242/2888] 正在预测序列: 1227
  ✓ 完成: /home/bingxing2/home/scx7auf/Shihaoxuan/graduate/data/RE-datasetA/contrafold_train/1227.bpseq
[243/2888] 正在预测序列: 1228
  ✓ 完成: /home/bingxing2/home/scx7auf/Shihaoxuan/graduate/data/RE-datasetA/contrafold_train/1228.bpseq
[244/2888] 正在预测序列: 122
  ✓ 完成: /home/bingxing2/home/scx7auf/Shihaoxuan/graduate/data/RE-datasetA/contrafold_train/122.bpseq
[245/2888] 正在预测序列: 1230
  ✓ 完成: /home/bingxing2/home/scx7auf/Shihaoxuan/graduate/data/RE-datasetA/contrafold_train/1230.bpseq
[246/2888] 正在预测序列: 1231
  ✓ 完成: /home/bingxing2/home/scx7auf/Shihaoxuan/graduate/data/RE-datasetA/contrafold_train/1231.bpseq
[247/2888] 正在预测序列: 1232
  ✓ 完成: /home/bingxing2/home/scx7auf/Shihaoxuan/graduate/data/RE-datasetA/contrafold_train/1232.bpseq
[248/2888] 正在预测序列: 1233
  ✓ 完成: /home/bingxing2/home/scx7auf/Shihaoxuan/graduate/data/RE-datasetA/contrafold_train/1233.bpseq
[249/2888] 正在预测序列: 1234
  ✓ 完成: /home/bingxing2/home/scx7auf/Shihaoxuan/graduate/data/RE-datasetA/contrafold_train/1234.bpseq
[250/2888] 正在预测序列: 1235
  ✓ 完成: /home/bingxing2/home/scx7auf/Shihaoxuan/graduate/data/RE-datasetA/contrafold_train/1235.bpseq
[251/2888] 正在预测序列: 1236
  ✓ 完成: /home/bingxing2/home/scx7auf/Shihaoxuan/graduate/data/RE-datasetA/contrafold_train/1236.bpseq
[252/2888] 正在预测序列: 1237
  ✓ 完成: /home/bingxing2/home/scx7auf/Shihaoxuan/graduate/data/RE-datasetA/contrafold_train/1237.bpseq
[253/2888] 正在预测序列: 1238
  ✓ 完成: /home/bingxing2/home/scx7auf/Shihaoxuan/graduate/data/RE-datasetA/contrafold_train/1238.bpseq
[254/2888] 正在预测序列: 1239
  ✓ 完成: /home/bingxing2/home/scx7auf/Shihaoxuan/graduate/data/RE-datasetA/contrafold_train/1239.bpseq
[255/2888] 正在预测序列: 123
  ✓ 完成: /home/bingxing2/home/scx7auf/Shihaoxuan/graduate/data/RE-datasetA/contrafold_train/123.bpseq
[256/2888] 正在预测序列: 1240
  ✓ 完成: /home/bingxing2/home/scx7auf/Shihaoxuan/graduate/data/RE-datasetA/contrafold_train/1240.bpseq
[257/2888] 正在预测序列: 1242
  ✓ 完成: /home/bingxing2/home/scx7auf/Shihaoxuan/graduate/data/RE-datasetA/contrafold_train/1242.bpseq
[258/2888] 正在预测序列: 1243
  ✓ 完成: /home/bingxing2/home/scx7auf/Shihaoxuan/graduate/data/RE-datasetA/contrafold_train/1243.bpseq
[259/2888] 正在预测序列: 1244
  ✓ 完成: /home/bingxing2/home/scx7auf/Shihaoxuan/graduate/data/RE-datasetA/contrafold_train/1244.bpseq
[260/2888] 正在预测序列: 1245
  ✓ 完成: /home/bingxing2/home/scx7auf/Shihaoxuan/graduate/data/RE-datasetA/contrafold_train/1245.bpseq
[261/2888] 正在预测序列: 1246
  ✓ 完成: /home/bingxing2/home/scx7auf/Shihaoxuan/graduate/data/RE-datasetA/contrafold_train/1246.bpseq
[262/2888] 正在预测序列: 1247
  ✓ 完成: /home/bingxing2/home/scx7auf/Shihaoxuan/graduate/data/RE-datasetA/contrafold_train/1247.bpseq
[263/2888] 正在预测序列: 1248
  ✓ 完成: /home/bingxing2/home/scx7auf/Shihaoxuan/graduate/data/RE-datasetA/contrafold_train/1248.bpseq
[264/2888] 正在预测序列: 124
  ✓ 完成: /home/bingxing2/home/scx7auf/Shihaoxuan/graduate/data/RE-datasetA/contrafold_train/124.bpseq
[265/2888] 正在预测序列: 1250
  ✓ 完成: /home/bingxing2/home/scx7auf/Shihaoxuan/graduate/data/RE-datasetA/contrafold_train/1250.bpseq
[266/2888] 正在预测序列: 1251
  ✓ 完成: /home/bingxing2/home/scx7auf/Shihaoxuan/graduate/data/RE-datasetA/contrafold_train/1251.bpseq
[267/2888] 正在预测序列: 1252
  ✓ 完成: /home/bingxing2/home/scx7auf/Shihaoxuan/graduate/data/RE-datasetA/contrafold_train/1252.bpseq
[268/2888] 正在预测序列: 1253
  ✓ 完成: /home/bingxing2/home/scx7auf/Shihaoxuan/graduate/data/RE-datasetA/contrafold_train/1253.bpseq
[269/2888] 正在预测序列: 1255
  ✓ 完成: /home/bingxing2/home/scx7auf/Shihaoxuan/graduate/data/RE-datasetA/contrafold_train/1255.bpseq
[270/2888] 正在预测序列: 1256
  ✓ 完成: /home/bingxing2/home/scx7auf/Shihaoxuan/graduate/data/RE-datasetA/contrafold_train/1256.bpseq
[271/2888] 正在预测序列: 1257
  ✓ 完成: /home/bingxing2/home/scx7auf/Shihaoxuan/graduate/data/RE-datasetA/contrafold_train/1257.bpseq
[272/2888] 正在预测序列: 1258
  ✓ 完成: /home/bingxing2/home/scx7auf/Shihaoxuan/graduate/data/RE-datasetA/contrafold_train/1258.bpseq
[273/2888] 正在预测序列: 1259
  ✓ 完成: /home/bingxing2/home/scx7auf/Shihaoxuan/graduate/data/RE-datasetA/contrafold_train/1259.bpseq
[274/2888] 正在预测序列: 125
  ✓ 完成: /home/bingxing2/home/scx7auf/Shihaoxuan/graduate/data/RE-datasetA/contrafold_train/125.bpseq
[275/2888] 正在预测序列: 1260
  ✓ 完成: /home/bingxing2/home/scx7auf/Shihaoxuan/graduate/data/RE-datasetA/contrafold_train/1260.bpseq
[276/2888] 正在预测序列: 1261
  ✓ 完成: /home/bingxing2/home/scx7auf/Shihaoxuan/graduate/data/RE-datasetA/contrafold_train/1261.bpseq
[277/2888] 正在预测序列: 1263
  ✓ 完成: /home/bingxing2/home/scx7auf/Shihaoxuan/graduate/data/RE-datasetA/contrafold_train/1263.bpseq
[278/2888] 正在预测序列: 1264
  ✓ 完成: /home/bingxing2/home/scx7auf/Shihaoxuan/graduate/data/RE-datasetA/contrafold_train/1264.bpseq
[279/2888] 正在预测序列: 1265
  ✓ 完成: /home/bingxing2/home/scx7auf/Shihaoxuan/graduate/data/RE-datasetA/contrafold_train/1265.bpseq
[280/2888] 正在预测序列: 1266
  ✓ 完成: /home/bingxing2/home/scx7auf/Shihaoxuan/graduate/data/RE-datasetA/contrafold_train/1266.bpseq
[281/2888] 正在预测序列: 1267
  ✓ 完成: /home/bingxing2/home/scx7auf/Shihaoxuan/graduate/data/RE-datasetA/contrafold_train/1267.bpseq
[282/2888] 正在预测序列: 1268
  ✓ 完成: /home/bingxing2/home/scx7auf/Shihaoxuan/graduate/data/RE-datasetA/contrafold_train/1268.bpseq
[283/2888] 正在预测序列: 1269
  ✓ 完成: /home/bingxing2/home/scx7auf/Shihaoxuan/graduate/data/RE-datasetA/contrafold_train/1269.bpseq
[284/2888] 正在预测序列: 126
  ✓ 完成: /home/bingxing2/home/scx7auf/Shihaoxuan/graduate/data/RE-datasetA/contrafold_train/126.bpseq
[285/2888] 正在预测序列: 1270
  ✓ 完成: /home/bingxing2/home/scx7auf/Shihaoxuan/graduate/data/RE-datasetA/contrafold_train/1270.bpseq
[286/2888] 正在预测序列: 1271
  ✓ 完成: /home/bingxing2/home/scx7auf/Shihaoxuan/graduate/data/RE-datasetA/contrafold_train/1271.bpseq
[287/2888] 正在预测序列: 1273
  ✓ 完成: /home/bingxing2/home/scx7auf/Shihaoxuan/graduate/data/RE-datasetA/contrafold_train/1273.bpseq
[288/2888] 正在预测序列: 1274
  ✓ 完成: /home/bingxing2/home/scx7auf/Shihaoxuan/graduate/data/RE-datasetA/contrafold_train/1274.bpseq
[289/2888] 正在预测序列: 1275
  ✓ 完成: /home/bingxing2/home/scx7auf/Shihaoxuan/graduate/data/RE-datasetA/contrafold_train/1275.bpseq
[290/2888] 正在预测序列: 1276
  ✓ 完成: /home/bingxing2/home/scx7auf/Shihaoxuan/graduate/data/RE-datasetA/contrafold_train/1276.bpseq
[291/2888] 正在预测序列: 1278
  ✓ 完成: /home/bingxing2/home/scx7auf/Shihaoxuan/graduate/data/RE-datasetA/contrafold_train/1278.bpseq
[292/2888] 正在预测序列: 1279
  ✓ 完成: /home/bingxing2/home/scx7auf/Shihaoxuan/graduate/data/RE-datasetA/contrafold_train/1279.bpseq
[293/2888] 正在预测序列: 127
  ✓ 完成: /home/bingxing2/home/scx7auf/Shihaoxuan/graduate/data/RE-datasetA/contrafold_train/127.bpseq
[294/2888] 正在预测序列: 1280
  ✓ 完成: /home/bingxing2/home/scx7auf/Shihaoxuan/graduate/data/RE-datasetA/contrafold_train/1280.bpseq
[295/2888] 正在预测序列: 1281
  ✓ 完成: /home/bingxing2/home/scx7auf/Shihaoxuan/graduate/data/RE-datasetA/contrafold_train/1281.bpseq
[296/2888] 正在预测序列: 1283
  ✓ 完成: /home/bingxing2/home/scx7auf/Shihaoxuan/graduate/data/RE-datasetA/contrafold_train/1283.bpseq
[297/2888] 正在预测序列: 1284
  ✓ 完成: /home/bingxing2/home/scx7auf/Shihaoxuan/graduate/data/RE-datasetA/contrafold_train/1284.bpseq
[298/2888] 正在预测序列: 1285
  ✓ 完成: /home/bingxing2/home/scx7auf/Shihaoxuan/graduate/data/RE-datasetA/contrafold_train/1285.bpseq
[299/2888] 正在预测序列: 1286
  ✓ 完成: /home/bingxing2/home/scx7auf/Shihaoxuan/graduate/data/RE-datasetA/contrafold_train/1286.bpseq
[300/2888] 正在预测序列: 1287
  ✓ 完成: /home/bingxing2/home/scx7auf/Shihaoxuan/graduate/data/RE-datasetA/contrafold_train/1287.bpseq
[301/2888] 正在预测序列: 1288
  ✓ 完成: /home/bingxing2/home/scx7auf/Shihaoxuan/graduate/data/RE-datasetA/contrafold_train/1288.bpseq
[302/2888] 正在预测序列: 1289
  ✓ 完成: /home/bingxing2/home/scx7auf/Shihaoxuan/graduate/data/RE-datasetA/contrafold_train/1289.bpseq
[303/2888] 正在预测序列: 128
  ✓ 完成: /home/bingxing2/home/scx7auf/Shihaoxuan/graduate/data/RE-datasetA/contrafold_train/128.bpseq
[304/2888] 正在预测序列: 1290
  ✓ 完成: /home/bingxing2/home/scx7auf/Shihaoxuan/graduate/data/RE-datasetA/contrafold_train/1290.bpseq
[305/2888] 正在预测序列: 1291
  ✓ 完成: /home/bingxing2/home/scx7auf/Shihaoxuan/graduate/data/RE-datasetA/contrafold_train/1291.bpseq
[306/2888] 正在预测序列: 1292
  ✓ 完成: /home/bingxing2/home/scx7auf/Shihaoxuan/graduate/data/RE-datasetA/contrafold_train/1292.bpseq
[307/2888] 正在预测序列: 1293
  ✓ 完成: /home/bingxing2/home/scx7auf/Shihaoxuan/graduate/data/RE-datasetA/contrafold_train/1293.bpseq
[308/2888] 正在预测序列: 1294
  ✓ 完成: /home/bingxing2/home/scx7auf/Shihaoxuan/graduate/data/RE-datasetA/contrafold_train/1294.bpseq
[309/2888] 正在预测序列: 1295
  ✓ 完成: /home/bingxing2/home/scx7auf/Shihaoxuan/graduate/data/RE-datasetA/contrafold_train/1295.bpseq
[310/2888] 正在预测序列: 1296
  ✓ 完成: /home/bingxing2/home/scx7auf/Shihaoxuan/graduate/data/RE-datasetA/contrafold_train/1296.bpseq
[311/2888] 正在预测序列: 1297
  ✓ 完成: /home/bingxing2/home/scx7auf/Shihaoxuan/graduate/data/RE-datasetA/contrafold_train/1297.bpseq
[312/2888] 正在预测序列: 1298
  ✓ 完成: /home/bingxing2/home/scx7auf/Shihaoxuan/graduate/data/RE-datasetA/contrafold_train/1298.bpseq
[313/2888] 正在预测序列: 1299
  ✓ 完成: /home/bingxing2/home/scx7auf/Shihaoxuan/graduate/data/RE-datasetA/contrafold_train/1299.bpseq
[314/2888] 正在预测序列: 129
  ✓ 完成: /home/bingxing2/home/scx7auf/Shihaoxuan/graduate/data/RE-datasetA/contrafold_train/129.bpseq
[315/2888] 正在预测序列: 12
  ✓ 完成: /home/bingxing2/home/scx7auf/Shihaoxuan/graduate/data/RE-datasetA/contrafold_train/12.bpseq
[316/2888] 正在预测序列: 1300
  ✓ 完成: /home/bingxing2/home/scx7auf/Shihaoxuan/graduate/data/RE-datasetA/contrafold_train/1300.bpseq
[317/2888] 正在预测序列: 1301
  ✓ 完成: /home/bingxing2/home/scx7auf/Shihaoxuan/graduate/data/RE-datasetA/contrafold_train/1301.bpseq
[318/2888] 正在预测序列: 1302
  ✓ 完成: /home/bingxing2/home/scx7auf/Shihaoxuan/graduate/data/RE-datasetA/contrafold_train/1302.bpseq
[319/2888] 正在预测序列: 1303
  ✓ 完成: /home/bingxing2/home/scx7auf/Shihaoxuan/graduate/data/RE-datasetA/contrafold_train/1303.bpseq
[320/2888] 正在预测序列: 1305
  ✓ 完成: /home/bingxing2/home/scx7auf/Shihaoxuan/graduate/data/RE-datasetA/contrafold_train/1305.bpseq
[321/2888] 正在预测序列: 1306
  ✓ 完成: /home/bingxing2/home/scx7auf/Shihaoxuan/graduate/data/RE-datasetA/contrafold_train/1306.bpseq
[322/2888] 正在预测序列: 1307
  ✓ 完成: /home/bingxing2/home/scx7auf/Shihaoxuan/graduate/data/RE-datasetA/contrafold_train/1307.bpseq
[323/2888] 正在预测序列: 1308
  ✓ 完成: /home/bingxing2/home/scx7auf/Shihaoxuan/graduate/data/RE-datasetA/contrafold_train/1308.bpseq
[324/2888] 正在预测序列: 1309
  ✓ 完成: /home/bingxing2/home/scx7auf/Shihaoxuan/graduate/data/RE-datasetA/contrafold_train/1309.bpseq
[325/2888] 正在预测序列: 130
  ✓ 完成: /home/bingxing2/home/scx7auf/Shihaoxuan/graduate/data/RE-datasetA/contrafold_train/130.bpseq
[326/2888] 正在预测序列: 1310
  ✓ 完成: /home/bingxing2/home/scx7auf/Shihaoxuan/graduate/data/RE-datasetA/contrafold_train/1310.bpseq
[327/2888] 正在预测序列: 1311
  ✓ 完成: /home/bingxing2/home/scx7auf/Shihaoxuan/graduate/data/RE-datasetA/contrafold_train/1311.bpseq
[328/2888] 正在预测序列: 1312
  ✓ 完成: /home/bingxing2/home/scx7auf/Shihaoxuan/graduate/data/RE-datasetA/contrafold_train/1312.bpseq
[329/2888] 正在预测序列: 1313
  ✓ 完成: /home/bingxing2/home/scx7auf/Shihaoxuan/graduate/data/RE-datasetA/contrafold_train/1313.bpseq
[330/2888] 正在预测序列: 1314
  ✓ 完成: /home/bingxing2/home/scx7auf/Shihaoxuan/graduate/data/RE-datasetA/contrafold_train/1314.bpseq
[331/2888] 正在预测序列: 1316
  ✓ 完成: /home/bingxing2/home/scx7auf/Shihaoxuan/graduate/data/RE-datasetA/contrafold_train/1316.bpseq
[332/2888] 正在预测序列: 1317
  ✓ 完成: /home/bingxing2/home/scx7auf/Shihaoxuan/graduate/data/RE-datasetA/contrafold_train/1317.bpseq
[333/2888] 正在预测序列: 1318
  ✓ 完成: /home/bingxing2/home/scx7auf/Shihaoxuan/graduate/data/RE-datasetA/contrafold_train/1318.bpseq
[334/2888] 正在预测序列: 1319
  ✓ 完成: /home/bingxing2/home/scx7auf/Shihaoxuan/graduate/data/RE-datasetA/contrafold_train/1319.bpseq
[335/2888] 正在预测序列: 131
  ✓ 完成: /home/bingxing2/home/scx7auf/Shihaoxuan/graduate/data/RE-datasetA/contrafold_train/131.bpseq
[336/2888] 正在预测序列: 1320
  ✓ 完成: /home/bingxing2/home/scx7auf/Shihaoxuan/graduate/data/RE-datasetA/contrafold_train/1320.bpseq
[337/2888] 正在预测序列: 1321
  ✓ 完成: /home/bingxing2/home/scx7auf/Shihaoxuan/graduate/data/RE-datasetA/contrafold_train/1321.bpseq
[338/2888] 正在预测序列: 1322
  ✓ 完成: /home/bingxing2/home/scx7auf/Shihaoxuan/graduate/data/RE-datasetA/contrafold_train/1322.bpseq
[339/2888] 正在预测序列: 1323
  ✓ 完成: /home/bingxing2/home/scx7auf/Shihaoxuan/graduate/data/RE-datasetA/contrafold_train/1323.bpseq
[340/2888] 正在预测序列: 1324
  ✓ 完成: /home/bingxing2/home/scx7auf/Shihaoxuan/graduate/data/RE-datasetA/contrafold_train/1324.bpseq
[341/2888] 正在预测序列: 1325
  ✓ 完成: /home/bingxing2/home/scx7auf/Shihaoxuan/graduate/data/RE-datasetA/contrafold_train/1325.bpseq
[342/2888] 正在预测序列: 1326
  ✓ 完成: /home/bingxing2/home/scx7auf/Shihaoxuan/graduate/data/RE-datasetA/contrafold_train/1326.bpseq
[343/2888] 正在预测序列: 1327
  ✓ 完成: /home/bingxing2/home/scx7auf/Shihaoxuan/graduate/data/RE-datasetA/contrafold_train/1327.bpseq
[344/2888] 正在预测序列: 1328
  ✓ 完成: /home/bingxing2/home/scx7auf/Shihaoxuan/graduate/data/RE-datasetA/contrafold_train/1328.bpseq
[345/2888] 正在预测序列: 1329
  ✓ 完成: /home/bingxing2/home/scx7auf/Shihaoxuan/graduate/data/RE-datasetA/contrafold_train/1329.bpseq
[346/2888] 正在预测序列: 132
  ✓ 完成: /home/bingxing2/home/scx7auf/Shihaoxuan/graduate/data/RE-datasetA/contrafold_train/132.bpseq
[347/2888] 正在预测序列: 1330
  ✓ 完成: /home/bingxing2/home/scx7auf/Shihaoxuan/graduate/data/RE-datasetA/contrafold_train/1330.bpseq
[348/2888] 正在预测序列: 1331
  ✓ 完成: /home/bingxing2/home/scx7auf/Shihaoxuan/graduate/data/RE-datasetA/contrafold_train/1331.bpseq
[349/2888] 正在预测序列: 1332
  ✓ 完成: /home/bingxing2/home/scx7auf/Shihaoxuan/graduate/data/RE-datasetA/contrafold_train/1332.bpseq
[350/2888] 正在预测序列: 1333
  ✓ 完成: /home/bingxing2/home/scx7auf/Shihaoxuan/graduate/data/RE-datasetA/contrafold_train/1333.bpseq
[351/2888] 正在预测序列: 1334
  ✓ 完成: /home/bingxing2/home/scx7auf/Shihaoxuan/graduate/data/RE-datasetA/contrafold_train/1334.bpseq
[352/2888] 正在预测序列: 1336
  ✓ 完成: /home/bingxing2/home/scx7auf/Shihaoxuan/graduate/data/RE-datasetA/contrafold_train/1336.bpseq
[353/2888] 正在预测序列: 1337
  ✓ 完成: /home/bingxing2/home/scx7auf/Shihaoxuan/graduate/data/RE-datasetA/contrafold_train/1337.bpseq
[354/2888] 正在预测序列: 1338
  ✓ 完成: /home/bingxing2/home/scx7auf/Shihaoxuan/graduate/data/RE-datasetA/contrafold_train/1338.bpseq
[355/2888] 正在预测序列: 1339
  ✓ 完成: /home/bingxing2/home/scx7auf/Shihaoxuan/graduate/data/RE-datasetA/contrafold_train/1339.bpseq
[356/2888] 正在预测序列: 133
  ✓ 完成: /home/bingxing2/home/scx7auf/Shihaoxuan/graduate/data/RE-datasetA/contrafold_train/133.bpseq
[357/2888] 正在预测序列: 1340
  ✓ 完成: /home/bingxing2/home/scx7auf/Shihaoxuan/graduate/data/RE-datasetA/contrafold_train/1340.bpseq
[358/2888] 正在预测序列: 1341
  ✓ 完成: /home/bingxing2/home/scx7auf/Shihaoxuan/graduate/data/RE-datasetA/contrafold_train/1341.bpseq
[359/2888] 正在预测序列: 1342
  ✓ 完成: /home/bingxing2/home/scx7auf/Shihaoxuan/graduate/data/RE-datasetA/contrafold_train/1342.bpseq
[360/2888] 正在预测序列: 1343
  ✓ 完成: /home/bingxing2/home/scx7auf/Shihaoxuan/graduate/data/RE-datasetA/contrafold_train/1343.bpseq
[361/2888] 正在预测序列: 1344
  ✓ 完成: /home/bingxing2/home/scx7auf/Shihaoxuan/graduate/data/RE-datasetA/contrafold_train/1344.bpseq
[362/2888] 正在预测序列: 1345
  ✓ 完成: /home/bingxing2/home/scx7auf/Shihaoxuan/graduate/data/RE-datasetA/contrafold_train/1345.bpseq
[363/2888] 正在预测序列: 1346
  ✓ 完成: /home/bingxing2/home/scx7auf/Shihaoxuan/graduate/data/RE-datasetA/contrafold_train/1346.bpseq
[364/2888] 正在预测序列: 1347
  ✓ 完成: /home/bingxing2/home/scx7auf/Shihaoxuan/graduate/data/RE-datasetA/contrafold_train/1347.bpseq
[365/2888] 正在预测序列: 1348
  ✓ 完成: /home/bingxing2/home/scx7auf/Shihaoxuan/graduate/data/RE-datasetA/contrafold_train/1348.bpseq
[366/2888] 正在预测序列: 1349
  ✓ 完成: /home/bingxing2/home/scx7auf/Shihaoxuan/graduate/data/RE-datasetA/contrafold_train/1349.bpseq
[367/2888] 正在预测序列: 134
  ✓ 完成: /home/bingxing2/home/scx7auf/Shihaoxuan/graduate/data/RE-datasetA/contrafold_train/134.bpseq
[368/2888] 正在预测序列: 1350
  ✓ 完成: /home/bingxing2/home/scx7auf/Shihaoxuan/graduate/data/RE-datasetA/contrafold_train/1350.bpseq
[369/2888] 正在预测序列: 1351
  ✓ 完成: /home/bingxing2/home/scx7auf/Shihaoxuan/graduate/data/RE-datasetA/contrafold_train/1351.bpseq
[370/2888] 正在预测序列: 1353
  ✓ 完成: /home/bingxing2/home/scx7auf/Shihaoxuan/graduate/data/RE-datasetA/contrafold_train/1353.bpseq
[371/2888] 正在预测序列: 1354
  ✓ 完成: /home/bingxing2/home/scx7auf/Shihaoxuan/graduate/data/RE-datasetA/contrafold_train/1354.bpseq
[372/2888] 正在预测序列: 1355
  ✓ 完成: /home/bingxing2/home/scx7auf/Shihaoxuan/graduate/data/RE-datasetA/contrafold_train/1355.bpseq
[373/2888] 正在预测序列: 1356
  ✓ 完成: /home/bingxing2/home/scx7auf/Shihaoxuan/graduate/data/RE-datasetA/contrafold_train/1356.bpseq
[374/2888] 正在预测序列: 1357
  ✓ 完成: /home/bingxing2/home/scx7auf/Shihaoxuan/graduate/data/RE-datasetA/contrafold_train/1357.bpseq
[375/2888] 正在预测序列: 1358
  ✓ 完成: /home/bingxing2/home/scx7auf/Shihaoxuan/graduate/data/RE-datasetA/contrafold_train/1358.bpseq
[376/2888] 正在预测序列: 1359
  ✓ 完成: /home/bingxing2/home/scx7auf/Shihaoxuan/graduate/data/RE-datasetA/contrafold_train/1359.bpseq
[377/2888] 正在预测序列: 135
  ✓ 完成: /home/bingxing2/home/scx7auf/Shihaoxuan/graduate/data/RE-datasetA/contrafold_train/135.bpseq
[378/2888] 正在预测序列: 1360
  ✓ 完成: /home/bingxing2/home/scx7auf/Shihaoxuan/graduate/data/RE-datasetA/contrafold_train/1360.bpseq
[379/2888] 正在预测序列: 1361
  ✓ 完成: /home/bingxing2/home/scx7auf/Shihaoxuan/graduate/data/RE-datasetA/contrafold_train/1361.bpseq
[380/2888] 正在预测序列: 1362
  ✓ 完成: /home/bingxing2/home/scx7auf/Shihaoxuan/graduate/data/RE-datasetA/contrafold_train/1362.bpseq
[381/2888] 正在预测序列: 1364
  ✓ 完成: /home/bingxing2/home/scx7auf/Shihaoxuan/graduate/data/RE-datasetA/contrafold_train/1364.bpseq
[382/2888] 正在预测序列: 1365
  ✓ 完成: /home/bingxing2/home/scx7auf/Shihaoxuan/graduate/data/RE-datasetA/contrafold_train/1365.bpseq
[383/2888] 正在预测序列: 1366
  ✓ 完成: /home/bingxing2/home/scx7auf/Shihaoxuan/graduate/data/RE-datasetA/contrafold_train/1366.bpseq
[384/2888] 正在预测序列: 1367
  ✓ 完成: /home/bingxing2/home/scx7auf/Shihaoxuan/graduate/data/RE-datasetA/contrafold_train/1367.bpseq
[385/2888] 正在预测序列: 1368
  ✓ 完成: /home/bingxing2/home/scx7auf/Shihaoxuan/graduate/data/RE-datasetA/contrafold_train/1368.bpseq
[386/2888] 正在预测序列: 1369
  ✓ 完成: /home/bingxing2/home/scx7auf/Shihaoxuan/graduate/data/RE-datasetA/contrafold_train/1369.bpseq
[387/2888] 正在预测序列: 136
  ✓ 完成: /home/bingxing2/home/scx7auf/Shihaoxuan/graduate/data/RE-datasetA/contrafold_train/136.bpseq
[388/2888] 正在预测序列: 1370
  ✓ 完成: /home/bingxing2/home/scx7auf/Shihaoxuan/graduate/data/RE-datasetA/contrafold_train/1370.bpseq
[389/2888] 正在预测序列: 1371
  ✓ 完成: /home/bingxing2/home/scx7auf/Shihaoxuan/graduate/data/RE-datasetA/contrafold_train/1371.bpseq
[390/2888] 正在预测序列: 1372
  ✓ 完成: /home/bingxing2/home/scx7auf/Shihaoxuan/graduate/data/RE-datasetA/contrafold_train/1372.bpseq
[391/2888] 正在预测序列: 1373
  ✓ 完成: /home/bingxing2/home/scx7auf/Shihaoxuan/graduate/data/RE-datasetA/contrafold_train/1373.bpseq
[392/2888] 正在预测序列: 1374
  ✓ 完成: /home/bingxing2/home/scx7auf/Shihaoxuan/graduate/data/RE-datasetA/contrafold_train/1374.bpseq
[393/2888] 正在预测序列: 1375
  ✓ 完成: /home/bingxing2/home/scx7auf/Shihaoxuan/graduate/data/RE-datasetA/contrafold_train/1375.bpseq
[394/2888] 正在预测序列: 1376
  ✓ 完成: /home/bingxing2/home/scx7auf/Shihaoxuan/graduate/data/RE-datasetA/contrafold_train/1376.bpseq
[395/2888] 正在预测序列: 1377
  ✓ 完成: /home/bingxing2/home/scx7auf/Shihaoxuan/graduate/data/RE-datasetA/contrafold_train/1377.bpseq
[396/2888] 正在预测序列: 1378
  ✓ 完成: /home/bingxing2/home/scx7auf/Shihaoxuan/graduate/data/RE-datasetA/contrafold_train/1378.bpseq
[397/2888] 正在预测序列: 1379
  ✓ 完成: /home/bingxing2/home/scx7auf/Shihaoxuan/graduate/data/RE-datasetA/contrafold_train/1379.bpseq
[398/2888] 正在预测序列: 137
  ✓ 完成: /home/bingxing2/home/scx7auf/Shihaoxuan/graduate/data/RE-datasetA/contrafold_train/137.bpseq
[399/2888] 正在预测序列: 1380
  ✓ 完成: /home/bingxing2/home/scx7auf/Shihaoxuan/graduate/data/RE-datasetA/contrafold_train/1380.bpseq
[400/2888] 正在预测序列: 1381
  ✓ 完成: /home/bingxing2/home/scx7auf/Shihaoxuan/graduate/data/RE-datasetA/contrafold_train/1381.bpseq
[401/2888] 正在预测序列: 1382
  ✓ 完成: /home/bingxing2/home/scx7auf/Shihaoxuan/graduate/data/RE-datasetA/contrafold_train/1382.bpseq
[402/2888] 正在预测序列: 1383
  ✓ 完成: /home/bingxing2/home/scx7auf/Shihaoxuan/graduate/data/RE-datasetA/contrafold_train/1383.bpseq
[403/2888] 正在预测序列: 1384
  ✓ 完成: /home/bingxing2/home/scx7auf/Shihaoxuan/graduate/data/RE-datasetA/contrafold_train/1384.bpseq
[404/2888] 正在预测序列: 1385
  ✓ 完成: /home/bingxing2/home/scx7auf/Shihaoxuan/graduate/data/RE-datasetA/contrafold_train/1385.bpseq
[405/2888] 正在预测序列: 1386
  ✓ 完成: /home/bingxing2/home/scx7auf/Shihaoxuan/graduate/data/RE-datasetA/contrafold_train/1386.bpseq
[406/2888] 正在预测序列: 1387
  ✓ 完成: /home/bingxing2/home/scx7auf/Shihaoxuan/graduate/data/RE-datasetA/contrafold_train/1387.bpseq
[407/2888] 正在预测序列: 1388
  ✓ 完成: /home/bingxing2/home/scx7auf/Shihaoxuan/graduate/data/RE-datasetA/contrafold_train/1388.bpseq
[408/2888] 正在预测序列: 1389
  ✓ 完成: /home/bingxing2/home/scx7auf/Shihaoxuan/graduate/data/RE-datasetA/contrafold_train/1389.bpseq
[409/2888] 正在预测序列: 138
  ✓ 完成: /home/bingxing2/home/scx7auf/Shihaoxuan/graduate/data/RE-datasetA/contrafold_train/138.bpseq
[410/2888] 正在预测序列: 1390
  ✓ 完成: /home/bingxing2/home/scx7auf/Shihaoxuan/graduate/data/RE-datasetA/contrafold_train/1390.bpseq
[411/2888] 正在预测序列: 1394
  ✓ 完成: /home/bingxing2/home/scx7auf/Shihaoxuan/graduate/data/RE-datasetA/contrafold_train/1394.bpseq
[412/2888] 正在预测序列: 1395
  ✓ 完成: /home/bingxing2/home/scx7auf/Shihaoxuan/graduate/data/RE-datasetA/contrafold_train/1395.bpseq
[413/2888] 正在预测序列: 1396
  ✓ 完成: /home/bingxing2/home/scx7auf/Shihaoxuan/graduate/data/RE-datasetA/contrafold_train/1396.bpseq
[414/2888] 正在预测序列: 1397
  ✓ 完成: /home/bingxing2/home/scx7auf/Shihaoxuan/graduate/data/RE-datasetA/contrafold_train/1397.bpseq
[415/2888] 正在预测序列: 1398
  ✓ 完成: /home/bingxing2/home/scx7auf/Shihaoxuan/graduate/data/RE-datasetA/contrafold_train/1398.bpseq
[416/2888] 正在预测序列: 1399
  ✓ 完成: /home/bingxing2/home/scx7auf/Shihaoxuan/graduate/data/RE-datasetA/contrafold_train/1399.bpseq
[417/2888] 正在预测序列: 139
  ✓ 完成: /home/bingxing2/home/scx7auf/Shihaoxuan/graduate/data/RE-datasetA/contrafold_train/139.bpseq
[418/2888] 正在预测序列: 13
  ✓ 完成: /home/bingxing2/home/scx7auf/Shihaoxuan/graduate/data/RE-datasetA/contrafold_train/13.bpseq
[419/2888] 正在预测序列: 1400
  ✓ 完成: /home/bingxing2/home/scx7auf/Shihaoxuan/graduate/data/RE-datasetA/contrafold_train/1400.bpseq
[420/2888] 正在预测序列: 1401
  ✓ 完成: /home/bingxing2/home/scx7auf/Shihaoxuan/graduate/data/RE-datasetA/contrafold_train/1401.bpseq
[421/2888] 正在预测序列: 1402
  ✓ 完成: /home/bingxing2/home/scx7auf/Shihaoxuan/graduate/data/RE-datasetA/contrafold_train/1402.bpseq
[422/2888] 正在预测序列: 1403
  ✓ 完成: /home/bingxing2/home/scx7auf/Shihaoxuan/graduate/data/RE-datasetA/contrafold_train/1403.bpseq
[423/2888] 正在预测序列: 1404
  ✓ 完成: /home/bingxing2/home/scx7auf/Shihaoxuan/graduate/data/RE-datasetA/contrafold_train/1404.bpseq
[424/2888] 正在预测序列: 1405
  ✓ 完成: /home/bingxing2/home/scx7auf/Shihaoxuan/graduate/data/RE-datasetA/contrafold_train/1405.bpseq
[425/2888] 正在预测序列: 1406
  ✓ 完成: /home/bingxing2/home/scx7auf/Shihaoxuan/graduate/data/RE-datasetA/contrafold_train/1406.bpseq
[426/2888] 正在预测序列: 1407
  ✓ 完成: /home/bingxing2/home/scx7auf/Shihaoxuan/graduate/data/RE-datasetA/contrafold_train/1407.bpseq
[427/2888] 正在预测序列: 1408
  ✓ 完成: /home/bingxing2/home/scx7auf/Shihaoxuan/graduate/data/RE-datasetA/contrafold_train/1408.bpseq
[428/2888] 正在预测序列: 1409
  ✓ 完成: /home/bingxing2/home/scx7auf/Shihaoxuan/graduate/data/RE-datasetA/contrafold_train/1409.bpseq
[429/2888] 正在预测序列: 1410
  ✓ 完成: /home/bingxing2/home/scx7auf/Shihaoxuan/graduate/data/RE-datasetA/contrafold_train/1410.bpseq
[430/2888] 正在预测序列: 1411
  ✓ 完成: /home/bingxing2/home/scx7auf/Shihaoxuan/graduate/data/RE-datasetA/contrafold_train/1411.bpseq
[431/2888] 正在预测序列: 1412
  ✓ 完成: /home/bingxing2/home/scx7auf/Shihaoxuan/graduate/data/RE-datasetA/contrafold_train/1412.bpseq
[432/2888] 正在预测序列: 1413
  ✓ 完成: /home/bingxing2/home/scx7auf/Shihaoxuan/graduate/data/RE-datasetA/contrafold_train/1413.bpseq
[433/2888] 正在预测序列: 1414
  ✓ 完成: /home/bingxing2/home/scx7auf/Shihaoxuan/graduate/data/RE-datasetA/contrafold_train/1414.bpseq
[434/2888] 正在预测序列: 1415
  ✓ 完成: /home/bingxing2/home/scx7auf/Shihaoxuan/graduate/data/RE-datasetA/contrafold_train/1415.bpseq
[435/2888] 正在预测序列: 1416
  ✓ 完成: /home/bingxing2/home/scx7auf/Shihaoxuan/graduate/data/RE-datasetA/contrafold_train/1416.bpseq
[436/2888] 正在预测序列: 1417
  ✓ 完成: /home/bingxing2/home/scx7auf/Shihaoxuan/graduate/data/RE-datasetA/contrafold_train/1417.bpseq
[437/2888] 正在预测序列: 1418
  ✓ 完成: /home/bingxing2/home/scx7auf/Shihaoxuan/graduate/data/RE-datasetA/contrafold_train/1418.bpseq
[438/2888] 正在预测序列: 1419
  ✓ 完成: /home/bingxing2/home/scx7auf/Shihaoxuan/graduate/data/RE-datasetA/contrafold_train/1419.bpseq
[439/2888] 正在预测序列: 141
  ✓ 完成: /home/bingxing2/home/scx7auf/Shihaoxuan/graduate/data/RE-datasetA/contrafold_train/141.bpseq
[440/2888] 正在预测序列: 1420
  ✓ 完成: /home/bingxing2/home/scx7auf/Shihaoxuan/graduate/data/RE-datasetA/contrafold_train/1420.bpseq
[441/2888] 正在预测序列: 1421
  ✓ 完成: /home/bingxing2/home/scx7auf/Shihaoxuan/graduate/data/RE-datasetA/contrafold_train/1421.bpseq
[442/2888] 正在预测序列: 1422
  ✓ 完成: /home/bingxing2/home/scx7auf/Shihaoxuan/graduate/data/RE-datasetA/contrafold_train/1422.bpseq
[443/2888] 正在预测序列: 1423
  ✓ 完成: /home/bingxing2/home/scx7auf/Shihaoxuan/graduate/data/RE-datasetA/contrafold_train/1423.bpseq
[444/2888] 正在预测序列: 1424
  ✓ 完成: /home/bingxing2/home/scx7auf/Shihaoxuan/graduate/data/RE-datasetA/contrafold_train/1424.bpseq
[445/2888] 正在预测序列: 1425
  ✓ 完成: /home/bingxing2/home/scx7auf/Shihaoxuan/graduate/data/RE-datasetA/contrafold_train/1425.bpseq
[446/2888] 正在预测序列: 1426
  ✓ 完成: /home/bingxing2/home/scx7auf/Shihaoxuan/graduate/data/RE-datasetA/contrafold_train/1426.bpseq
[447/2888] 正在预测序列: 1427
  ✓ 完成: /home/bingxing2/home/scx7auf/Shihaoxuan/graduate/data/RE-datasetA/contrafold_train/1427.bpseq
[448/2888] 正在预测序列: 1428
  ✓ 完成: /home/bingxing2/home/scx7auf/Shihaoxuan/graduate/data/RE-datasetA/contrafold_train/1428.bpseq
[449/2888] 正在预测序列: 1429
  ✓ 完成: /home/bingxing2/home/scx7auf/Shihaoxuan/graduate/data/RE-datasetA/contrafold_train/1429.bpseq
[450/2888] 正在预测序列: 142
  ✓ 完成: /home/bingxing2/home/scx7auf/Shihaoxuan/graduate/data/RE-datasetA/contrafold_train/142.bpseq
[451/2888] 正在预测序列: 1430
  ✓ 完成: /home/bingxing2/home/scx7auf/Shihaoxuan/graduate/data/RE-datasetA/contrafold_train/1430.bpseq
[452/2888] 正在预测序列: 1431
  ✓ 完成: /home/bingxing2/home/scx7auf/Shihaoxuan/graduate/data/RE-datasetA/contrafold_train/1431.bpseq
[453/2888] 正在预测序列: 1433
  ✓ 完成: /home/bingxing2/home/scx7auf/Shihaoxuan/graduate/data/RE-datasetA/contrafold_train/1433.bpseq
[454/2888] 正在预测序列: 1434
  ✓ 完成: /home/bingxing2/home/scx7auf/Shihaoxuan/graduate/data/RE-datasetA/contrafold_train/1434.bpseq
[455/2888] 正在预测序列: 1435
  ✓ 完成: /home/bingxing2/home/scx7auf/Shihaoxuan/graduate/data/RE-datasetA/contrafold_train/1435.bpseq
[456/2888] 正在预测序列: 1436
  ✓ 完成: /home/bingxing2/home/scx7auf/Shihaoxuan/graduate/data/RE-datasetA/contrafold_train/1436.bpseq
[457/2888] 正在预测序列: 1437
  ✓ 完成: /home/bingxing2/home/scx7auf/Shihaoxuan/graduate/data/RE-datasetA/contrafold_train/1437.bpseq
[458/2888] 正在预测序列: 1438
  ✓ 完成: /home/bingxing2/home/scx7auf/Shihaoxuan/graduate/data/RE-datasetA/contrafold_train/1438.bpseq
[459/2888] 正在预测序列: 1439
  ✓ 完成: /home/bingxing2/home/scx7auf/Shihaoxuan/graduate/data/RE-datasetA/contrafold_train/1439.bpseq
[460/2888] 正在预测序列: 143
  ✓ 完成: /home/bingxing2/home/scx7auf/Shihaoxuan/graduate/data/RE-datasetA/contrafold_train/143.bpseq
[461/2888] 正在预测序列: 1440
  ✓ 完成: /home/bingxing2/home/scx7auf/Shihaoxuan/graduate/data/RE-datasetA/contrafold_train/1440.bpseq
[462/2888] 正在预测序列: 1441
  ✓ 完成: /home/bingxing2/home/scx7auf/Shihaoxuan/graduate/data/RE-datasetA/contrafold_train/1441.bpseq
[463/2888] 正在预测序列: 1442
  ✓ 完成: /home/bingxing2/home/scx7auf/Shihaoxuan/graduate/data/RE-datasetA/contrafold_train/1442.bpseq
[464/2888] 正在预测序列: 1443
  ✓ 完成: /home/bingxing2/home/scx7auf/Shihaoxuan/graduate/data/RE-datasetA/contrafold_train/1443.bpseq
[465/2888] 正在预测序列: 1446
  ✓ 完成: /home/bingxing2/home/scx7auf/Shihaoxuan/graduate/data/RE-datasetA/contrafold_train/1446.bpseq
[466/2888] 正在预测序列: 1447
  ✓ 完成: /home/bingxing2/home/scx7auf/Shihaoxuan/graduate/data/RE-datasetA/contrafold_train/1447.bpseq
[467/2888] 正在预测序列: 1448
  ✓ 完成: /home/bingxing2/home/scx7auf/Shihaoxuan/graduate/data/RE-datasetA/contrafold_train/1448.bpseq
[468/2888] 正在预测序列: 1449
  ✓ 完成: /home/bingxing2/home/scx7auf/Shihaoxuan/graduate/data/RE-datasetA/contrafold_train/1449.bpseq
[469/2888] 正在预测序列: 144
  ✓ 完成: /home/bingxing2/home/scx7auf/Shihaoxuan/graduate/data/RE-datasetA/contrafold_train/144.bpseq
[470/2888] 正在预测序列: 1450
  ✓ 完成: /home/bingxing2/home/scx7auf/Shihaoxuan/graduate/data/RE-datasetA/contrafold_train/1450.bpseq
[471/2888] 正在预测序列: 1451
  ✓ 完成: /home/bingxing2/home/scx7auf/Shihaoxuan/graduate/data/RE-datasetA/contrafold_train/1451.bpseq
[472/2888] 正在预测序列: 1452
  ✓ 完成: /home/bingxing2/home/scx7auf/Shihaoxuan/graduate/data/RE-datasetA/contrafold_train/1452.bpseq
[473/2888] 正在预测序列: 1453
  ✓ 完成: /home/bingxing2/home/scx7auf/Shihaoxuan/graduate/data/RE-datasetA/contrafold_train/1453.bpseq
[474/2888] 正在预测序列: 1454
  ✓ 完成: /home/bingxing2/home/scx7auf/Shihaoxuan/graduate/data/RE-datasetA/contrafold_train/1454.bpseq
[475/2888] 正在预测序列: 1455
  ✓ 完成: /home/bingxing2/home/scx7auf/Shihaoxuan/graduate/data/RE-datasetA/contrafold_train/1455.bpseq
[476/2888] 正在预测序列: 1456
  ✓ 完成: /home/bingxing2/home/scx7auf/Shihaoxuan/graduate/data/RE-datasetA/contrafold_train/1456.bpseq
[477/2888] 正在预测序列: 1457
  ✓ 完成: /home/bingxing2/home/scx7auf/Shihaoxuan/graduate/data/RE-datasetA/contrafold_train/1457.bpseq
[478/2888] 正在预测序列: 1458
  ✓ 完成: /home/bingxing2/home/scx7auf/Shihaoxuan/graduate/data/RE-datasetA/contrafold_train/1458.bpseq
[479/2888] 正在预测序列: 1459
  ✓ 完成: /home/bingxing2/home/scx7auf/Shihaoxuan/graduate/data/RE-datasetA/contrafold_train/1459.bpseq
[480/2888] 正在预测序列: 145
  ✓ 完成: /home/bingxing2/home/scx7auf/Shihaoxuan/graduate/data/RE-datasetA/contrafold_train/145.bpseq
[481/2888] 正在预测序列: 1460
  ✓ 完成: /home/bingxing2/home/scx7auf/Shihaoxuan/graduate/data/RE-datasetA/contrafold_train/1460.bpseq
[482/2888] 正在预测序列: 1461
  ✓ 完成: /home/bingxing2/home/scx7auf/Shihaoxuan/graduate/data/RE-datasetA/contrafold_train/1461.bpseq
[483/2888] 正在预测序列: 1462
  ✓ 完成: /home/bingxing2/home/scx7auf/Shihaoxuan/graduate/data/RE-datasetA/contrafold_train/1462.bpseq
[484/2888] 正在预测序列: 1463
  ✓ 完成: /home/bingxing2/home/scx7auf/Shihaoxuan/graduate/data/RE-datasetA/contrafold_train/1463.bpseq
[485/2888] 正在预测序列: 1464
  ✓ 完成: /home/bingxing2/home/scx7auf/Shihaoxuan/graduate/data/RE-datasetA/contrafold_train/1464.bpseq
[486/2888] 正在预测序列: 1465
  ✓ 完成: /home/bingxing2/home/scx7auf/Shihaoxuan/graduate/data/RE-datasetA/contrafold_train/1465.bpseq
[487/2888] 正在预测序列: 1466
  ✓ 完成: /home/bingxing2/home/scx7auf/Shihaoxuan/graduate/data/RE-datasetA/contrafold_train/1466.bpseq
[488/2888] 正在预测序列: 1467
  ✓ 完成: /home/bingxing2/home/scx7auf/Shihaoxuan/graduate/data/RE-datasetA/contrafold_train/1467.bpseq
[489/2888] 正在预测序列: 1468
  ✓ 完成: /home/bingxing2/home/scx7auf/Shihaoxuan/graduate/data/RE-datasetA/contrafold_train/1468.bpseq
[490/2888] 正在预测序列: 146
  ✓ 完成: /home/bingxing2/home/scx7auf/Shihaoxuan/graduate/data/RE-datasetA/contrafold_train/146.bpseq
[491/2888] 正在预测序列: 1470
  ✓ 完成: /home/bingxing2/home/scx7auf/Shihaoxuan/graduate/data/RE-datasetA/contrafold_train/1470.bpseq
[492/2888] 正在预测序列: 1471
  ✓ 完成: /home/bingxing2/home/scx7auf/Shihaoxuan/graduate/data/RE-datasetA/contrafold_train/1471.bpseq
[493/2888] 正在预测序列: 1472
  ✓ 完成: /home/bingxing2/home/scx7auf/Shihaoxuan/graduate/data/RE-datasetA/contrafold_train/1472.bpseq
[494/2888] 正在预测序列: 1473
  ✓ 完成: /home/bingxing2/home/scx7auf/Shihaoxuan/graduate/data/RE-datasetA/contrafold_train/1473.bpseq
[495/2888] 正在预测序列: 1474
  ✓ 完成: /home/bingxing2/home/scx7auf/Shihaoxuan/graduate/data/RE-datasetA/contrafold_train/1474.bpseq
[496/2888] 正在预测序列: 1477
  ✓ 完成: /home/bingxing2/home/scx7auf/Shihaoxuan/graduate/data/RE-datasetA/contrafold_train/1477.bpseq
[497/2888] 正在预测序列: 1478
  ✓ 完成: /home/bingxing2/home/scx7auf/Shihaoxuan/graduate/data/RE-datasetA/contrafold_train/1478.bpseq
[498/2888] 正在预测序列: 1479
  ✓ 完成: /home/bingxing2/home/scx7auf/Shihaoxuan/graduate/data/RE-datasetA/contrafold_train/1479.bpseq
[499/2888] 正在预测序列: 147
  ✓ 完成: /home/bingxing2/home/scx7auf/Shihaoxuan/graduate/data/RE-datasetA/contrafold_train/147.bpseq
[500/2888] 正在预测序列: 1480
  ✓ 完成: /home/bingxing2/home/scx7auf/Shihaoxuan/graduate/data/RE-datasetA/contrafold_train/1480.bpseq
[501/2888] 正在预测序列: 1481
  ✓ 完成: /home/bingxing2/home/scx7auf/Shihaoxuan/graduate/data/RE-datasetA/contrafold_train/1481.bpseq
[502/2888] 正在预测序列: 1483
  ✓ 完成: /home/bingxing2/home/scx7auf/Shihaoxuan/graduate/data/RE-datasetA/contrafold_train/1483.bpseq
[503/2888] 正在预测序列: 1484
  ✓ 完成: /home/bingxing2/home/scx7auf/Shihaoxuan/graduate/data/RE-datasetA/contrafold_train/1484.bpseq
[504/2888] 正在预测序列: 1487
  ✓ 完成: /home/bingxing2/home/scx7auf/Shihaoxuan/graduate/data/RE-datasetA/contrafold_train/1487.bpseq
[505/2888] 正在预测序列: 1488
  ✓ 完成: /home/bingxing2/home/scx7auf/Shihaoxuan/graduate/data/RE-datasetA/contrafold_train/1488.bpseq
[506/2888] 正在预测序列: 148
  ✓ 完成: /home/bingxing2/home/scx7auf/Shihaoxuan/graduate/data/RE-datasetA/contrafold_train/148.bpseq
[507/2888] 正在预测序列: 1490
  ✓ 完成: /home/bingxing2/home/scx7auf/Shihaoxuan/graduate/data/RE-datasetA/contrafold_train/1490.bpseq
[508/2888] 正在预测序列: 1491
  ✓ 完成: /home/bingxing2/home/scx7auf/Shihaoxuan/graduate/data/RE-datasetA/contrafold_train/1491.bpseq
[509/2888] 正在预测序列: 1492
  ✓ 完成: /home/bingxing2/home/scx7auf/Shihaoxuan/graduate/data/RE-datasetA/contrafold_train/1492.bpseq
[510/2888] 正在预测序列: 1493
  ✓ 完成: /home/bingxing2/home/scx7auf/Shihaoxuan/graduate/data/RE-datasetA/contrafold_train/1493.bpseq
[511/2888] 正在预测序列: 1495
  ✓ 完成: /home/bingxing2/home/scx7auf/Shihaoxuan/graduate/data/RE-datasetA/contrafold_train/1495.bpseq
[512/2888] 正在预测序列: 1496
  ✓ 完成: /home/bingxing2/home/scx7auf/Shihaoxuan/graduate/data/RE-datasetA/contrafold_train/1496.bpseq
[513/2888] 正在预测序列: 1497
  ✓ 完成: /home/bingxing2/home/scx7auf/Shihaoxuan/graduate/data/RE-datasetA/contrafold_train/1497.bpseq
[514/2888] 正在预测序列: 1498
  ✓ 完成: /home/bingxing2/home/scx7auf/Shihaoxuan/graduate/data/RE-datasetA/contrafold_train/1498.bpseq
[515/2888] 正在预测序列: 1499
  ✓ 完成: /home/bingxing2/home/scx7auf/Shihaoxuan/graduate/data/RE-datasetA/contrafold_train/1499.bpseq
[516/2888] 正在预测序列: 149
  ✓ 完成: /home/bingxing2/home/scx7auf/Shihaoxuan/graduate/data/RE-datasetA/contrafold_train/149.bpseq
[517/2888] 正在预测序列: 14
  ✓ 完成: /home/bingxing2/home/scx7auf/Shihaoxuan/graduate/data/RE-datasetA/contrafold_train/14.bpseq
[518/2888] 正在预测序列: 1500
  ✓ 完成: /home/bingxing2/home/scx7auf/Shihaoxuan/graduate/data/RE-datasetA/contrafold_train/1500.bpseq
[519/2888] 正在预测序列: 1501
  ✓ 完成: /home/bingxing2/home/scx7auf/Shihaoxuan/graduate/data/RE-datasetA/contrafold_train/1501.bpseq
[520/2888] 正在预测序列: 1502
  ✓ 完成: /home/bingxing2/home/scx7auf/Shihaoxuan/graduate/data/RE-datasetA/contrafold_train/1502.bpseq
[521/2888] 正在预测序列: 1503
  ✓ 完成: /home/bingxing2/home/scx7auf/Shihaoxuan/graduate/data/RE-datasetA/contrafold_train/1503.bpseq
[522/2888] 正在预测序列: 1504
  ✓ 完成: /home/bingxing2/home/scx7auf/Shihaoxuan/graduate/data/RE-datasetA/contrafold_train/1504.bpseq
[523/2888] 正在预测序列: 1505
  ✓ 完成: /home/bingxing2/home/scx7auf/Shihaoxuan/graduate/data/RE-datasetA/contrafold_train/1505.bpseq
[524/2888] 正在预测序列: 1506
  ✓ 完成: /home/bingxing2/home/scx7auf/Shihaoxuan/graduate/data/RE-datasetA/contrafold_train/1506.bpseq
[525/2888] 正在预测序列: 1507
  ✓ 完成: /home/bingxing2/home/scx7auf/Shihaoxuan/graduate/data/RE-datasetA/contrafold_train/1507.bpseq
[526/2888] 正在预测序列: 1508
  ✓ 完成: /home/bingxing2/home/scx7auf/Shihaoxuan/graduate/data/RE-datasetA/contrafold_train/1508.bpseq
[527/2888] 正在预测序列: 1509
  ✓ 完成: /home/bingxing2/home/scx7auf/Shihaoxuan/graduate/data/RE-datasetA/contrafold_train/1509.bpseq
[528/2888] 正在预测序列: 150
  ✓ 完成: /home/bingxing2/home/scx7auf/Shihaoxuan/graduate/data/RE-datasetA/contrafold_train/150.bpseq
[529/2888] 正在预测序列: 1510
  ✓ 完成: /home/bingxing2/home/scx7auf/Shihaoxuan/graduate/data/RE-datasetA/contrafold_train/1510.bpseq
[530/2888] 正在预测序列: 1511
  ✓ 完成: /home/bingxing2/home/scx7auf/Shihaoxuan/graduate/data/RE-datasetA/contrafold_train/1511.bpseq
[531/2888] 正在预测序列: 1512
  ✓ 完成: /home/bingxing2/home/scx7auf/Shihaoxuan/graduate/data/RE-datasetA/contrafold_train/1512.bpseq
[532/2888] 正在预测序列: 1513
  ✓ 完成: /home/bingxing2/home/scx7auf/Shihaoxuan/graduate/data/RE-datasetA/contrafold_train/1513.bpseq
[533/2888] 正在预测序列: 1514
  ✓ 完成: /home/bingxing2/home/scx7auf/Shihaoxuan/graduate/data/RE-datasetA/contrafold_train/1514.bpseq
[534/2888] 正在预测序列: 1516
  ✓ 完成: /home/bingxing2/home/scx7auf/Shihaoxuan/graduate/data/RE-datasetA/contrafold_train/1516.bpseq
[535/2888] 正在预测序列: 1517
  ✓ 完成: /home/bingxing2/home/scx7auf/Shihaoxuan/graduate/data/RE-datasetA/contrafold_train/1517.bpseq
[536/2888] 正在预测序列: 1518
  ✓ 完成: /home/bingxing2/home/scx7auf/Shihaoxuan/graduate/data/RE-datasetA/contrafold_train/1518.bpseq
[537/2888] 正在预测序列: 1519
  ✓ 完成: /home/bingxing2/home/scx7auf/Shihaoxuan/graduate/data/RE-datasetA/contrafold_train/1519.bpseq
[538/2888] 正在预测序列: 151
  ✓ 完成: /home/bingxing2/home/scx7auf/Shihaoxuan/graduate/data/RE-datasetA/contrafold_train/151.bpseq
[539/2888] 正在预测序列: 1522
  ✓ 完成: /home/bingxing2/home/scx7auf/Shihaoxuan/graduate/data/RE-datasetA/contrafold_train/1522.bpseq
[540/2888] 正在预测序列: 1523
  ✓ 完成: /home/bingxing2/home/scx7auf/Shihaoxuan/graduate/data/RE-datasetA/contrafold_train/1523.bpseq
[541/2888] 正在预测序列: 1525
  ✓ 完成: /home/bingxing2/home/scx7auf/Shihaoxuan/graduate/data/RE-datasetA/contrafold_train/1525.bpseq
[542/2888] 正在预测序列: 1526
  ✓ 完成: /home/bingxing2/home/scx7auf/Shihaoxuan/graduate/data/RE-datasetA/contrafold_train/1526.bpseq
[543/2888] 正在预测序列: 1527
  ✓ 完成: /home/bingxing2/home/scx7auf/Shihaoxuan/graduate/data/RE-datasetA/contrafold_train/1527.bpseq
[544/2888] 正在预测序列: 1528
  ✓ 完成: /home/bingxing2/home/scx7auf/Shihaoxuan/graduate/data/RE-datasetA/contrafold_train/1528.bpseq
[545/2888] 正在预测序列: 1529
  ✓ 完成: /home/bingxing2/home/scx7auf/Shihaoxuan/graduate/data/RE-datasetA/contrafold_train/1529.bpseq
[546/2888] 正在预测序列: 152
  ✓ 完成: /home/bingxing2/home/scx7auf/Shihaoxuan/graduate/data/RE-datasetA/contrafold_train/152.bpseq
[547/2888] 正在预测序列: 1530
  ✓ 完成: /home/bingxing2/home/scx7auf/Shihaoxuan/graduate/data/RE-datasetA/contrafold_train/1530.bpseq
[548/2888] 正在预测序列: 1532
  ✓ 完成: /home/bingxing2/home/scx7auf/Shihaoxuan/graduate/data/RE-datasetA/contrafold_train/1532.bpseq
[549/2888] 正在预测序列: 1533
  ✓ 完成: /home/bingxing2/home/scx7auf/Shihaoxuan/graduate/data/RE-datasetA/contrafold_train/1533.bpseq
[550/2888] 正在预测序列: 1534
  ✓ 完成: /home/bingxing2/home/scx7auf/Shihaoxuan/graduate/data/RE-datasetA/contrafold_train/1534.bpseq
[551/2888] 正在预测序列: 1536
  ✓ 完成: /home/bingxing2/home/scx7auf/Shihaoxuan/graduate/data/RE-datasetA/contrafold_train/1536.bpseq
[552/2888] 正在预测序列: 1537
  ✓ 完成: /home/bingxing2/home/scx7auf/Shihaoxuan/graduate/data/RE-datasetA/contrafold_train/1537.bpseq
[553/2888] 正在预测序列: 1538
  ✓ 完成: /home/bingxing2/home/scx7auf/Shihaoxuan/graduate/data/RE-datasetA/contrafold_train/1538.bpseq
[554/2888] 正在预测序列: 1539
  ✓ 完成: /home/bingxing2/home/scx7auf/Shihaoxuan/graduate/data/RE-datasetA/contrafold_train/1539.bpseq
[555/2888] 正在预测序列: 153
  ✓ 完成: /home/bingxing2/home/scx7auf/Shihaoxuan/graduate/data/RE-datasetA/contrafold_train/153.bpseq
[556/2888] 正在预测序列: 1540
  ✓ 完成: /home/bingxing2/home/scx7auf/Shihaoxuan/graduate/data/RE-datasetA/contrafold_train/1540.bpseq
[557/2888] 正在预测序列: 1541
  ✓ 完成: /home/bingxing2/home/scx7auf/Shihaoxuan/graduate/data/RE-datasetA/contrafold_train/1541.bpseq
[558/2888] 正在预测序列: 1542
  ✓ 完成: /home/bingxing2/home/scx7auf/Shihaoxuan/graduate/data/RE-datasetA/contrafold_train/1542.bpseq
[559/2888] 正在预测序列: 1543
  ✓ 完成: /home/bingxing2/home/scx7auf/Shihaoxuan/graduate/data/RE-datasetA/contrafold_train/1543.bpseq
[560/2888] 正在预测序列: 1544
  ✓ 完成: /home/bingxing2/home/scx7auf/Shihaoxuan/graduate/data/RE-datasetA/contrafold_train/1544.bpseq
[561/2888] 正在预测序列: 1545
  ✓ 完成: /home/bingxing2/home/scx7auf/Shihaoxuan/graduate/data/RE-datasetA/contrafold_train/1545.bpseq
[562/2888] 正在预测序列: 1546
  ✓ 完成: /home/bingxing2/home/scx7auf/Shihaoxuan/graduate/data/RE-datasetA/contrafold_train/1546.bpseq
[563/2888] 正在预测序列: 1547
  ✓ 完成: /home/bingxing2/home/scx7auf/Shihaoxuan/graduate/data/RE-datasetA/contrafold_train/1547.bpseq
[564/2888] 正在预测序列: 1548
  ✓ 完成: /home/bingxing2/home/scx7auf/Shihaoxuan/graduate/data/RE-datasetA/contrafold_train/1548.bpseq
[565/2888] 正在预测序列: 154
  ✓ 完成: /home/bingxing2/home/scx7auf/Shihaoxuan/graduate/data/RE-datasetA/contrafold_train/154.bpseq
[566/2888] 正在预测序列: 1550
  ✓ 完成: /home/bingxing2/home/scx7auf/Shihaoxuan/graduate/data/RE-datasetA/contrafold_train/1550.bpseq
[567/2888] 正在预测序列: 1551
  ✓ 完成: /home/bingxing2/home/scx7auf/Shihaoxuan/graduate/data/RE-datasetA/contrafold_train/1551.bpseq
[568/2888] 正在预测序列: 1552
  ✓ 完成: /home/bingxing2/home/scx7auf/Shihaoxuan/graduate/data/RE-datasetA/contrafold_train/1552.bpseq
[569/2888] 正在预测序列: 1554
  ✓ 完成: /home/bingxing2/home/scx7auf/Shihaoxuan/graduate/data/RE-datasetA/contrafold_train/1554.bpseq
[570/2888] 正在预测序列: 1555
  ✓ 完成: /home/bingxing2/home/scx7auf/Shihaoxuan/graduate/data/RE-datasetA/contrafold_train/1555.bpseq
[571/2888] 正在预测序列: 1556
  ✓ 完成: /home/bingxing2/home/scx7auf/Shihaoxuan/graduate/data/RE-datasetA/contrafold_train/1556.bpseq
[572/2888] 正在预测序列: 1557
  ✓ 完成: /home/bingxing2/home/scx7auf/Shihaoxuan/graduate/data/RE-datasetA/contrafold_train/1557.bpseq
[573/2888] 正在预测序列: 1558
  ✓ 完成: /home/bingxing2/home/scx7auf/Shihaoxuan/graduate/data/RE-datasetA/contrafold_train/1558.bpseq
[574/2888] 正在预测序列: 1559
  ✓ 完成: /home/bingxing2/home/scx7auf/Shihaoxuan/graduate/data/RE-datasetA/contrafold_train/1559.bpseq
[575/2888] 正在预测序列: 155
  ✓ 完成: /home/bingxing2/home/scx7auf/Shihaoxuan/graduate/data/RE-datasetA/contrafold_train/155.bpseq
[576/2888] 正在预测序列: 1560
  ✓ 完成: /home/bingxing2/home/scx7auf/Shihaoxuan/graduate/data/RE-datasetA/contrafold_train/1560.bpseq
[577/2888] 正在预测序列: 1561
  ✓ 完成: /home/bingxing2/home/scx7auf/Shihaoxuan/graduate/data/RE-datasetA/contrafold_train/1561.bpseq
[578/2888] 正在预测序列: 1562
  ✓ 完成: /home/bingxing2/home/scx7auf/Shihaoxuan/graduate/data/RE-datasetA/contrafold_train/1562.bpseq
[579/2888] 正在预测序列: 1563
  ✓ 完成: /home/bingxing2/home/scx7auf/Shihaoxuan/graduate/data/RE-datasetA/contrafold_train/1563.bpseq
[580/2888] 正在预测序列: 1564
  ✓ 完成: /home/bingxing2/home/scx7auf/Shihaoxuan/graduate/data/RE-datasetA/contrafold_train/1564.bpseq
[581/2888] 正在预测序列: 1565
  ✓ 完成: /home/bingxing2/home/scx7auf/Shihaoxuan/graduate/data/RE-datasetA/contrafold_train/1565.bpseq
[582/2888] 正在预测序列: 1566
  ✓ 完成: /home/bingxing2/home/scx7auf/Shihaoxuan/graduate/data/RE-datasetA/contrafold_train/1566.bpseq
[583/2888] 正在预测序列: 1568
  ✓ 完成: /home/bingxing2/home/scx7auf/Shihaoxuan/graduate/data/RE-datasetA/contrafold_train/1568.bpseq
[584/2888] 正在预测序列: 1569
  ✓ 完成: /home/bingxing2/home/scx7auf/Shihaoxuan/graduate/data/RE-datasetA/contrafold_train/1569.bpseq
[585/2888] 正在预测序列: 156
  ✓ 完成: /home/bingxing2/home/scx7auf/Shihaoxuan/graduate/data/RE-datasetA/contrafold_train/156.bpseq
[586/2888] 正在预测序列: 1570
  ✓ 完成: /home/bingxing2/home/scx7auf/Shihaoxuan/graduate/data/RE-datasetA/contrafold_train/1570.bpseq
[587/2888] 正在预测序列: 1571
  ✓ 完成: /home/bingxing2/home/scx7auf/Shihaoxuan/graduate/data/RE-datasetA/contrafold_train/1571.bpseq
[588/2888] 正在预测序列: 1572
  ✓ 完成: /home/bingxing2/home/scx7auf/Shihaoxuan/graduate/data/RE-datasetA/contrafold_train/1572.bpseq
[589/2888] 正在预测序列: 1573
  ✓ 完成: /home/bingxing2/home/scx7auf/Shihaoxuan/graduate/data/RE-datasetA/contrafold_train/1573.bpseq
[590/2888] 正在预测序列: 1574
  ✓ 完成: /home/bingxing2/home/scx7auf/Shihaoxuan/graduate/data/RE-datasetA/contrafold_train/1574.bpseq
[591/2888] 正在预测序列: 1575
  ✓ 完成: /home/bingxing2/home/scx7auf/Shihaoxuan/graduate/data/RE-datasetA/contrafold_train/1575.bpseq
[592/2888] 正在预测序列: 1576
  ✓ 完成: /home/bingxing2/home/scx7auf/Shihaoxuan/graduate/data/RE-datasetA/contrafold_train/1576.bpseq
[593/2888] 正在预测序列: 1577
  ✓ 完成: /home/bingxing2/home/scx7auf/Shihaoxuan/graduate/data/RE-datasetA/contrafold_train/1577.bpseq
[594/2888] 正在预测序列: 1578
  ✓ 完成: /home/bingxing2/home/scx7auf/Shihaoxuan/graduate/data/RE-datasetA/contrafold_train/1578.bpseq
[595/2888] 正在预测序列: 1579
  ✓ 完成: /home/bingxing2/home/scx7auf/Shihaoxuan/graduate/data/RE-datasetA/contrafold_train/1579.bpseq
[596/2888] 正在预测序列: 157
  ✓ 完成: /home/bingxing2/home/scx7auf/Shihaoxuan/graduate/data/RE-datasetA/contrafold_train/157.bpseq
[597/2888] 正在预测序列: 1581
  ✓ 完成: /home/bingxing2/home/scx7auf/Shihaoxuan/graduate/data/RE-datasetA/contrafold_train/1581.bpseq
[598/2888] 正在预测序列: 1582
  ✓ 完成: /home/bingxing2/home/scx7auf/Shihaoxuan/graduate/data/RE-datasetA/contrafold_train/1582.bpseq
[599/2888] 正在预测序列: 1583
  ✓ 完成: /home/bingxing2/home/scx7auf/Shihaoxuan/graduate/data/RE-datasetA/contrafold_train/1583.bpseq
[600/2888] 正在预测序列: 1584
  ✓ 完成: /home/bingxing2/home/scx7auf/Shihaoxuan/graduate/data/RE-datasetA/contrafold_train/1584.bpseq
[601/2888] 正在预测序列: 1585
  ✓ 完成: /home/bingxing2/home/scx7auf/Shihaoxuan/graduate/data/RE-datasetA/contrafold_train/1585.bpseq
[602/2888] 正在预测序列: 1586
  ✓ 完成: /home/bingxing2/home/scx7auf/Shihaoxuan/graduate/data/RE-datasetA/contrafold_train/1586.bpseq
[603/2888] 正在预测序列: 1587
  ✓ 完成: /home/bingxing2/home/scx7auf/Shihaoxuan/graduate/data/RE-datasetA/contrafold_train/1587.bpseq
[604/2888] 正在预测序列: 1588
  ✓ 完成: /home/bingxing2/home/scx7auf/Shihaoxuan/graduate/data/RE-datasetA/contrafold_train/1588.bpseq
[605/2888] 正在预测序列: 1589
  ✓ 完成: /home/bingxing2/home/scx7auf/Shihaoxuan/graduate/data/RE-datasetA/contrafold_train/1589.bpseq
[606/2888] 正在预测序列: 158
  ✓ 完成: /home/bingxing2/home/scx7auf/Shihaoxuan/graduate/data/RE-datasetA/contrafold_train/158.bpseq
[607/2888] 正在预测序列: 1590
  ✓ 完成: /home/bingxing2/home/scx7auf/Shihaoxuan/graduate/data/RE-datasetA/contrafold_train/1590.bpseq
[608/2888] 正在预测序列: 1591
  ✓ 完成: /home/bingxing2/home/scx7auf/Shihaoxuan/graduate/data/RE-datasetA/contrafold_train/1591.bpseq
[609/2888] 正在预测序列: 1592
  ✓ 完成: /home/bingxing2/home/scx7auf/Shihaoxuan/graduate/data/RE-datasetA/contrafold_train/1592.bpseq
[610/2888] 正在预测序列: 1593
  ✓ 完成: /home/bingxing2/home/scx7auf/Shihaoxuan/graduate/data/RE-datasetA/contrafold_train/1593.bpseq
[611/2888] 正在预测序列: 1594
  ✓ 完成: /home/bingxing2/home/scx7auf/Shihaoxuan/graduate/data/RE-datasetA/contrafold_train/1594.bpseq
[612/2888] 正在预测序列: 1596
  ✓ 完成: /home/bingxing2/home/scx7auf/Shihaoxuan/graduate/data/RE-datasetA/contrafold_train/1596.bpseq
[613/2888] 正在预测序列: 1597
  ✓ 完成: /home/bingxing2/home/scx7auf/Shihaoxuan/graduate/data/RE-datasetA/contrafold_train/1597.bpseq
[614/2888] 正在预测序列: 1598
  ✓ 完成: /home/bingxing2/home/scx7auf/Shihaoxuan/graduate/data/RE-datasetA/contrafold_train/1598.bpseq
[615/2888] 正在预测序列: 1599
  ✓ 完成: /home/bingxing2/home/scx7auf/Shihaoxuan/graduate/data/RE-datasetA/contrafold_train/1599.bpseq
[616/2888] 正在预测序列: 159
  ✓ 完成: /home/bingxing2/home/scx7auf/Shihaoxuan/graduate/data/RE-datasetA/contrafold_train/159.bpseq
[617/2888] 正在预测序列: 15
  ✓ 完成: /home/bingxing2/home/scx7auf/Shihaoxuan/graduate/data/RE-datasetA/contrafold_train/15.bpseq
[618/2888] 正在预测序列: 1600
  ✓ 完成: /home/bingxing2/home/scx7auf/Shihaoxuan/graduate/data/RE-datasetA/contrafold_train/1600.bpseq
[619/2888] 正在预测序列: 1601
  ✓ 完成: /home/bingxing2/home/scx7auf/Shihaoxuan/graduate/data/RE-datasetA/contrafold_train/1601.bpseq
[620/2888] 正在预测序列: 1602
  ✓ 完成: /home/bingxing2/home/scx7auf/Shihaoxuan/graduate/data/RE-datasetA/contrafold_train/1602.bpseq
[621/2888] 正在预测序列: 1603
  ✓ 完成: /home/bingxing2/home/scx7auf/Shihaoxuan/graduate/data/RE-datasetA/contrafold_train/1603.bpseq
[622/2888] 正在预测序列: 1604
  ✓ 完成: /home/bingxing2/home/scx7auf/Shihaoxuan/graduate/data/RE-datasetA/contrafold_train/1604.bpseq
[623/2888] 正在预测序列: 1605
  ✓ 完成: /home/bingxing2/home/scx7auf/Shihaoxuan/graduate/data/RE-datasetA/contrafold_train/1605.bpseq
[624/2888] 正在预测序列: 1606
  ✓ 完成: /home/bingxing2/home/scx7auf/Shihaoxuan/graduate/data/RE-datasetA/contrafold_train/1606.bpseq
[625/2888] 正在预测序列: 1607
  ✓ 完成: /home/bingxing2/home/scx7auf/Shihaoxuan/graduate/data/RE-datasetA/contrafold_train/1607.bpseq
[626/2888] 正在预测序列: 1608
  ✓ 完成: /home/bingxing2/home/scx7auf/Shihaoxuan/graduate/data/RE-datasetA/contrafold_train/1608.bpseq
[627/2888] 正在预测序列: 1609
  ✓ 完成: /home/bingxing2/home/scx7auf/Shihaoxuan/graduate/data/RE-datasetA/contrafold_train/1609.bpseq
[628/2888] 正在预测序列: 160
  ✓ 完成: /home/bingxing2/home/scx7auf/Shihaoxuan/graduate/data/RE-datasetA/contrafold_train/160.bpseq
[629/2888] 正在预测序列: 1610
  ✓ 完成: /home/bingxing2/home/scx7auf/Shihaoxuan/graduate/data/RE-datasetA/contrafold_train/1610.bpseq
[630/2888] 正在预测序列: 1611
  ✓ 完成: /home/bingxing2/home/scx7auf/Shihaoxuan/graduate/data/RE-datasetA/contrafold_train/1611.bpseq
[631/2888] 正在预测序列: 1612
  ✓ 完成: /home/bingxing2/home/scx7auf/Shihaoxuan/graduate/data/RE-datasetA/contrafold_train/1612.bpseq
[632/2888] 正在预测序列: 1613
  ✓ 完成: /home/bingxing2/home/scx7auf/Shihaoxuan/graduate/data/RE-datasetA/contrafold_train/1613.bpseq
[633/2888] 正在预测序列: 1614
  ✓ 完成: /home/bingxing2/home/scx7auf/Shihaoxuan/graduate/data/RE-datasetA/contrafold_train/1614.bpseq
[634/2888] 正在预测序列: 1615
  ✓ 完成: /home/bingxing2/home/scx7auf/Shihaoxuan/graduate/data/RE-datasetA/contrafold_train/1615.bpseq
[635/2888] 正在预测序列: 1616
  ✓ 完成: /home/bingxing2/home/scx7auf/Shihaoxuan/graduate/data/RE-datasetA/contrafold_train/1616.bpseq
[636/2888] 正在预测序列: 1617
  ✓ 完成: /home/bingxing2/home/scx7auf/Shihaoxuan/graduate/data/RE-datasetA/contrafold_train/1617.bpseq
[637/2888] 正在预测序列: 161
  ✓ 完成: /home/bingxing2/home/scx7auf/Shihaoxuan/graduate/data/RE-datasetA/contrafold_train/161.bpseq
[638/2888] 正在预测序列: 1620
  ✓ 完成: /home/bingxing2/home/scx7auf/Shihaoxuan/graduate/data/RE-datasetA/contrafold_train/1620.bpseq
[639/2888] 正在预测序列: 1621
  ✓ 完成: /home/bingxing2/home/scx7auf/Shihaoxuan/graduate/data/RE-datasetA/contrafold_train/1621.bpseq
[640/2888] 正在预测序列: 1622
  ✓ 完成: /home/bingxing2/home/scx7auf/Shihaoxuan/graduate/data/RE-datasetA/contrafold_train/1622.bpseq
[641/2888] 正在预测序列: 1623
  ✓ 完成: /home/bingxing2/home/scx7auf/Shihaoxuan/graduate/data/RE-datasetA/contrafold_train/1623.bpseq
[642/2888] 正在预测序列: 1624
  ✓ 完成: /home/bingxing2/home/scx7auf/Shihaoxuan/graduate/data/RE-datasetA/contrafold_train/1624.bpseq
[643/2888] 正在预测序列: 1625
  ✓ 完成: /home/bingxing2/home/scx7auf/Shihaoxuan/graduate/data/RE-datasetA/contrafold_train/1625.bpseq
[644/2888] 正在预测序列: 1626
  ✓ 完成: /home/bingxing2/home/scx7auf/Shihaoxuan/graduate/data/RE-datasetA/contrafold_train/1626.bpseq
[645/2888] 正在预测序列: 1627
  ✓ 完成: /home/bingxing2/home/scx7auf/Shihaoxuan/graduate/data/RE-datasetA/contrafold_train/1627.bpseq
[646/2888] 正在预测序列: 1628
  ✓ 完成: /home/bingxing2/home/scx7auf/Shihaoxuan/graduate/data/RE-datasetA/contrafold_train/1628.bpseq
[647/2888] 正在预测序列: 1629
  ✓ 完成: /home/bingxing2/home/scx7auf/Shihaoxuan/graduate/data/RE-datasetA/contrafold_train/1629.bpseq
[648/2888] 正在预测序列: 162
  ✓ 完成: /home/bingxing2/home/scx7auf/Shihaoxuan/graduate/data/RE-datasetA/contrafold_train/162.bpseq
[649/2888] 正在预测序列: 1630
  ✓ 完成: /home/bingxing2/home/scx7auf/Shihaoxuan/graduate/data/RE-datasetA/contrafold_train/1630.bpseq
[650/2888] 正在预测序列: 1631
  ✓ 完成: /home/bingxing2/home/scx7auf/Shihaoxuan/graduate/data/RE-datasetA/contrafold_train/1631.bpseq
[651/2888] 正在预测序列: 1632
  ✓ 完成: /home/bingxing2/home/scx7auf/Shihaoxuan/graduate/data/RE-datasetA/contrafold_train/1632.bpseq
[652/2888] 正在预测序列: 1633
  ✓ 完成: /home/bingxing2/home/scx7auf/Shihaoxuan/graduate/data/RE-datasetA/contrafold_train/1633.bpseq
[653/2888] 正在预测序列: 1634
  ✓ 完成: /home/bingxing2/home/scx7auf/Shihaoxuan/graduate/data/RE-datasetA/contrafold_train/1634.bpseq
[654/2888] 正在预测序列: 1635
  ✓ 完成: /home/bingxing2/home/scx7auf/Shihaoxuan/graduate/data/RE-datasetA/contrafold_train/1635.bpseq
[655/2888] 正在预测序列: 1636
  ✓ 完成: /home/bingxing2/home/scx7auf/Shihaoxuan/graduate/data/RE-datasetA/contrafold_train/1636.bpseq
[656/2888] 正在预测序列: 1637
  ✓ 完成: /home/bingxing2/home/scx7auf/Shihaoxuan/graduate/data/RE-datasetA/contrafold_train/1637.bpseq
[657/2888] 正在预测序列: 1638
  ✓ 完成: /home/bingxing2/home/scx7auf/Shihaoxuan/graduate/data/RE-datasetA/contrafold_train/1638.bpseq
[658/2888] 正在预测序列: 1639
  ✓ 完成: /home/bingxing2/home/scx7auf/Shihaoxuan/graduate/data/RE-datasetA/contrafold_train/1639.bpseq
[659/2888] 正在预测序列: 163
  ✓ 完成: /home/bingxing2/home/scx7auf/Shihaoxuan/graduate/data/RE-datasetA/contrafold_train/163.bpseq
[660/2888] 正在预测序列: 1641
  ✓ 完成: /home/bingxing2/home/scx7auf/Shihaoxuan/graduate/data/RE-datasetA/contrafold_train/1641.bpseq
[661/2888] 正在预测序列: 1642
  ✓ 完成: /home/bingxing2/home/scx7auf/Shihaoxuan/graduate/data/RE-datasetA/contrafold_train/1642.bpseq
[662/2888] 正在预测序列: 1643
  ✓ 完成: /home/bingxing2/home/scx7auf/Shihaoxuan/graduate/data/RE-datasetA/contrafold_train/1643.bpseq
[663/2888] 正在预测序列: 1644
  ✓ 完成: /home/bingxing2/home/scx7auf/Shihaoxuan/graduate/data/RE-datasetA/contrafold_train/1644.bpseq
[664/2888] 正在预测序列: 1645
  ✓ 完成: /home/bingxing2/home/scx7auf/Shihaoxuan/graduate/data/RE-datasetA/contrafold_train/1645.bpseq
[665/2888] 正在预测序列: 1646
  ✓ 完成: /home/bingxing2/home/scx7auf/Shihaoxuan/graduate/data/RE-datasetA/contrafold_train/1646.bpseq
[666/2888] 正在预测序列: 1647
  ✓ 完成: /home/bingxing2/home/scx7auf/Shihaoxuan/graduate/data/RE-datasetA/contrafold_train/1647.bpseq
[667/2888] 正在预测序列: 1648
  ✓ 完成: /home/bingxing2/home/scx7auf/Shihaoxuan/graduate/data/RE-datasetA/contrafold_train/1648.bpseq
[668/2888] 正在预测序列: 1649
  ✓ 完成: /home/bingxing2/home/scx7auf/Shihaoxuan/graduate/data/RE-datasetA/contrafold_train/1649.bpseq
[669/2888] 正在预测序列: 164
  ✓ 完成: /home/bingxing2/home/scx7auf/Shihaoxuan/graduate/data/RE-datasetA/contrafold_train/164.bpseq
[670/2888] 正在预测序列: 1650
  ✓ 完成: /home/bingxing2/home/scx7auf/Shihaoxuan/graduate/data/RE-datasetA/contrafold_train/1650.bpseq
[671/2888] 正在预测序列: 1651
  ✓ 完成: /home/bingxing2/home/scx7auf/Shihaoxuan/graduate/data/RE-datasetA/contrafold_train/1651.bpseq
[672/2888] 正在预测序列: 1653
  ✓ 完成: /home/bingxing2/home/scx7auf/Shihaoxuan/graduate/data/RE-datasetA/contrafold_train/1653.bpseq
[673/2888] 正在预测序列: 1655
  ✓ 完成: /home/bingxing2/home/scx7auf/Shihaoxuan/graduate/data/RE-datasetA/contrafold_train/1655.bpseq
[674/2888] 正在预测序列: 1656
  ✓ 完成: /home/bingxing2/home/scx7auf/Shihaoxuan/graduate/data/RE-datasetA/contrafold_train/1656.bpseq
[675/2888] 正在预测序列: 1657
  ✓ 完成: /home/bingxing2/home/scx7auf/Shihaoxuan/graduate/data/RE-datasetA/contrafold_train/1657.bpseq
[676/2888] 正在预测序列: 1658
  ✓ 完成: /home/bingxing2/home/scx7auf/Shihaoxuan/graduate/data/RE-datasetA/contrafold_train/1658.bpseq
[677/2888] 正在预测序列: 1659
  ✓ 完成: /home/bingxing2/home/scx7auf/Shihaoxuan/graduate/data/RE-datasetA/contrafold_train/1659.bpseq
[678/2888] 正在预测序列: 165
  ✓ 完成: /home/bingxing2/home/scx7auf/Shihaoxuan/graduate/data/RE-datasetA/contrafold_train/165.bpseq
[679/2888] 正在预测序列: 1660
  ✓ 完成: /home/bingxing2/home/scx7auf/Shihaoxuan/graduate/data/RE-datasetA/contrafold_train/1660.bpseq
[680/2888] 正在预测序列: 1661
  ✓ 完成: /home/bingxing2/home/scx7auf/Shihaoxuan/graduate/data/RE-datasetA/contrafold_train/1661.bpseq
[681/2888] 正在预测序列: 1662
  ✓ 完成: /home/bingxing2/home/scx7auf/Shihaoxuan/graduate/data/RE-datasetA/contrafold_train/1662.bpseq
[682/2888] 正在预测序列: 1663
  ✓ 完成: /home/bingxing2/home/scx7auf/Shihaoxuan/graduate/data/RE-datasetA/contrafold_train/1663.bpseq
[683/2888] 正在预测序列: 1664
  ✓ 完成: /home/bingxing2/home/scx7auf/Shihaoxuan/graduate/data/RE-datasetA/contrafold_train/1664.bpseq
[684/2888] 正在预测序列: 1665
  ✓ 完成: /home/bingxing2/home/scx7auf/Shihaoxuan/graduate/data/RE-datasetA/contrafold_train/1665.bpseq
[685/2888] 正在预测序列: 1666
  ✓ 完成: /home/bingxing2/home/scx7auf/Shihaoxuan/graduate/data/RE-datasetA/contrafold_train/1666.bpseq
[686/2888] 正在预测序列: 1667
  ✓ 完成: /home/bingxing2/home/scx7auf/Shihaoxuan/graduate/data/RE-datasetA/contrafold_train/1667.bpseq
[687/2888] 正在预测序列: 1668
  ✓ 完成: /home/bingxing2/home/scx7auf/Shihaoxuan/graduate/data/RE-datasetA/contrafold_train/1668.bpseq
[688/2888] 正在预测序列: 1669
  ✓ 完成: /home/bingxing2/home/scx7auf/Shihaoxuan/graduate/data/RE-datasetA/contrafold_train/1669.bpseq
[689/2888] 正在预测序列: 166
  ✓ 完成: /home/bingxing2/home/scx7auf/Shihaoxuan/graduate/data/RE-datasetA/contrafold_train/166.bpseq
[690/2888] 正在预测序列: 1670
  ✓ 完成: /home/bingxing2/home/scx7auf/Shihaoxuan/graduate/data/RE-datasetA/contrafold_train/1670.bpseq
[691/2888] 正在预测序列: 1671
  ✓ 完成: /home/bingxing2/home/scx7auf/Shihaoxuan/graduate/data/RE-datasetA/contrafold_train/1671.bpseq
[692/2888] 正在预测序列: 1672
  ✓ 完成: /home/bingxing2/home/scx7auf/Shihaoxuan/graduate/data/RE-datasetA/contrafold_train/1672.bpseq
[693/2888] 正在预测序列: 1673
  ✓ 完成: /home/bingxing2/home/scx7auf/Shihaoxuan/graduate/data/RE-datasetA/contrafold_train/1673.bpseq
[694/2888] 正在预测序列: 1674
  ✓ 完成: /home/bingxing2/home/scx7auf/Shihaoxuan/graduate/data/RE-datasetA/contrafold_train/1674.bpseq
[695/2888] 正在预测序列: 1675
  ✓ 完成: /home/bingxing2/home/scx7auf/Shihaoxuan/graduate/data/RE-datasetA/contrafold_train/1675.bpseq
[696/2888] 正在预测序列: 1676
  ✓ 完成: /home/bingxing2/home/scx7auf/Shihaoxuan/graduate/data/RE-datasetA/contrafold_train/1676.bpseq
[697/2888] 正在预测序列: 1677
  ✓ 完成: /home/bingxing2/home/scx7auf/Shihaoxuan/graduate/data/RE-datasetA/contrafold_train/1677.bpseq
[698/2888] 正在预测序列: 1678
  ✓ 完成: /home/bingxing2/home/scx7auf/Shihaoxuan/graduate/data/RE-datasetA/contrafold_train/1678.bpseq
[699/2888] 正在预测序列: 1679
  ✓ 完成: /home/bingxing2/home/scx7auf/Shihaoxuan/graduate/data/RE-datasetA/contrafold_train/1679.bpseq
[700/2888] 正在预测序列: 167
  ✓ 完成: /home/bingxing2/home/scx7auf/Shihaoxuan/graduate/data/RE-datasetA/contrafold_train/167.bpseq
[701/2888] 正在预测序列: 1680
  ✓ 完成: /home/bingxing2/home/scx7auf/Shihaoxuan/graduate/data/RE-datasetA/contrafold_train/1680.bpseq
[702/2888] 正在预测序列: 1681
  ✓ 完成: /home/bingxing2/home/scx7auf/Shihaoxuan/graduate/data/RE-datasetA/contrafold_train/1681.bpseq
[703/2888] 正在预测序列: 1682
  ✓ 完成: /home/bingxing2/home/scx7auf/Shihaoxuan/graduate/data/RE-datasetA/contrafold_train/1682.bpseq
[704/2888] 正在预测序列: 1683
  ✓ 完成: /home/bingxing2/home/scx7auf/Shihaoxuan/graduate/data/RE-datasetA/contrafold_train/1683.bpseq
[705/2888] 正在预测序列: 1684
  ✓ 完成: /home/bingxing2/home/scx7auf/Shihaoxuan/graduate/data/RE-datasetA/contrafold_train/1684.bpseq
[706/2888] 正在预测序列: 1685
  ✓ 完成: /home/bingxing2/home/scx7auf/Shihaoxuan/graduate/data/RE-datasetA/contrafold_train/1685.bpseq
[707/2888] 正在预测序列: 1686
  ✓ 完成: /home/bingxing2/home/scx7auf/Shihaoxuan/graduate/data/RE-datasetA/contrafold_train/1686.bpseq
[708/2888] 正在预测序列: 1687
  ✓ 完成: /home/bingxing2/home/scx7auf/Shihaoxuan/graduate/data/RE-datasetA/contrafold_train/1687.bpseq
[709/2888] 正在预测序列: 1688
  ✓ 完成: /home/bingxing2/home/scx7auf/Shihaoxuan/graduate/data/RE-datasetA/contrafold_train/1688.bpseq
[710/2888] 正在预测序列: 1689
  ✓ 完成: /home/bingxing2/home/scx7auf/Shihaoxuan/graduate/data/RE-datasetA/contrafold_train/1689.bpseq
[711/2888] 正在预测序列: 168
  ✓ 完成: /home/bingxing2/home/scx7auf/Shihaoxuan/graduate/data/RE-datasetA/contrafold_train/168.bpseq
[712/2888] 正在预测序列: 1690
  ✓ 完成: /home/bingxing2/home/scx7auf/Shihaoxuan/graduate/data/RE-datasetA/contrafold_train/1690.bpseq
[713/2888] 正在预测序列: 1691
  ✓ 完成: /home/bingxing2/home/scx7auf/Shihaoxuan/graduate/data/RE-datasetA/contrafold_train/1691.bpseq
[714/2888] 正在预测序列: 1692
  ✓ 完成: /home/bingxing2/home/scx7auf/Shihaoxuan/graduate/data/RE-datasetA/contrafold_train/1692.bpseq
[715/2888] 正在预测序列: 1693
  ✓ 完成: /home/bingxing2/home/scx7auf/Shihaoxuan/graduate/data/RE-datasetA/contrafold_train/1693.bpseq
[716/2888] 正在预测序列: 1694
  ✓ 完成: /home/bingxing2/home/scx7auf/Shihaoxuan/graduate/data/RE-datasetA/contrafold_train/1694.bpseq
[717/2888] 正在预测序列: 1695
  ✓ 完成: /home/bingxing2/home/scx7auf/Shihaoxuan/graduate/data/RE-datasetA/contrafold_train/1695.bpseq
[718/2888] 正在预测序列: 1696
  ✓ 完成: /home/bingxing2/home/scx7auf/Shihaoxuan/graduate/data/RE-datasetA/contrafold_train/1696.bpseq
[719/2888] 正在预测序列: 1697
  ✓ 完成: /home/bingxing2/home/scx7auf/Shihaoxuan/graduate/data/RE-datasetA/contrafold_train/1697.bpseq
[720/2888] 正在预测序列: 1698
  ✓ 完成: /home/bingxing2/home/scx7auf/Shihaoxuan/graduate/data/RE-datasetA/contrafold_train/1698.bpseq
[721/2888] 正在预测序列: 1699
  ✓ 完成: /home/bingxing2/home/scx7auf/Shihaoxuan/graduate/data/RE-datasetA/contrafold_train/1699.bpseq
[722/2888] 正在预测序列: 169
  ✓ 完成: /home/bingxing2/home/scx7auf/Shihaoxuan/graduate/data/RE-datasetA/contrafold_train/169.bpseq
[723/2888] 正在预测序列: 16
  ✓ 完成: /home/bingxing2/home/scx7auf/Shihaoxuan/graduate/data/RE-datasetA/contrafold_train/16.bpseq
[724/2888] 正在预测序列: 1700
  ✓ 完成: /home/bingxing2/home/scx7auf/Shihaoxuan/graduate/data/RE-datasetA/contrafold_train/1700.bpseq
[725/2888] 正在预测序列: 1701
  ✓ 完成: /home/bingxing2/home/scx7auf/Shihaoxuan/graduate/data/RE-datasetA/contrafold_train/1701.bpseq
[726/2888] 正在预测序列: 1702
  ✓ 完成: /home/bingxing2/home/scx7auf/Shihaoxuan/graduate/data/RE-datasetA/contrafold_train/1702.bpseq
[727/2888] 正在预测序列: 1703
  ✓ 完成: /home/bingxing2/home/scx7auf/Shihaoxuan/graduate/data/RE-datasetA/contrafold_train/1703.bpseq
[728/2888] 正在预测序列: 1704
  ✓ 完成: /home/bingxing2/home/scx7auf/Shihaoxuan/graduate/data/RE-datasetA/contrafold_train/1704.bpseq
[729/2888] 正在预测序列: 1705
  ✓ 完成: /home/bingxing2/home/scx7auf/Shihaoxuan/graduate/data/RE-datasetA/contrafold_train/1705.bpseq
[730/2888] 正在预测序列: 1706
  ✓ 完成: /home/bingxing2/home/scx7auf/Shihaoxuan/graduate/data/RE-datasetA/contrafold_train/1706.bpseq
[731/2888] 正在预测序列: 1707
  ✓ 完成: /home/bingxing2/home/scx7auf/Shihaoxuan/graduate/data/RE-datasetA/contrafold_train/1707.bpseq
[732/2888] 正在预测序列: 1708
  ✓ 完成: /home/bingxing2/home/scx7auf/Shihaoxuan/graduate/data/RE-datasetA/contrafold_train/1708.bpseq
[733/2888] 正在预测序列: 1709
  ✓ 完成: /home/bingxing2/home/scx7auf/Shihaoxuan/graduate/data/RE-datasetA/contrafold_train/1709.bpseq
[734/2888] 正在预测序列: 170
  ✓ 完成: /home/bingxing2/home/scx7auf/Shihaoxuan/graduate/data/RE-datasetA/contrafold_train/170.bpseq
[735/2888] 正在预测序列: 1710
  ✓ 完成: /home/bingxing2/home/scx7auf/Shihaoxuan/graduate/data/RE-datasetA/contrafold_train/1710.bpseq
[736/2888] 正在预测序列: 1711
  ✓ 完成: /home/bingxing2/home/scx7auf/Shihaoxuan/graduate/data/RE-datasetA/contrafold_train/1711.bpseq
[737/2888] 正在预测序列: 1712
  ✓ 完成: /home/bingxing2/home/scx7auf/Shihaoxuan/graduate/data/RE-datasetA/contrafold_train/1712.bpseq
[738/2888] 正在预测序列: 1713
  ✓ 完成: /home/bingxing2/home/scx7auf/Shihaoxuan/graduate/data/RE-datasetA/contrafold_train/1713.bpseq
[739/2888] 正在预测序列: 1714
  ✓ 完成: /home/bingxing2/home/scx7auf/Shihaoxuan/graduate/data/RE-datasetA/contrafold_train/1714.bpseq
[740/2888] 正在预测序列: 1715
  ✓ 完成: /home/bingxing2/home/scx7auf/Shihaoxuan/graduate/data/RE-datasetA/contrafold_train/1715.bpseq
[741/2888] 正在预测序列: 1716
  ✓ 完成: /home/bingxing2/home/scx7auf/Shihaoxuan/graduate/data/RE-datasetA/contrafold_train/1716.bpseq
[742/2888] 正在预测序列: 1717
  ✓ 完成: /home/bingxing2/home/scx7auf/Shihaoxuan/graduate/data/RE-datasetA/contrafold_train/1717.bpseq
[743/2888] 正在预测序列: 1718
  ✓ 完成: /home/bingxing2/home/scx7auf/Shihaoxuan/graduate/data/RE-datasetA/contrafold_train/1718.bpseq
[744/2888] 正在预测序列: 1719
  ✓ 完成: /home/bingxing2/home/scx7auf/Shihaoxuan/graduate/data/RE-datasetA/contrafold_train/1719.bpseq
[745/2888] 正在预测序列: 171
  ✓ 完成: /home/bingxing2/home/scx7auf/Shihaoxuan/graduate/data/RE-datasetA/contrafold_train/171.bpseq
[746/2888] 正在预测序列: 1720
  ✓ 完成: /home/bingxing2/home/scx7auf/Shihaoxuan/graduate/data/RE-datasetA/contrafold_train/1720.bpseq
[747/2888] 正在预测序列: 1721
  ✓ 完成: /home/bingxing2/home/scx7auf/Shihaoxuan/graduate/data/RE-datasetA/contrafold_train/1721.bpseq
[748/2888] 正在预测序列: 1722
  ✓ 完成: /home/bingxing2/home/scx7auf/Shihaoxuan/graduate/data/RE-datasetA/contrafold_train/1722.bpseq
[749/2888] 正在预测序列: 1723
  ✓ 完成: /home/bingxing2/home/scx7auf/Shihaoxuan/graduate/data/RE-datasetA/contrafold_train/1723.bpseq
[750/2888] 正在预测序列: 1724
  ✓ 完成: /home/bingxing2/home/scx7auf/Shihaoxuan/graduate/data/RE-datasetA/contrafold_train/1724.bpseq
[751/2888] 正在预测序列: 1725
  ✓ 完成: /home/bingxing2/home/scx7auf/Shihaoxuan/graduate/data/RE-datasetA/contrafold_train/1725.bpseq
[752/2888] 正在预测序列: 1726
  ✓ 完成: /home/bingxing2/home/scx7auf/Shihaoxuan/graduate/data/RE-datasetA/contrafold_train/1726.bpseq
[753/2888] 正在预测序列: 1727
  ✓ 完成: /home/bingxing2/home/scx7auf/Shihaoxuan/graduate/data/RE-datasetA/contrafold_train/1727.bpseq
[754/2888] 正在预测序列: 1728
  ✓ 完成: /home/bingxing2/home/scx7auf/Shihaoxuan/graduate/data/RE-datasetA/contrafold_train/1728.bpseq
[755/2888] 正在预测序列: 1729
  ✓ 完成: /home/bingxing2/home/scx7auf/Shihaoxuan/graduate/data/RE-datasetA/contrafold_train/1729.bpseq
[756/2888] 正在预测序列: 172
  ✓ 完成: /home/bingxing2/home/scx7auf/Shihaoxuan/graduate/data/RE-datasetA/contrafold_train/172.bpseq
[757/2888] 正在预测序列: 1730
  ✓ 完成: /home/bingxing2/home/scx7auf/Shihaoxuan/graduate/data/RE-datasetA/contrafold_train/1730.bpseq
[758/2888] 正在预测序列: 1731
  ✓ 完成: /home/bingxing2/home/scx7auf/Shihaoxuan/graduate/data/RE-datasetA/contrafold_train/1731.bpseq
[759/2888] 正在预测序列: 1732
  ✓ 完成: /home/bingxing2/home/scx7auf/Shihaoxuan/graduate/data/RE-datasetA/contrafold_train/1732.bpseq
[760/2888] 正在预测序列: 1733
  ✓ 完成: /home/bingxing2/home/scx7auf/Shihaoxuan/graduate/data/RE-datasetA/contrafold_train/1733.bpseq
[761/2888] 正在预测序列: 1734
  ✓ 完成: /home/bingxing2/home/scx7auf/Shihaoxuan/graduate/data/RE-datasetA/contrafold_train/1734.bpseq
[762/2888] 正在预测序列: 1735
  ✓ 完成: /home/bingxing2/home/scx7auf/Shihaoxuan/graduate/data/RE-datasetA/contrafold_train/1735.bpseq
[763/2888] 正在预测序列: 1736
  ✓ 完成: /home/bingxing2/home/scx7auf/Shihaoxuan/graduate/data/RE-datasetA/contrafold_train/1736.bpseq
[764/2888] 正在预测序列: 1737
  ✓ 完成: /home/bingxing2/home/scx7auf/Shihaoxuan/graduate/data/RE-datasetA/contrafold_train/1737.bpseq
[765/2888] 正在预测序列: 1738
  ✓ 完成: /home/bingxing2/home/scx7auf/Shihaoxuan/graduate/data/RE-datasetA/contrafold_train/1738.bpseq
[766/2888] 正在预测序列: 1739
  ✓ 完成: /home/bingxing2/home/scx7auf/Shihaoxuan/graduate/data/RE-datasetA/contrafold_train/1739.bpseq
[767/2888] 正在预测序列: 173
  ✓ 完成: /home/bingxing2/home/scx7auf/Shihaoxuan/graduate/data/RE-datasetA/contrafold_train/173.bpseq
[768/2888] 正在预测序列: 1740
  ✓ 完成: /home/bingxing2/home/scx7auf/Shihaoxuan/graduate/data/RE-datasetA/contrafold_train/1740.bpseq
[769/2888] 正在预测序列: 1741
  ✓ 完成: /home/bingxing2/home/scx7auf/Shihaoxuan/graduate/data/RE-datasetA/contrafold_train/1741.bpseq
[770/2888] 正在预测序列: 1742
  ✓ 完成: /home/bingxing2/home/scx7auf/Shihaoxuan/graduate/data/RE-datasetA/contrafold_train/1742.bpseq
[771/2888] 正在预测序列: 1743
  ✓ 完成: /home/bingxing2/home/scx7auf/Shihaoxuan/graduate/data/RE-datasetA/contrafold_train/1743.bpseq
[772/2888] 正在预测序列: 1744
  ✓ 完成: /home/bingxing2/home/scx7auf/Shihaoxuan/graduate/data/RE-datasetA/contrafold_train/1744.bpseq
[773/2888] 正在预测序列: 1745
  ✓ 完成: /home/bingxing2/home/scx7auf/Shihaoxuan/graduate/data/RE-datasetA/contrafold_train/1745.bpseq
[774/2888] 正在预测序列: 1746
  ✓ 完成: /home/bingxing2/home/scx7auf/Shihaoxuan/graduate/data/RE-datasetA/contrafold_train/1746.bpseq
[775/2888] 正在预测序列: 1747
  ✓ 完成: /home/bingxing2/home/scx7auf/Shihaoxuan/graduate/data/RE-datasetA/contrafold_train/1747.bpseq
[776/2888] 正在预测序列: 1748
  ✓ 完成: /home/bingxing2/home/scx7auf/Shihaoxuan/graduate/data/RE-datasetA/contrafold_train/1748.bpseq
[777/2888] 正在预测序列: 1749
  ✓ 完成: /home/bingxing2/home/scx7auf/Shihaoxuan/graduate/data/RE-datasetA/contrafold_train/1749.bpseq
[778/2888] 正在预测序列: 174
  ✓ 完成: /home/bingxing2/home/scx7auf/Shihaoxuan/graduate/data/RE-datasetA/contrafold_train/174.bpseq
[779/2888] 正在预测序列: 1750
  ✓ 完成: /home/bingxing2/home/scx7auf/Shihaoxuan/graduate/data/RE-datasetA/contrafold_train/1750.bpseq
[780/2888] 正在预测序列: 1751
  ✓ 完成: /home/bingxing2/home/scx7auf/Shihaoxuan/graduate/data/RE-datasetA/contrafold_train/1751.bpseq
[781/2888] 正在预测序列: 1752
  ✓ 完成: /home/bingxing2/home/scx7auf/Shihaoxuan/graduate/data/RE-datasetA/contrafold_train/1752.bpseq
[782/2888] 正在预测序列: 1753
  ✓ 完成: /home/bingxing2/home/scx7auf/Shihaoxuan/graduate/data/RE-datasetA/contrafold_train/1753.bpseq
[783/2888] 正在预测序列: 1756
  ✓ 完成: /home/bingxing2/home/scx7auf/Shihaoxuan/graduate/data/RE-datasetA/contrafold_train/1756.bpseq
[784/2888] 正在预测序列: 1757
  ✓ 完成: /home/bingxing2/home/scx7auf/Shihaoxuan/graduate/data/RE-datasetA/contrafold_train/1757.bpseq
[785/2888] 正在预测序列: 1758
  ✓ 完成: /home/bingxing2/home/scx7auf/Shihaoxuan/graduate/data/RE-datasetA/contrafold_train/1758.bpseq
[786/2888] 正在预测序列: 175
  ✓ 完成: /home/bingxing2/home/scx7auf/Shihaoxuan/graduate/data/RE-datasetA/contrafold_train/175.bpseq
[787/2888] 正在预测序列: 1760
  ✓ 完成: /home/bingxing2/home/scx7auf/Shihaoxuan/graduate/data/RE-datasetA/contrafold_train/1760.bpseq
[788/2888] 正在预测序列: 1761
  ✓ 完成: /home/bingxing2/home/scx7auf/Shihaoxuan/graduate/data/RE-datasetA/contrafold_train/1761.bpseq
[789/2888] 正在预测序列: 1762
  ✓ 完成: /home/bingxing2/home/scx7auf/Shihaoxuan/graduate/data/RE-datasetA/contrafold_train/1762.bpseq
[790/2888] 正在预测序列: 1763
  ✓ 完成: /home/bingxing2/home/scx7auf/Shihaoxuan/graduate/data/RE-datasetA/contrafold_train/1763.bpseq
[791/2888] 正在预测序列: 1764
  ✓ 完成: /home/bingxing2/home/scx7auf/Shihaoxuan/graduate/data/RE-datasetA/contrafold_train/1764.bpseq
[792/2888] 正在预测序列: 1765
  ✓ 完成: /home/bingxing2/home/scx7auf/Shihaoxuan/graduate/data/RE-datasetA/contrafold_train/1765.bpseq
[793/2888] 正在预测序列: 1766
  ✓ 完成: /home/bingxing2/home/scx7auf/Shihaoxuan/graduate/data/RE-datasetA/contrafold_train/1766.bpseq
[794/2888] 正在预测序列: 1767
  ✓ 完成: /home/bingxing2/home/scx7auf/Shihaoxuan/graduate/data/RE-datasetA/contrafold_train/1767.bpseq
[795/2888] 正在预测序列: 1769
  ✓ 完成: /home/bingxing2/home/scx7auf/Shihaoxuan/graduate/data/RE-datasetA/contrafold_train/1769.bpseq
[796/2888] 正在预测序列: 176
  ✓ 完成: /home/bingxing2/home/scx7auf/Shihaoxuan/graduate/data/RE-datasetA/contrafold_train/176.bpseq
[797/2888] 正在预测序列: 1770
  ✓ 完成: /home/bingxing2/home/scx7auf/Shihaoxuan/graduate/data/RE-datasetA/contrafold_train/1770.bpseq
[798/2888] 正在预测序列: 1771
  ✓ 完成: /home/bingxing2/home/scx7auf/Shihaoxuan/graduate/data/RE-datasetA/contrafold_train/1771.bpseq
[799/2888] 正在预测序列: 1772
  ✓ 完成: /home/bingxing2/home/scx7auf/Shihaoxuan/graduate/data/RE-datasetA/contrafold_train/1772.bpseq
[800/2888] 正在预测序列: 1773
  ✓ 完成: /home/bingxing2/home/scx7auf/Shihaoxuan/graduate/data/RE-datasetA/contrafold_train/1773.bpseq
[801/2888] 正在预测序列: 1774
  ✓ 完成: /home/bingxing2/home/scx7auf/Shihaoxuan/graduate/data/RE-datasetA/contrafold_train/1774.bpseq
[802/2888] 正在预测序列: 1775
  ✓ 完成: /home/bingxing2/home/scx7auf/Shihaoxuan/graduate/data/RE-datasetA/contrafold_train/1775.bpseq
[803/2888] 正在预测序列: 1776
  ✓ 完成: /home/bingxing2/home/scx7auf/Shihaoxuan/graduate/data/RE-datasetA/contrafold_train/1776.bpseq
[804/2888] 正在预测序列: 1777
  ✓ 完成: /home/bingxing2/home/scx7auf/Shihaoxuan/graduate/data/RE-datasetA/contrafold_train/1777.bpseq
[805/2888] 正在预测序列: 1778
  ✓ 完成: /home/bingxing2/home/scx7auf/Shihaoxuan/graduate/data/RE-datasetA/contrafold_train/1778.bpseq
[806/2888] 正在预测序列: 1779
  ✓ 完成: /home/bingxing2/home/scx7auf/Shihaoxuan/graduate/data/RE-datasetA/contrafold_train/1779.bpseq
[807/2888] 正在预测序列: 177
  ✓ 完成: /home/bingxing2/home/scx7auf/Shihaoxuan/graduate/data/RE-datasetA/contrafold_train/177.bpseq
[808/2888] 正在预测序列: 1780
  ✓ 完成: /home/bingxing2/home/scx7auf/Shihaoxuan/graduate/data/RE-datasetA/contrafold_train/1780.bpseq
[809/2888] 正在预测序列: 1782
  ✓ 完成: /home/bingxing2/home/scx7auf/Shihaoxuan/graduate/data/RE-datasetA/contrafold_train/1782.bpseq
[810/2888] 正在预测序列: 1783
  ✓ 完成: /home/bingxing2/home/scx7auf/Shihaoxuan/graduate/data/RE-datasetA/contrafold_train/1783.bpseq
[811/2888] 正在预测序列: 1784
  ✓ 完成: /home/bingxing2/home/scx7auf/Shihaoxuan/graduate/data/RE-datasetA/contrafold_train/1784.bpseq
[812/2888] 正在预测序列: 1785
  ✓ 完成: /home/bingxing2/home/scx7auf/Shihaoxuan/graduate/data/RE-datasetA/contrafold_train/1785.bpseq
[813/2888] 正在预测序列: 1786
  ✓ 完成: /home/bingxing2/home/scx7auf/Shihaoxuan/graduate/data/RE-datasetA/contrafold_train/1786.bpseq
[814/2888] 正在预测序列: 1787
  ✓ 完成: /home/bingxing2/home/scx7auf/Shihaoxuan/graduate/data/RE-datasetA/contrafold_train/1787.bpseq
[815/2888] 正在预测序列: 1788
  ✓ 完成: /home/bingxing2/home/scx7auf/Shihaoxuan/graduate/data/RE-datasetA/contrafold_train/1788.bpseq
[816/2888] 正在预测序列: 1789
  ✓ 完成: /home/bingxing2/home/scx7auf/Shihaoxuan/graduate/data/RE-datasetA/contrafold_train/1789.bpseq
[817/2888] 正在预测序列: 178
  ✓ 完成: /home/bingxing2/home/scx7auf/Shihaoxuan/graduate/data/RE-datasetA/contrafold_train/178.bpseq
[818/2888] 正在预测序列: 1790
  ✓ 完成: /home/bingxing2/home/scx7auf/Shihaoxuan/graduate/data/RE-datasetA/contrafold_train/1790.bpseq
[819/2888] 正在预测序列: 1791
  ✓ 完成: /home/bingxing2/home/scx7auf/Shihaoxuan/graduate/data/RE-datasetA/contrafold_train/1791.bpseq
[820/2888] 正在预测序列: 1792
  ✓ 完成: /home/bingxing2/home/scx7auf/Shihaoxuan/graduate/data/RE-datasetA/contrafold_train/1792.bpseq
[821/2888] 正在预测序列: 1793
  ✓ 完成: /home/bingxing2/home/scx7auf/Shihaoxuan/graduate/data/RE-datasetA/contrafold_train/1793.bpseq
[822/2888] 正在预测序列: 1794
  ✓ 完成: /home/bingxing2/home/scx7auf/Shihaoxuan/graduate/data/RE-datasetA/contrafold_train/1794.bpseq
[823/2888] 正在预测序列: 1795
  ✓ 完成: /home/bingxing2/home/scx7auf/Shihaoxuan/graduate/data/RE-datasetA/contrafold_train/1795.bpseq
[824/2888] 正在预测序列: 1796
  ✓ 完成: /home/bingxing2/home/scx7auf/Shihaoxuan/graduate/data/RE-datasetA/contrafold_train/1796.bpseq
[825/2888] 正在预测序列: 1797
  ✓ 完成: /home/bingxing2/home/scx7auf/Shihaoxuan/graduate/data/RE-datasetA/contrafold_train/1797.bpseq
[826/2888] 正在预测序列: 1798
  ✓ 完成: /home/bingxing2/home/scx7auf/Shihaoxuan/graduate/data/RE-datasetA/contrafold_train/1798.bpseq
[827/2888] 正在预测序列: 1799
  ✓ 完成: /home/bingxing2/home/scx7auf/Shihaoxuan/graduate/data/RE-datasetA/contrafold_train/1799.bpseq
[828/2888] 正在预测序列: 179
  ✓ 完成: /home/bingxing2/home/scx7auf/Shihaoxuan/graduate/data/RE-datasetA/contrafold_train/179.bpseq
[829/2888] 正在预测序列: 17
  ✓ 完成: /home/bingxing2/home/scx7auf/Shihaoxuan/graduate/data/RE-datasetA/contrafold_train/17.bpseq
[830/2888] 正在预测序列: 1800
  ✓ 完成: /home/bingxing2/home/scx7auf/Shihaoxuan/graduate/data/RE-datasetA/contrafold_train/1800.bpseq
[831/2888] 正在预测序列: 1801
  ✓ 完成: /home/bingxing2/home/scx7auf/Shihaoxuan/graduate/data/RE-datasetA/contrafold_train/1801.bpseq
[832/2888] 正在预测序列: 1802
  ✓ 完成: /home/bingxing2/home/scx7auf/Shihaoxuan/graduate/data/RE-datasetA/contrafold_train/1802.bpseq
[833/2888] 正在预测序列: 1803
  ✓ 完成: /home/bingxing2/home/scx7auf/Shihaoxuan/graduate/data/RE-datasetA/contrafold_train/1803.bpseq
[834/2888] 正在预测序列: 1804
  ✓ 完成: /home/bingxing2/home/scx7auf/Shihaoxuan/graduate/data/RE-datasetA/contrafold_train/1804.bpseq
[835/2888] 正在预测序列: 1808
  ✓ 完成: /home/bingxing2/home/scx7auf/Shihaoxuan/graduate/data/RE-datasetA/contrafold_train/1808.bpseq
[836/2888] 正在预测序列: 1809
  ✓ 完成: /home/bingxing2/home/scx7auf/Shihaoxuan/graduate/data/RE-datasetA/contrafold_train/1809.bpseq
[837/2888] 正在预测序列: 180
  ✓ 完成: /home/bingxing2/home/scx7auf/Shihaoxuan/graduate/data/RE-datasetA/contrafold_train/180.bpseq
[838/2888] 正在预测序列: 1810
  ✓ 完成: /home/bingxing2/home/scx7auf/Shihaoxuan/graduate/data/RE-datasetA/contrafold_train/1810.bpseq
[839/2888] 正在预测序列: 1811
  ✓ 完成: /home/bingxing2/home/scx7auf/Shihaoxuan/graduate/data/RE-datasetA/contrafold_train/1811.bpseq
[840/2888] 正在预测序列: 1815
  ✓ 完成: /home/bingxing2/home/scx7auf/Shihaoxuan/graduate/data/RE-datasetA/contrafold_train/1815.bpseq
[841/2888] 正在预测序列: 1817
  ✓ 完成: /home/bingxing2/home/scx7auf/Shihaoxuan/graduate/data/RE-datasetA/contrafold_train/1817.bpseq
[842/2888] 正在预测序列: 1818
  ✓ 完成: /home/bingxing2/home/scx7auf/Shihaoxuan/graduate/data/RE-datasetA/contrafold_train/1818.bpseq
[843/2888] 正在预测序列: 1820
  ✓ 完成: /home/bingxing2/home/scx7auf/Shihaoxuan/graduate/data/RE-datasetA/contrafold_train/1820.bpseq
[844/2888] 正在预测序列: 1822
  ✓ 完成: /home/bingxing2/home/scx7auf/Shihaoxuan/graduate/data/RE-datasetA/contrafold_train/1822.bpseq
[845/2888] 正在预测序列: 1824
  ✓ 完成: /home/bingxing2/home/scx7auf/Shihaoxuan/graduate/data/RE-datasetA/contrafold_train/1824.bpseq
[846/2888] 正在预测序列: 1825
  ✓ 完成: /home/bingxing2/home/scx7auf/Shihaoxuan/graduate/data/RE-datasetA/contrafold_train/1825.bpseq
[847/2888] 正在预测序列: 1826
  ✓ 完成: /home/bingxing2/home/scx7auf/Shihaoxuan/graduate/data/RE-datasetA/contrafold_train/1826.bpseq
[848/2888] 正在预测序列: 1828
  ✓ 完成: /home/bingxing2/home/scx7auf/Shihaoxuan/graduate/data/RE-datasetA/contrafold_train/1828.bpseq
[849/2888] 正在预测序列: 182
  ✓ 完成: /home/bingxing2/home/scx7auf/Shihaoxuan/graduate/data/RE-datasetA/contrafold_train/182.bpseq
[850/2888] 正在预测序列: 1830
  ✓ 完成: /home/bingxing2/home/scx7auf/Shihaoxuan/graduate/data/RE-datasetA/contrafold_train/1830.bpseq
[851/2888] 正在预测序列: 1831
  ✓ 完成: /home/bingxing2/home/scx7auf/Shihaoxuan/graduate/data/RE-datasetA/contrafold_train/1831.bpseq
[852/2888] 正在预测序列: 1832
  ✓ 完成: /home/bingxing2/home/scx7auf/Shihaoxuan/graduate/data/RE-datasetA/contrafold_train/1832.bpseq
[853/2888] 正在预测序列: 1834
  ✓ 完成: /home/bingxing2/home/scx7auf/Shihaoxuan/graduate/data/RE-datasetA/contrafold_train/1834.bpseq
[854/2888] 正在预测序列: 1835
  ✓ 完成: /home/bingxing2/home/scx7auf/Shihaoxuan/graduate/data/RE-datasetA/contrafold_train/1835.bpseq
[855/2888] 正在预测序列: 1837
  ✓ 完成: /home/bingxing2/home/scx7auf/Shihaoxuan/graduate/data/RE-datasetA/contrafold_train/1837.bpseq
[856/2888] 正在预测序列: 1838
  ✓ 完成: /home/bingxing2/home/scx7auf/Shihaoxuan/graduate/data/RE-datasetA/contrafold_train/1838.bpseq
[857/2888] 正在预测序列: 183
  ✓ 完成: /home/bingxing2/home/scx7auf/Shihaoxuan/graduate/data/RE-datasetA/contrafold_train/183.bpseq
[858/2888] 正在预测序列: 1844
  ✓ 完成: /home/bingxing2/home/scx7auf/Shihaoxuan/graduate/data/RE-datasetA/contrafold_train/1844.bpseq
[859/2888] 正在预测序列: 184
  ✓ 完成: /home/bingxing2/home/scx7auf/Shihaoxuan/graduate/data/RE-datasetA/contrafold_train/184.bpseq
[860/2888] 正在预测序列: 1850
  ✓ 完成: /home/bingxing2/home/scx7auf/Shihaoxuan/graduate/data/RE-datasetA/contrafold_train/1850.bpseq
[861/2888] 正在预测序列: 1852
  ✓ 完成: /home/bingxing2/home/scx7auf/Shihaoxuan/graduate/data/RE-datasetA/contrafold_train/1852.bpseq
[862/2888] 正在预测序列: 1853
  ✓ 完成: /home/bingxing2/home/scx7auf/Shihaoxuan/graduate/data/RE-datasetA/contrafold_train/1853.bpseq
[863/2888] 正在预测序列: 1854
  ✓ 完成: /home/bingxing2/home/scx7auf/Shihaoxuan/graduate/data/RE-datasetA/contrafold_train/1854.bpseq
[864/2888] 正在预测序列: 1855
  ✓ 完成: /home/bingxing2/home/scx7auf/Shihaoxuan/graduate/data/RE-datasetA/contrafold_train/1855.bpseq
[865/2888] 正在预测序列: 1857
  ✓ 完成: /home/bingxing2/home/scx7auf/Shihaoxuan/graduate/data/RE-datasetA/contrafold_train/1857.bpseq
[866/2888] 正在预测序列: 1859
  ✓ 完成: /home/bingxing2/home/scx7auf/Shihaoxuan/graduate/data/RE-datasetA/contrafold_train/1859.bpseq
[867/2888] 正在预测序列: 185
  ✓ 完成: /home/bingxing2/home/scx7auf/Shihaoxuan/graduate/data/RE-datasetA/contrafold_train/185.bpseq
[868/2888] 正在预测序列: 1860
  ✓ 完成: /home/bingxing2/home/scx7auf/Shihaoxuan/graduate/data/RE-datasetA/contrafold_train/1860.bpseq
[869/2888] 正在预测序列: 1861
  ✓ 完成: /home/bingxing2/home/scx7auf/Shihaoxuan/graduate/data/RE-datasetA/contrafold_train/1861.bpseq
[870/2888] 正在预测序列: 1864
  ✓ 完成: /home/bingxing2/home/scx7auf/Shihaoxuan/graduate/data/RE-datasetA/contrafold_train/1864.bpseq
[871/2888] 正在预测序列: 1866
  ✓ 完成: /home/bingxing2/home/scx7auf/Shihaoxuan/graduate/data/RE-datasetA/contrafold_train/1866.bpseq
[872/2888] 正在预测序列: 1868
  ✓ 完成: /home/bingxing2/home/scx7auf/Shihaoxuan/graduate/data/RE-datasetA/contrafold_train/1868.bpseq
[873/2888] 正在预测序列: 1869
  ✓ 完成: /home/bingxing2/home/scx7auf/Shihaoxuan/graduate/data/RE-datasetA/contrafold_train/1869.bpseq
[874/2888] 正在预测序列: 186
  ✓ 完成: /home/bingxing2/home/scx7auf/Shihaoxuan/graduate/data/RE-datasetA/contrafold_train/186.bpseq
[875/2888] 正在预测序列: 1870
  ✓ 完成: /home/bingxing2/home/scx7auf/Shihaoxuan/graduate/data/RE-datasetA/contrafold_train/1870.bpseq
[876/2888] 正在预测序列: 1871
  ✓ 完成: /home/bingxing2/home/scx7auf/Shihaoxuan/graduate/data/RE-datasetA/contrafold_train/1871.bpseq
[877/2888] 正在预测序列: 1872
  ✓ 完成: /home/bingxing2/home/scx7auf/Shihaoxuan/graduate/data/RE-datasetA/contrafold_train/1872.bpseq
[878/2888] 正在预测序列: 1873
  ✓ 完成: /home/bingxing2/home/scx7auf/Shihaoxuan/graduate/data/RE-datasetA/contrafold_train/1873.bpseq
[879/2888] 正在预测序列: 1874
  ✓ 完成: /home/bingxing2/home/scx7auf/Shihaoxuan/graduate/data/RE-datasetA/contrafold_train/1874.bpseq
[880/2888] 正在预测序列: 1875
  ✓ 完成: /home/bingxing2/home/scx7auf/Shihaoxuan/graduate/data/RE-datasetA/contrafold_train/1875.bpseq
[881/2888] 正在预测序列: 1876
  ✓ 完成: /home/bingxing2/home/scx7auf/Shihaoxuan/graduate/data/RE-datasetA/contrafold_train/1876.bpseq
[882/2888] 正在预测序列: 1877
  ✓ 完成: /home/bingxing2/home/scx7auf/Shihaoxuan/graduate/data/RE-datasetA/contrafold_train/1877.bpseq
[883/2888] 正在预测序列: 1878
  ✓ 完成: /home/bingxing2/home/scx7auf/Shihaoxuan/graduate/data/RE-datasetA/contrafold_train/1878.bpseq
[884/2888] 正在预测序列: 1879
  ✓ 完成: /home/bingxing2/home/scx7auf/Shihaoxuan/graduate/data/RE-datasetA/contrafold_train/1879.bpseq
[885/2888] 正在预测序列: 187
  ✓ 完成: /home/bingxing2/home/scx7auf/Shihaoxuan/graduate/data/RE-datasetA/contrafold_train/187.bpseq
[886/2888] 正在预测序列: 1880
  ✓ 完成: /home/bingxing2/home/scx7auf/Shihaoxuan/graduate/data/RE-datasetA/contrafold_train/1880.bpseq
[887/2888] 正在预测序列: 1881
  ✓ 完成: /home/bingxing2/home/scx7auf/Shihaoxuan/graduate/data/RE-datasetA/contrafold_train/1881.bpseq
[888/2888] 正在预测序列: 1882
  ✓ 完成: /home/bingxing2/home/scx7auf/Shihaoxuan/graduate/data/RE-datasetA/contrafold_train/1882.bpseq
[889/2888] 正在预测序列: 1883
  ✓ 完成: /home/bingxing2/home/scx7auf/Shihaoxuan/graduate/data/RE-datasetA/contrafold_train/1883.bpseq
[890/2888] 正在预测序列: 1884
  ✓ 完成: /home/bingxing2/home/scx7auf/Shihaoxuan/graduate/data/RE-datasetA/contrafold_train/1884.bpseq
[891/2888] 正在预测序列: 1885
  ✓ 完成: /home/bingxing2/home/scx7auf/Shihaoxuan/graduate/data/RE-datasetA/contrafold_train/1885.bpseq
[892/2888] 正在预测序列: 1886
  ✓ 完成: /home/bingxing2/home/scx7auf/Shihaoxuan/graduate/data/RE-datasetA/contrafold_train/1886.bpseq
[893/2888] 正在预测序列: 1887
  ✓ 完成: /home/bingxing2/home/scx7auf/Shihaoxuan/graduate/data/RE-datasetA/contrafold_train/1887.bpseq
[894/2888] 正在预测序列: 1888
  ✓ 完成: /home/bingxing2/home/scx7auf/Shihaoxuan/graduate/data/RE-datasetA/contrafold_train/1888.bpseq
[895/2888] 正在预测序列: 1889
  ✓ 完成: /home/bingxing2/home/scx7auf/Shihaoxuan/graduate/data/RE-datasetA/contrafold_train/1889.bpseq
[896/2888] 正在预测序列: 188
  ✓ 完成: /home/bingxing2/home/scx7auf/Shihaoxuan/graduate/data/RE-datasetA/contrafold_train/188.bpseq
[897/2888] 正在预测序列: 1890
  ✓ 完成: /home/bingxing2/home/scx7auf/Shihaoxuan/graduate/data/RE-datasetA/contrafold_train/1890.bpseq
[898/2888] 正在预测序列: 1891
  ✓ 完成: /home/bingxing2/home/scx7auf/Shihaoxuan/graduate/data/RE-datasetA/contrafold_train/1891.bpseq
[899/2888] 正在预测序列: 1892
  ✓ 完成: /home/bingxing2/home/scx7auf/Shihaoxuan/graduate/data/RE-datasetA/contrafold_train/1892.bpseq
[900/2888] 正在预测序列: 1893
  ✓ 完成: /home/bingxing2/home/scx7auf/Shihaoxuan/graduate/data/RE-datasetA/contrafold_train/1893.bpseq
[901/2888] 正在预测序列: 1894
  ✓ 完成: /home/bingxing2/home/scx7auf/Shihaoxuan/graduate/data/RE-datasetA/contrafold_train/1894.bpseq
[902/2888] 正在预测序列: 1895
  ✓ 完成: /home/bingxing2/home/scx7auf/Shihaoxuan/graduate/data/RE-datasetA/contrafold_train/1895.bpseq
[903/2888] 正在预测序列: 1896
  ✓ 完成: /home/bingxing2/home/scx7auf/Shihaoxuan/graduate/data/RE-datasetA/contrafold_train/1896.bpseq
[904/2888] 正在预测序列: 1897
  ✓ 完成: /home/bingxing2/home/scx7auf/Shihaoxuan/graduate/data/RE-datasetA/contrafold_train/1897.bpseq
[905/2888] 正在预测序列: 1898
  ✓ 完成: /home/bingxing2/home/scx7auf/Shihaoxuan/graduate/data/RE-datasetA/contrafold_train/1898.bpseq
[906/2888] 正在预测序列: 1899
  ✓ 完成: /home/bingxing2/home/scx7auf/Shihaoxuan/graduate/data/RE-datasetA/contrafold_train/1899.bpseq
[907/2888] 正在预测序列: 189
  ✓ 完成: /home/bingxing2/home/scx7auf/Shihaoxuan/graduate/data/RE-datasetA/contrafold_train/189.bpseq
[908/2888] 正在预测序列: 18
  ✓ 完成: /home/bingxing2/home/scx7auf/Shihaoxuan/graduate/data/RE-datasetA/contrafold_train/18.bpseq
[909/2888] 正在预测序列: 1900
  ✓ 完成: /home/bingxing2/home/scx7auf/Shihaoxuan/graduate/data/RE-datasetA/contrafold_train/1900.bpseq
[910/2888] 正在预测序列: 1901
  ✓ 完成: /home/bingxing2/home/scx7auf/Shihaoxuan/graduate/data/RE-datasetA/contrafold_train/1901.bpseq
[911/2888] 正在预测序列: 1902
  ✓ 完成: /home/bingxing2/home/scx7auf/Shihaoxuan/graduate/data/RE-datasetA/contrafold_train/1902.bpseq
[912/2888] 正在预测序列: 1903
  ✓ 完成: /home/bingxing2/home/scx7auf/Shihaoxuan/graduate/data/RE-datasetA/contrafold_train/1903.bpseq
[913/2888] 正在预测序列: 1904
  ✓ 完成: /home/bingxing2/home/scx7auf/Shihaoxuan/graduate/data/RE-datasetA/contrafold_train/1904.bpseq
[914/2888] 正在预测序列: 1905
  ✓ 完成: /home/bingxing2/home/scx7auf/Shihaoxuan/graduate/data/RE-datasetA/contrafold_train/1905.bpseq
[915/2888] 正在预测序列: 1906
  ✓ 完成: /home/bingxing2/home/scx7auf/Shihaoxuan/graduate/data/RE-datasetA/contrafold_train/1906.bpseq
[916/2888] 正在预测序列: 1907
  ✓ 完成: /home/bingxing2/home/scx7auf/Shihaoxuan/graduate/data/RE-datasetA/contrafold_train/1907.bpseq
[917/2888] 正在预测序列: 1908
  ✓ 完成: /home/bingxing2/home/scx7auf/Shihaoxuan/graduate/data/RE-datasetA/contrafold_train/1908.bpseq
[918/2888] 正在预测序列: 1909
  ✓ 完成: /home/bingxing2/home/scx7auf/Shihaoxuan/graduate/data/RE-datasetA/contrafold_train/1909.bpseq
[919/2888] 正在预测序列: 190
  ✓ 完成: /home/bingxing2/home/scx7auf/Shihaoxuan/graduate/data/RE-datasetA/contrafold_train/190.bpseq
[920/2888] 正在预测序列: 1910
  ✓ 完成: /home/bingxing2/home/scx7auf/Shihaoxuan/graduate/data/RE-datasetA/contrafold_train/1910.bpseq
[921/2888] 正在预测序列: 1911
  ✓ 完成: /home/bingxing2/home/scx7auf/Shihaoxuan/graduate/data/RE-datasetA/contrafold_train/1911.bpseq
[922/2888] 正在预测序列: 1912
  ✓ 完成: /home/bingxing2/home/scx7auf/Shihaoxuan/graduate/data/RE-datasetA/contrafold_train/1912.bpseq
[923/2888] 正在预测序列: 1913
  ✓ 完成: /home/bingxing2/home/scx7auf/Shihaoxuan/graduate/data/RE-datasetA/contrafold_train/1913.bpseq
[924/2888] 正在预测序列: 1914
  ✓ 完成: /home/bingxing2/home/scx7auf/Shihaoxuan/graduate/data/RE-datasetA/contrafold_train/1914.bpseq
[925/2888] 正在预测序列: 1915
  ✓ 完成: /home/bingxing2/home/scx7auf/Shihaoxuan/graduate/data/RE-datasetA/contrafold_train/1915.bpseq
[926/2888] 正在预测序列: 1916
  ✓ 完成: /home/bingxing2/home/scx7auf/Shihaoxuan/graduate/data/RE-datasetA/contrafold_train/1916.bpseq
[927/2888] 正在预测序列: 1917
  ✓ 完成: /home/bingxing2/home/scx7auf/Shihaoxuan/graduate/data/RE-datasetA/contrafold_train/1917.bpseq
[928/2888] 正在预测序列: 1918
  ✓ 完成: /home/bingxing2/home/scx7auf/Shihaoxuan/graduate/data/RE-datasetA/contrafold_train/1918.bpseq
[929/2888] 正在预测序列: 1919
  ✓ 完成: /home/bingxing2/home/scx7auf/Shihaoxuan/graduate/data/RE-datasetA/contrafold_train/1919.bpseq
[930/2888] 正在预测序列: 191
  ✓ 完成: /home/bingxing2/home/scx7auf/Shihaoxuan/graduate/data/RE-datasetA/contrafold_train/191.bpseq
[931/2888] 正在预测序列: 1920
  ✓ 完成: /home/bingxing2/home/scx7auf/Shihaoxuan/graduate/data/RE-datasetA/contrafold_train/1920.bpseq
[932/2888] 正在预测序列: 1921
  ✓ 完成: /home/bingxing2/home/scx7auf/Shihaoxuan/graduate/data/RE-datasetA/contrafold_train/1921.bpseq
[933/2888] 正在预测序列: 1922
  ✓ 完成: /home/bingxing2/home/scx7auf/Shihaoxuan/graduate/data/RE-datasetA/contrafold_train/1922.bpseq
[934/2888] 正在预测序列: 1923
  ✓ 完成: /home/bingxing2/home/scx7auf/Shihaoxuan/graduate/data/RE-datasetA/contrafold_train/1923.bpseq
[935/2888] 正在预测序列: 1924
  ✓ 完成: /home/bingxing2/home/scx7auf/Shihaoxuan/graduate/data/RE-datasetA/contrafold_train/1924.bpseq
[936/2888] 正在预测序列: 1925
  ✓ 完成: /home/bingxing2/home/scx7auf/Shihaoxuan/graduate/data/RE-datasetA/contrafold_train/1925.bpseq
[937/2888] 正在预测序列: 1926
  ✓ 完成: /home/bingxing2/home/scx7auf/Shihaoxuan/graduate/data/RE-datasetA/contrafold_train/1926.bpseq
[938/2888] 正在预测序列: 1927
  ✓ 完成: /home/bingxing2/home/scx7auf/Shihaoxuan/graduate/data/RE-datasetA/contrafold_train/1927.bpseq
[939/2888] 正在预测序列: 1928
  ✓ 完成: /home/bingxing2/home/scx7auf/Shihaoxuan/graduate/data/RE-datasetA/contrafold_train/1928.bpseq
[940/2888] 正在预测序列: 1929
  ✓ 完成: /home/bingxing2/home/scx7auf/Shihaoxuan/graduate/data/RE-datasetA/contrafold_train/1929.bpseq
[941/2888] 正在预测序列: 192
  ✓ 完成: /home/bingxing2/home/scx7auf/Shihaoxuan/graduate/data/RE-datasetA/contrafold_train/192.bpseq
[942/2888] 正在预测序列: 1930
  ✓ 完成: /home/bingxing2/home/scx7auf/Shihaoxuan/graduate/data/RE-datasetA/contrafold_train/1930.bpseq
[943/2888] 正在预测序列: 1931
  ✓ 完成: /home/bingxing2/home/scx7auf/Shihaoxuan/graduate/data/RE-datasetA/contrafold_train/1931.bpseq
[944/2888] 正在预测序列: 1932
  ✓ 完成: /home/bingxing2/home/scx7auf/Shihaoxuan/graduate/data/RE-datasetA/contrafold_train/1932.bpseq
[945/2888] 正在预测序列: 1933
  ✓ 完成: /home/bingxing2/home/scx7auf/Shihaoxuan/graduate/data/RE-datasetA/contrafold_train/1933.bpseq
[946/2888] 正在预测序列: 1934
  ✓ 完成: /home/bingxing2/home/scx7auf/Shihaoxuan/graduate/data/RE-datasetA/contrafold_train/1934.bpseq
[947/2888] 正在预测序列: 1935
  ✓ 完成: /home/bingxing2/home/scx7auf/Shihaoxuan/graduate/data/RE-datasetA/contrafold_train/1935.bpseq
[948/2888] 正在预测序列: 1936
  ✓ 完成: /home/bingxing2/home/scx7auf/Shihaoxuan/graduate/data/RE-datasetA/contrafold_train/1936.bpseq
[949/2888] 正在预测序列: 1937
  ✓ 完成: /home/bingxing2/home/scx7auf/Shihaoxuan/graduate/data/RE-datasetA/contrafold_train/1937.bpseq
[950/2888] 正在预测序列: 1938
  ✓ 完成: /home/bingxing2/home/scx7auf/Shihaoxuan/graduate/data/RE-datasetA/contrafold_train/1938.bpseq
[951/2888] 正在预测序列: 1939
  ✓ 完成: /home/bingxing2/home/scx7auf/Shihaoxuan/graduate/data/RE-datasetA/contrafold_train/1939.bpseq
[952/2888] 正在预测序列: 193
  ✓ 完成: /home/bingxing2/home/scx7auf/Shihaoxuan/graduate/data/RE-datasetA/contrafold_train/193.bpseq
[953/2888] 正在预测序列: 1940
  ✓ 完成: /home/bingxing2/home/scx7auf/Shihaoxuan/graduate/data/RE-datasetA/contrafold_train/1940.bpseq
[954/2888] 正在预测序列: 1941
  ✓ 完成: /home/bingxing2/home/scx7auf/Shihaoxuan/graduate/data/RE-datasetA/contrafold_train/1941.bpseq
[955/2888] 正在预测序列: 1942
  ✓ 完成: /home/bingxing2/home/scx7auf/Shihaoxuan/graduate/data/RE-datasetA/contrafold_train/1942.bpseq
[956/2888] 正在预测序列: 1943
  ✓ 完成: /home/bingxing2/home/scx7auf/Shihaoxuan/graduate/data/RE-datasetA/contrafold_train/1943.bpseq
[957/2888] 正在预测序列: 1944
  ✓ 完成: /home/bingxing2/home/scx7auf/Shihaoxuan/graduate/data/RE-datasetA/contrafold_train/1944.bpseq
[958/2888] 正在预测序列: 1945
  ✓ 完成: /home/bingxing2/home/scx7auf/Shihaoxuan/graduate/data/RE-datasetA/contrafold_train/1945.bpseq
[959/2888] 正在预测序列: 1946
  ✓ 完成: /home/bingxing2/home/scx7auf/Shihaoxuan/graduate/data/RE-datasetA/contrafold_train/1946.bpseq
[960/2888] 正在预测序列: 1947
  ✓ 完成: /home/bingxing2/home/scx7auf/Shihaoxuan/graduate/data/RE-datasetA/contrafold_train/1947.bpseq
[961/2888] 正在预测序列: 1948
  ✓ 完成: /home/bingxing2/home/scx7auf/Shihaoxuan/graduate/data/RE-datasetA/contrafold_train/1948.bpseq
[962/2888] 正在预测序列: 1949
  ✓ 完成: /home/bingxing2/home/scx7auf/Shihaoxuan/graduate/data/RE-datasetA/contrafold_train/1949.bpseq
[963/2888] 正在预测序列: 194
  ✓ 完成: /home/bingxing2/home/scx7auf/Shihaoxuan/graduate/data/RE-datasetA/contrafold_train/194.bpseq
[964/2888] 正在预测序列: 1950
  ✓ 完成: /home/bingxing2/home/scx7auf/Shihaoxuan/graduate/data/RE-datasetA/contrafold_train/1950.bpseq
[965/2888] 正在预测序列: 1951
  ✓ 完成: /home/bingxing2/home/scx7auf/Shihaoxuan/graduate/data/RE-datasetA/contrafold_train/1951.bpseq
[966/2888] 正在预测序列: 1952
  ✓ 完成: /home/bingxing2/home/scx7auf/Shihaoxuan/graduate/data/RE-datasetA/contrafold_train/1952.bpseq
[967/2888] 正在预测序列: 1953
  ✓ 完成: /home/bingxing2/home/scx7auf/Shihaoxuan/graduate/data/RE-datasetA/contrafold_train/1953.bpseq
[968/2888] 正在预测序列: 1954
  ✓ 完成: /home/bingxing2/home/scx7auf/Shihaoxuan/graduate/data/RE-datasetA/contrafold_train/1954.bpseq
[969/2888] 正在预测序列: 1955
  ✓ 完成: /home/bingxing2/home/scx7auf/Shihaoxuan/graduate/data/RE-datasetA/contrafold_train/1955.bpseq
[970/2888] 正在预测序列: 1956
  ✓ 完成: /home/bingxing2/home/scx7auf/Shihaoxuan/graduate/data/RE-datasetA/contrafold_train/1956.bpseq
[971/2888] 正在预测序列: 1957
  ✓ 完成: /home/bingxing2/home/scx7auf/Shihaoxuan/graduate/data/RE-datasetA/contrafold_train/1957.bpseq
[972/2888] 正在预测序列: 1958
  ✓ 完成: /home/bingxing2/home/scx7auf/Shihaoxuan/graduate/data/RE-datasetA/contrafold_train/1958.bpseq
[973/2888] 正在预测序列: 1959
  ✓ 完成: /home/bingxing2/home/scx7auf/Shihaoxuan/graduate/data/RE-datasetA/contrafold_train/1959.bpseq
[974/2888] 正在预测序列: 195
  ✓ 完成: /home/bingxing2/home/scx7auf/Shihaoxuan/graduate/data/RE-datasetA/contrafold_train/195.bpseq
[975/2888] 正在预测序列: 1960
  ✓ 完成: /home/bingxing2/home/scx7auf/Shihaoxuan/graduate/data/RE-datasetA/contrafold_train/1960.bpseq
[976/2888] 正在预测序列: 1961
  ✓ 完成: /home/bingxing2/home/scx7auf/Shihaoxuan/graduate/data/RE-datasetA/contrafold_train/1961.bpseq
[977/2888] 正在预测序列: 1962
  ✓ 完成: /home/bingxing2/home/scx7auf/Shihaoxuan/graduate/data/RE-datasetA/contrafold_train/1962.bpseq
[978/2888] 正在预测序列: 1963
  ✓ 完成: /home/bingxing2/home/scx7auf/Shihaoxuan/graduate/data/RE-datasetA/contrafold_train/1963.bpseq
[979/2888] 正在预测序列: 1964
  ✓ 完成: /home/bingxing2/home/scx7auf/Shihaoxuan/graduate/data/RE-datasetA/contrafold_train/1964.bpseq
[980/2888] 正在预测序列: 1965
  ✓ 完成: /home/bingxing2/home/scx7auf/Shihaoxuan/graduate/data/RE-datasetA/contrafold_train/1965.bpseq
[981/2888] 正在预测序列: 1966
  ✓ 完成: /home/bingxing2/home/scx7auf/Shihaoxuan/graduate/data/RE-datasetA/contrafold_train/1966.bpseq
[982/2888] 正在预测序列: 1967
  ✓ 完成: /home/bingxing2/home/scx7auf/Shihaoxuan/graduate/data/RE-datasetA/contrafold_train/1967.bpseq
[983/2888] 正在预测序列: 1968
  ✓ 完成: /home/bingxing2/home/scx7auf/Shihaoxuan/graduate/data/RE-datasetA/contrafold_train/1968.bpseq
[984/2888] 正在预测序列: 1969
  ✓ 完成: /home/bingxing2/home/scx7auf/Shihaoxuan/graduate/data/RE-datasetA/contrafold_train/1969.bpseq
[985/2888] 正在预测序列: 196
  ✓ 完成: /home/bingxing2/home/scx7auf/Shihaoxuan/graduate/data/RE-datasetA/contrafold_train/196.bpseq
[986/2888] 正在预测序列: 1970
  ✓ 完成: /home/bingxing2/home/scx7auf/Shihaoxuan/graduate/data/RE-datasetA/contrafold_train/1970.bpseq
[987/2888] 正在预测序列: 1971
  ✓ 完成: /home/bingxing2/home/scx7auf/Shihaoxuan/graduate/data/RE-datasetA/contrafold_train/1971.bpseq
[988/2888] 正在预测序列: 1972
  ✓ 完成: /home/bingxing2/home/scx7auf/Shihaoxuan/graduate/data/RE-datasetA/contrafold_train/1972.bpseq
[989/2888] 正在预测序列: 1973
  ✓ 完成: /home/bingxing2/home/scx7auf/Shihaoxuan/graduate/data/RE-datasetA/contrafold_train/1973.bpseq
[990/2888] 正在预测序列: 1974
  ✓ 完成: /home/bingxing2/home/scx7auf/Shihaoxuan/graduate/data/RE-datasetA/contrafold_train/1974.bpseq
[991/2888] 正在预测序列: 1975
  ✓ 完成: /home/bingxing2/home/scx7auf/Shihaoxuan/graduate/data/RE-datasetA/contrafold_train/1975.bpseq
[992/2888] 正在预测序列: 1976
  ✓ 完成: /home/bingxing2/home/scx7auf/Shihaoxuan/graduate/data/RE-datasetA/contrafold_train/1976.bpseq
[993/2888] 正在预测序列: 1977
  ✓ 完成: /home/bingxing2/home/scx7auf/Shihaoxuan/graduate/data/RE-datasetA/contrafold_train/1977.bpseq
[994/2888] 正在预测序列: 1978
  ✓ 完成: /home/bingxing2/home/scx7auf/Shihaoxuan/graduate/data/RE-datasetA/contrafold_train/1978.bpseq
[995/2888] 正在预测序列: 1979
  ✓ 完成: /home/bingxing2/home/scx7auf/Shihaoxuan/graduate/data/RE-datasetA/contrafold_train/1979.bpseq
[996/2888] 正在预测序列: 197
  ✓ 完成: /home/bingxing2/home/scx7auf/Shihaoxuan/graduate/data/RE-datasetA/contrafold_train/197.bpseq
[997/2888] 正在预测序列: 1980
  ✓ 完成: /home/bingxing2/home/scx7auf/Shihaoxuan/graduate/data/RE-datasetA/contrafold_train/1980.bpseq
[998/2888] 正在预测序列: 1981
  ✓ 完成: /home/bingxing2/home/scx7auf/Shihaoxuan/graduate/data/RE-datasetA/contrafold_train/1981.bpseq
[999/2888] 正在预测序列: 1982
  ✓ 完成: /home/bingxing2/home/scx7auf/Shihaoxuan/graduate/data/RE-datasetA/contrafold_train/1982.bpseq
[1000/2888] 正在预测序列: 1983
  ✓ 完成: /home/bingxing2/home/scx7auf/Shihaoxuan/graduate/data/RE-datasetA/contrafold_train/1983.bpseq
[1001/2888] 正在预测序列: 1984
  ✓ 完成: /home/bingxing2/home/scx7auf/Shihaoxuan/graduate/data/RE-datasetA/contrafold_train/1984.bpseq
[1002/2888] 正在预测序列: 1985
  ✓ 完成: /home/bingxing2/home/scx7auf/Shihaoxuan/graduate/data/RE-datasetA/contrafold_train/1985.bpseq
[1003/2888] 正在预测序列: 1986
  ✓ 完成: /home/bingxing2/home/scx7auf/Shihaoxuan/graduate/data/RE-datasetA/contrafold_train/1986.bpseq
[1004/2888] 正在预测序列: 1987
  ✓ 完成: /home/bingxing2/home/scx7auf/Shihaoxuan/graduate/data/RE-datasetA/contrafold_train/1987.bpseq
[1005/2888] 正在预测序列: 1988
  ✓ 完成: /home/bingxing2/home/scx7auf/Shihaoxuan/graduate/data/RE-datasetA/contrafold_train/1988.bpseq
[1006/2888] 正在预测序列: 1989
  ✓ 完成: /home/bingxing2/home/scx7auf/Shihaoxuan/graduate/data/RE-datasetA/contrafold_train/1989.bpseq
[1007/2888] 正在预测序列: 198
  ✓ 完成: /home/bingxing2/home/scx7auf/Shihaoxuan/graduate/data/RE-datasetA/contrafold_train/198.bpseq
[1008/2888] 正在预测序列: 1990
  ✓ 完成: /home/bingxing2/home/scx7auf/Shihaoxuan/graduate/data/RE-datasetA/contrafold_train/1990.bpseq
[1009/2888] 正在预测序列: 1991
  ✓ 完成: /home/bingxing2/home/scx7auf/Shihaoxuan/graduate/data/RE-datasetA/contrafold_train/1991.bpseq
[1010/2888] 正在预测序列: 1992
  ✓ 完成: /home/bingxing2/home/scx7auf/Shihaoxuan/graduate/data/RE-datasetA/contrafold_train/1992.bpseq
[1011/2888] 正在预测序列: 1993
  ✓ 完成: /home/bingxing2/home/scx7auf/Shihaoxuan/graduate/data/RE-datasetA/contrafold_train/1993.bpseq
[1012/2888] 正在预测序列: 1994
  ✓ 完成: /home/bingxing2/home/scx7auf/Shihaoxuan/graduate/data/RE-datasetA/contrafold_train/1994.bpseq
[1013/2888] 正在预测序列: 1995
  ✓ 完成: /home/bingxing2/home/scx7auf/Shihaoxuan/graduate/data/RE-datasetA/contrafold_train/1995.bpseq
[1014/2888] 正在预测序列: 1996
  ✓ 完成: /home/bingxing2/home/scx7auf/Shihaoxuan/graduate/data/RE-datasetA/contrafold_train/1996.bpseq
[1015/2888] 正在预测序列: 1997
  ✓ 完成: /home/bingxing2/home/scx7auf/Shihaoxuan/graduate/data/RE-datasetA/contrafold_train/1997.bpseq
[1016/2888] 正在预测序列: 1998
  ✓ 完成: /home/bingxing2/home/scx7auf/Shihaoxuan/graduate/data/RE-datasetA/contrafold_train/1998.bpseq
[1017/2888] 正在预测序列: 1999
  ✓ 完成: /home/bingxing2/home/scx7auf/Shihaoxuan/graduate/data/RE-datasetA/contrafold_train/1999.bpseq
[1018/2888] 正在预测序列: 199
  ✓ 完成: /home/bingxing2/home/scx7auf/Shihaoxuan/graduate/data/RE-datasetA/contrafold_train/199.bpseq
[1019/2888] 正在预测序列: 19
  ✓ 完成: /home/bingxing2/home/scx7auf/Shihaoxuan/graduate/data/RE-datasetA/contrafold_train/19.bpseq
[1020/2888] 正在预测序列: 1
  ✓ 完成: /home/bingxing2/home/scx7auf/Shihaoxuan/graduate/data/RE-datasetA/contrafold_train/1.bpseq
[1021/2888] 正在预测序列: 2000
  ✓ 完成: /home/bingxing2/home/scx7auf/Shihaoxuan/graduate/data/RE-datasetA/contrafold_train/2000.bpseq
[1022/2888] 正在预测序列: 2001
  ✓ 完成: /home/bingxing2/home/scx7auf/Shihaoxuan/graduate/data/RE-datasetA/contrafold_train/2001.bpseq
[1023/2888] 正在预测序列: 2002
  ✓ 完成: /home/bingxing2/home/scx7auf/Shihaoxuan/graduate/data/RE-datasetA/contrafold_train/2002.bpseq
[1024/2888] 正在预测序列: 2003
  ✓ 完成: /home/bingxing2/home/scx7auf/Shihaoxuan/graduate/data/RE-datasetA/contrafold_train/2003.bpseq
[1025/2888] 正在预测序列: 2004
  ✓ 完成: /home/bingxing2/home/scx7auf/Shihaoxuan/graduate/data/RE-datasetA/contrafold_train/2004.bpseq
[1026/2888] 正在预测序列: 2005
  ✓ 完成: /home/bingxing2/home/scx7auf/Shihaoxuan/graduate/data/RE-datasetA/contrafold_train/2005.bpseq
[1027/2888] 正在预测序列: 2006
  ✓ 完成: /home/bingxing2/home/scx7auf/Shihaoxuan/graduate/data/RE-datasetA/contrafold_train/2006.bpseq
[1028/2888] 正在预测序列: 2007
  ✓ 完成: /home/bingxing2/home/scx7auf/Shihaoxuan/graduate/data/RE-datasetA/contrafold_train/2007.bpseq
[1029/2888] 正在预测序列: 2008
  ✓ 完成: /home/bingxing2/home/scx7auf/Shihaoxuan/graduate/data/RE-datasetA/contrafold_train/2008.bpseq
[1030/2888] 正在预测序列: 2009
  ✓ 完成: /home/bingxing2/home/scx7auf/Shihaoxuan/graduate/data/RE-datasetA/contrafold_train/2009.bpseq
[1031/2888] 正在预测序列: 200
  ✓ 完成: /home/bingxing2/home/scx7auf/Shihaoxuan/graduate/data/RE-datasetA/contrafold_train/200.bpseq
[1032/2888] 正在预测序列: 2010
  ✓ 完成: /home/bingxing2/home/scx7auf/Shihaoxuan/graduate/data/RE-datasetA/contrafold_train/2010.bpseq
[1033/2888] 正在预测序列: 2011
  ✓ 完成: /home/bingxing2/home/scx7auf/Shihaoxuan/graduate/data/RE-datasetA/contrafold_train/2011.bpseq
[1034/2888] 正在预测序列: 2012
  ✓ 完成: /home/bingxing2/home/scx7auf/Shihaoxuan/graduate/data/RE-datasetA/contrafold_train/2012.bpseq
[1035/2888] 正在预测序列: 2013
  ✓ 完成: /home/bingxing2/home/scx7auf/Shihaoxuan/graduate/data/RE-datasetA/contrafold_train/2013.bpseq
[1036/2888] 正在预测序列: 2014
  ✓ 完成: /home/bingxing2/home/scx7auf/Shihaoxuan/graduate/data/RE-datasetA/contrafold_train/2014.bpseq
[1037/2888] 正在预测序列: 2015
  ✓ 完成: /home/bingxing2/home/scx7auf/Shihaoxuan/graduate/data/RE-datasetA/contrafold_train/2015.bpseq
[1038/2888] 正在预测序列: 2016
  ✓ 完成: /home/bingxing2/home/scx7auf/Shihaoxuan/graduate/data/RE-datasetA/contrafold_train/2016.bpseq
[1039/2888] 正在预测序列: 2017
  ✓ 完成: /home/bingxing2/home/scx7auf/Shihaoxuan/graduate/data/RE-datasetA/contrafold_train/2017.bpseq
[1040/2888] 正在预测序列: 2018
  ✓ 完成: /home/bingxing2/home/scx7auf/Shihaoxuan/graduate/data/RE-datasetA/contrafold_train/2018.bpseq
[1041/2888] 正在预测序列: 2019
  ✓ 完成: /home/bingxing2/home/scx7auf/Shihaoxuan/graduate/data/RE-datasetA/contrafold_train/2019.bpseq
[1042/2888] 正在预测序列: 201
  ✓ 完成: /home/bingxing2/home/scx7auf/Shihaoxuan/graduate/data/RE-datasetA/contrafold_train/201.bpseq
[1043/2888] 正在预测序列: 2020
  ✓ 完成: /home/bingxing2/home/scx7auf/Shihaoxuan/graduate/data/RE-datasetA/contrafold_train/2020.bpseq
[1044/2888] 正在预测序列: 2021
  ✓ 完成: /home/bingxing2/home/scx7auf/Shihaoxuan/graduate/data/RE-datasetA/contrafold_train/2021.bpseq
[1045/2888] 正在预测序列: 2022
  ✓ 完成: /home/bingxing2/home/scx7auf/Shihaoxuan/graduate/data/RE-datasetA/contrafold_train/2022.bpseq
[1046/2888] 正在预测序列: 2023
  ✓ 完成: /home/bingxing2/home/scx7auf/Shihaoxuan/graduate/data/RE-datasetA/contrafold_train/2023.bpseq
[1047/2888] 正在预测序列: 2024
  ✓ 完成: /home/bingxing2/home/scx7auf/Shihaoxuan/graduate/data/RE-datasetA/contrafold_train/2024.bpseq
[1048/2888] 正在预测序列: 2025
  ✓ 完成: /home/bingxing2/home/scx7auf/Shihaoxuan/graduate/data/RE-datasetA/contrafold_train/2025.bpseq
[1049/2888] 正在预测序列: 2026
  ✓ 完成: /home/bingxing2/home/scx7auf/Shihaoxuan/graduate/data/RE-datasetA/contrafold_train/2026.bpseq
[1050/2888] 正在预测序列: 2027
  ✓ 完成: /home/bingxing2/home/scx7auf/Shihaoxuan/graduate/data/RE-datasetA/contrafold_train/2027.bpseq
[1051/2888] 正在预测序列: 2028
  ✓ 完成: /home/bingxing2/home/scx7auf/Shihaoxuan/graduate/data/RE-datasetA/contrafold_train/2028.bpseq
[1052/2888] 正在预测序列: 2029
  ✓ 完成: /home/bingxing2/home/scx7auf/Shihaoxuan/graduate/data/RE-datasetA/contrafold_train/2029.bpseq
[1053/2888] 正在预测序列: 202
  ✓ 完成: /home/bingxing2/home/scx7auf/Shihaoxuan/graduate/data/RE-datasetA/contrafold_train/202.bpseq
[1054/2888] 正在预测序列: 2030
  ✓ 完成: /home/bingxing2/home/scx7auf/Shihaoxuan/graduate/data/RE-datasetA/contrafold_train/2030.bpseq
[1055/2888] 正在预测序列: 2031
  ✓ 完成: /home/bingxing2/home/scx7auf/Shihaoxuan/graduate/data/RE-datasetA/contrafold_train/2031.bpseq
[1056/2888] 正在预测序列: 2032
  ✓ 完成: /home/bingxing2/home/scx7auf/Shihaoxuan/graduate/data/RE-datasetA/contrafold_train/2032.bpseq
[1057/2888] 正在预测序列: 2033
  ✓ 完成: /home/bingxing2/home/scx7auf/Shihaoxuan/graduate/data/RE-datasetA/contrafold_train/2033.bpseq
[1058/2888] 正在预测序列: 2034
  ✓ 完成: /home/bingxing2/home/scx7auf/Shihaoxuan/graduate/data/RE-datasetA/contrafold_train/2034.bpseq
[1059/2888] 正在预测序列: 2035
  ✓ 完成: /home/bingxing2/home/scx7auf/Shihaoxuan/graduate/data/RE-datasetA/contrafold_train/2035.bpseq
[1060/2888] 正在预测序列: 2036
  ✓ 完成: /home/bingxing2/home/scx7auf/Shihaoxuan/graduate/data/RE-datasetA/contrafold_train/2036.bpseq
[1061/2888] 正在预测序列: 2037
  ✓ 完成: /home/bingxing2/home/scx7auf/Shihaoxuan/graduate/data/RE-datasetA/contrafold_train/2037.bpseq
[1062/2888] 正在预测序列: 2038
  ✓ 完成: /home/bingxing2/home/scx7auf/Shihaoxuan/graduate/data/RE-datasetA/contrafold_train/2038.bpseq
[1063/2888] 正在预测序列: 2039
  ✓ 完成: /home/bingxing2/home/scx7auf/Shihaoxuan/graduate/data/RE-datasetA/contrafold_train/2039.bpseq
[1064/2888] 正在预测序列: 203
  ✓ 完成: /home/bingxing2/home/scx7auf/Shihaoxuan/graduate/data/RE-datasetA/contrafold_train/203.bpseq
[1065/2888] 正在预测序列: 2040
  ✓ 完成: /home/bingxing2/home/scx7auf/Shihaoxuan/graduate/data/RE-datasetA/contrafold_train/2040.bpseq
[1066/2888] 正在预测序列: 2041
  ✓ 完成: /home/bingxing2/home/scx7auf/Shihaoxuan/graduate/data/RE-datasetA/contrafold_train/2041.bpseq
[1067/2888] 正在预测序列: 2042
  ✓ 完成: /home/bingxing2/home/scx7auf/Shihaoxuan/graduate/data/RE-datasetA/contrafold_train/2042.bpseq
[1068/2888] 正在预测序列: 2043
  ✓ 完成: /home/bingxing2/home/scx7auf/Shihaoxuan/graduate/data/RE-datasetA/contrafold_train/2043.bpseq
[1069/2888] 正在预测序列: 2044
  ✓ 完成: /home/bingxing2/home/scx7auf/Shihaoxuan/graduate/data/RE-datasetA/contrafold_train/2044.bpseq
[1070/2888] 正在预测序列: 2045
  ✓ 完成: /home/bingxing2/home/scx7auf/Shihaoxuan/graduate/data/RE-datasetA/contrafold_train/2045.bpseq
[1071/2888] 正在预测序列: 2046
  ✓ 完成: /home/bingxing2/home/scx7auf/Shihaoxuan/graduate/data/RE-datasetA/contrafold_train/2046.bpseq
[1072/2888] 正在预测序列: 2047
  ✓ 完成: /home/bingxing2/home/scx7auf/Shihaoxuan/graduate/data/RE-datasetA/contrafold_train/2047.bpseq
[1073/2888] 正在预测序列: 2048
  ✓ 完成: /home/bingxing2/home/scx7auf/Shihaoxuan/graduate/data/RE-datasetA/contrafold_train/2048.bpseq
[1074/2888] 正在预测序列: 2049
  ✓ 完成: /home/bingxing2/home/scx7auf/Shihaoxuan/graduate/data/RE-datasetA/contrafold_train/2049.bpseq
[1075/2888] 正在预测序列: 204
  ✓ 完成: /home/bingxing2/home/scx7auf/Shihaoxuan/graduate/data/RE-datasetA/contrafold_train/204.bpseq
[1076/2888] 正在预测序列: 2050
  ✓ 完成: /home/bingxing2/home/scx7auf/Shihaoxuan/graduate/data/RE-datasetA/contrafold_train/2050.bpseq
[1077/2888] 正在预测序列: 2051
  ✓ 完成: /home/bingxing2/home/scx7auf/Shihaoxuan/graduate/data/RE-datasetA/contrafold_train/2051.bpseq
[1078/2888] 正在预测序列: 2052
  ✓ 完成: /home/bingxing2/home/scx7auf/Shihaoxuan/graduate/data/RE-datasetA/contrafold_train/2052.bpseq
[1079/2888] 正在预测序列: 2053
  ✓ 完成: /home/bingxing2/home/scx7auf/Shihaoxuan/graduate/data/RE-datasetA/contrafold_train/2053.bpseq
[1080/2888] 正在预测序列: 2054
  ✓ 完成: /home/bingxing2/home/scx7auf/Shihaoxuan/graduate/data/RE-datasetA/contrafold_train/2054.bpseq
[1081/2888] 正在预测序列: 2055
  ✓ 完成: /home/bingxing2/home/scx7auf/Shihaoxuan/graduate/data/RE-datasetA/contrafold_train/2055.bpseq
[1082/2888] 正在预测序列: 2056
  ✓ 完成: /home/bingxing2/home/scx7auf/Shihaoxuan/graduate/data/RE-datasetA/contrafold_train/2056.bpseq
[1083/2888] 正在预测序列: 2057
  ✓ 完成: /home/bingxing2/home/scx7auf/Shihaoxuan/graduate/data/RE-datasetA/contrafold_train/2057.bpseq
[1084/2888] 正在预测序列: 2058
  ✓ 完成: /home/bingxing2/home/scx7auf/Shihaoxuan/graduate/data/RE-datasetA/contrafold_train/2058.bpseq
[1085/2888] 正在预测序列: 2059
  ✓ 完成: /home/bingxing2/home/scx7auf/Shihaoxuan/graduate/data/RE-datasetA/contrafold_train/2059.bpseq
[1086/2888] 正在预测序列: 205
  ✓ 完成: /home/bingxing2/home/scx7auf/Shihaoxuan/graduate/data/RE-datasetA/contrafold_train/205.bpseq
[1087/2888] 正在预测序列: 2060
  ✓ 完成: /home/bingxing2/home/scx7auf/Shihaoxuan/graduate/data/RE-datasetA/contrafold_train/2060.bpseq
[1088/2888] 正在预测序列: 2061
  ✓ 完成: /home/bingxing2/home/scx7auf/Shihaoxuan/graduate/data/RE-datasetA/contrafold_train/2061.bpseq
[1089/2888] 正在预测序列: 2062
  ✓ 完成: /home/bingxing2/home/scx7auf/Shihaoxuan/graduate/data/RE-datasetA/contrafold_train/2062.bpseq
[1090/2888] 正在预测序列: 2063
  ✓ 完成: /home/bingxing2/home/scx7auf/Shihaoxuan/graduate/data/RE-datasetA/contrafold_train/2063.bpseq
[1091/2888] 正在预测序列: 2064
  ✓ 完成: /home/bingxing2/home/scx7auf/Shihaoxuan/graduate/data/RE-datasetA/contrafold_train/2064.bpseq
[1092/2888] 正在预测序列: 2065
  ✓ 完成: /home/bingxing2/home/scx7auf/Shihaoxuan/graduate/data/RE-datasetA/contrafold_train/2065.bpseq
[1093/2888] 正在预测序列: 2066
  ✓ 完成: /home/bingxing2/home/scx7auf/Shihaoxuan/graduate/data/RE-datasetA/contrafold_train/2066.bpseq
[1094/2888] 正在预测序列: 2067
  ✓ 完成: /home/bingxing2/home/scx7auf/Shihaoxuan/graduate/data/RE-datasetA/contrafold_train/2067.bpseq
[1095/2888] 正在预测序列: 2068
  ✓ 完成: /home/bingxing2/home/scx7auf/Shihaoxuan/graduate/data/RE-datasetA/contrafold_train/2068.bpseq
[1096/2888] 正在预测序列: 2069
  ✓ 完成: /home/bingxing2/home/scx7auf/Shihaoxuan/graduate/data/RE-datasetA/contrafold_train/2069.bpseq
[1097/2888] 正在预测序列: 206
  ✓ 完成: /home/bingxing2/home/scx7auf/Shihaoxuan/graduate/data/RE-datasetA/contrafold_train/206.bpseq
[1098/2888] 正在预测序列: 2070
  ✓ 完成: /home/bingxing2/home/scx7auf/Shihaoxuan/graduate/data/RE-datasetA/contrafold_train/2070.bpseq
[1099/2888] 正在预测序列: 2071
  ✓ 完成: /home/bingxing2/home/scx7auf/Shihaoxuan/graduate/data/RE-datasetA/contrafold_train/2071.bpseq
[1100/2888] 正在预测序列: 2072
  ✓ 完成: /home/bingxing2/home/scx7auf/Shihaoxuan/graduate/data/RE-datasetA/contrafold_train/2072.bpseq
[1101/2888] 正在预测序列: 2073
  ✓ 完成: /home/bingxing2/home/scx7auf/Shihaoxuan/graduate/data/RE-datasetA/contrafold_train/2073.bpseq
[1102/2888] 正在预测序列: 2074
  ✓ 完成: /home/bingxing2/home/scx7auf/Shihaoxuan/graduate/data/RE-datasetA/contrafold_train/2074.bpseq
[1103/2888] 正在预测序列: 2075
  ✓ 完成: /home/bingxing2/home/scx7auf/Shihaoxuan/graduate/data/RE-datasetA/contrafold_train/2075.bpseq
[1104/2888] 正在预测序列: 2076
  ✓ 完成: /home/bingxing2/home/scx7auf/Shihaoxuan/graduate/data/RE-datasetA/contrafold_train/2076.bpseq
[1105/2888] 正在预测序列: 2077
  ✓ 完成: /home/bingxing2/home/scx7auf/Shihaoxuan/graduate/data/RE-datasetA/contrafold_train/2077.bpseq
[1106/2888] 正在预测序列: 2078
  ✓ 完成: /home/bingxing2/home/scx7auf/Shihaoxuan/graduate/data/RE-datasetA/contrafold_train/2078.bpseq
[1107/2888] 正在预测序列: 2079
  ✓ 完成: /home/bingxing2/home/scx7auf/Shihaoxuan/graduate/data/RE-datasetA/contrafold_train/2079.bpseq
[1108/2888] 正在预测序列: 207
  ✓ 完成: /home/bingxing2/home/scx7auf/Shihaoxuan/graduate/data/RE-datasetA/contrafold_train/207.bpseq
[1109/2888] 正在预测序列: 2080
  ✓ 完成: /home/bingxing2/home/scx7auf/Shihaoxuan/graduate/data/RE-datasetA/contrafold_train/2080.bpseq
[1110/2888] 正在预测序列: 2081
  ✓ 完成: /home/bingxing2/home/scx7auf/Shihaoxuan/graduate/data/RE-datasetA/contrafold_train/2081.bpseq
[1111/2888] 正在预测序列: 2082
  ✓ 完成: /home/bingxing2/home/scx7auf/Shihaoxuan/graduate/data/RE-datasetA/contrafold_train/2082.bpseq
[1112/2888] 正在预测序列: 2083
  ✓ 完成: /home/bingxing2/home/scx7auf/Shihaoxuan/graduate/data/RE-datasetA/contrafold_train/2083.bpseq
[1113/2888] 正在预测序列: 2084
  ✓ 完成: /home/bingxing2/home/scx7auf/Shihaoxuan/graduate/data/RE-datasetA/contrafold_train/2084.bpseq
[1114/2888] 正在预测序列: 2086
  ✓ 完成: /home/bingxing2/home/scx7auf/Shihaoxuan/graduate/data/RE-datasetA/contrafold_train/2086.bpseq
[1115/2888] 正在预测序列: 2087
  ✓ 完成: /home/bingxing2/home/scx7auf/Shihaoxuan/graduate/data/RE-datasetA/contrafold_train/2087.bpseq
[1116/2888] 正在预测序列: 2088
  ✓ 完成: /home/bingxing2/home/scx7auf/Shihaoxuan/graduate/data/RE-datasetA/contrafold_train/2088.bpseq
[1117/2888] 正在预测序列: 2089
  ✓ 完成: /home/bingxing2/home/scx7auf/Shihaoxuan/graduate/data/RE-datasetA/contrafold_train/2089.bpseq
[1118/2888] 正在预测序列: 208
  ✓ 完成: /home/bingxing2/home/scx7auf/Shihaoxuan/graduate/data/RE-datasetA/contrafold_train/208.bpseq
[1119/2888] 正在预测序列: 2090
  ✓ 完成: /home/bingxing2/home/scx7auf/Shihaoxuan/graduate/data/RE-datasetA/contrafold_train/2090.bpseq
[1120/2888] 正在预测序列: 2091
  ✓ 完成: /home/bingxing2/home/scx7auf/Shihaoxuan/graduate/data/RE-datasetA/contrafold_train/2091.bpseq
[1121/2888] 正在预测序列: 2092
  ✓ 完成: /home/bingxing2/home/scx7auf/Shihaoxuan/graduate/data/RE-datasetA/contrafold_train/2092.bpseq
[1122/2888] 正在预测序列: 2093
  ✓ 完成: /home/bingxing2/home/scx7auf/Shihaoxuan/graduate/data/RE-datasetA/contrafold_train/2093.bpseq
[1123/2888] 正在预测序列: 2094
  ✓ 完成: /home/bingxing2/home/scx7auf/Shihaoxuan/graduate/data/RE-datasetA/contrafold_train/2094.bpseq
[1124/2888] 正在预测序列: 2095
  ✓ 完成: /home/bingxing2/home/scx7auf/Shihaoxuan/graduate/data/RE-datasetA/contrafold_train/2095.bpseq
[1125/2888] 正在预测序列: 2096
  ✓ 完成: /home/bingxing2/home/scx7auf/Shihaoxuan/graduate/data/RE-datasetA/contrafold_train/2096.bpseq
[1126/2888] 正在预测序列: 2097
  ✓ 完成: /home/bingxing2/home/scx7auf/Shihaoxuan/graduate/data/RE-datasetA/contrafold_train/2097.bpseq
[1127/2888] 正在预测序列: 2098
  ✓ 完成: /home/bingxing2/home/scx7auf/Shihaoxuan/graduate/data/RE-datasetA/contrafold_train/2098.bpseq
[1128/2888] 正在预测序列: 2099
  ✓ 完成: /home/bingxing2/home/scx7auf/Shihaoxuan/graduate/data/RE-datasetA/contrafold_train/2099.bpseq
[1129/2888] 正在预测序列: 209
  ✓ 完成: /home/bingxing2/home/scx7auf/Shihaoxuan/graduate/data/RE-datasetA/contrafold_train/209.bpseq
[1130/2888] 正在预测序列: 20
  ✓ 完成: /home/bingxing2/home/scx7auf/Shihaoxuan/graduate/data/RE-datasetA/contrafold_train/20.bpseq
[1131/2888] 正在预测序列: 2100
  ✓ 完成: /home/bingxing2/home/scx7auf/Shihaoxuan/graduate/data/RE-datasetA/contrafold_train/2100.bpseq
[1132/2888] 正在预测序列: 2101
  ✓ 完成: /home/bingxing2/home/scx7auf/Shihaoxuan/graduate/data/RE-datasetA/contrafold_train/2101.bpseq
[1133/2888] 正在预测序列: 2102
  ✓ 完成: /home/bingxing2/home/scx7auf/Shihaoxuan/graduate/data/RE-datasetA/contrafold_train/2102.bpseq
[1134/2888] 正在预测序列: 2103
  ✓ 完成: /home/bingxing2/home/scx7auf/Shihaoxuan/graduate/data/RE-datasetA/contrafold_train/2103.bpseq
[1135/2888] 正在预测序列: 2104
  ✓ 完成: /home/bingxing2/home/scx7auf/Shihaoxuan/graduate/data/RE-datasetA/contrafold_train/2104.bpseq
[1136/2888] 正在预测序列: 2105
  ✓ 完成: /home/bingxing2/home/scx7auf/Shihaoxuan/graduate/data/RE-datasetA/contrafold_train/2105.bpseq
[1137/2888] 正在预测序列: 2106
  ✓ 完成: /home/bingxing2/home/scx7auf/Shihaoxuan/graduate/data/RE-datasetA/contrafold_train/2106.bpseq
[1138/2888] 正在预测序列: 2107
  ✓ 完成: /home/bingxing2/home/scx7auf/Shihaoxuan/graduate/data/RE-datasetA/contrafold_train/2107.bpseq
[1139/2888] 正在预测序列: 2108
  ✓ 完成: /home/bingxing2/home/scx7auf/Shihaoxuan/graduate/data/RE-datasetA/contrafold_train/2108.bpseq
[1140/2888] 正在预测序列: 2109
  ✓ 完成: /home/bingxing2/home/scx7auf/Shihaoxuan/graduate/data/RE-datasetA/contrafold_train/2109.bpseq
[1141/2888] 正在预测序列: 210
  ✓ 完成: /home/bingxing2/home/scx7auf/Shihaoxuan/graduate/data/RE-datasetA/contrafold_train/210.bpseq
[1142/2888] 正在预测序列: 2110
  ✓ 完成: /home/bingxing2/home/scx7auf/Shihaoxuan/graduate/data/RE-datasetA/contrafold_train/2110.bpseq
[1143/2888] 正在预测序列: 2111
  ✓ 完成: /home/bingxing2/home/scx7auf/Shihaoxuan/graduate/data/RE-datasetA/contrafold_train/2111.bpseq
[1144/2888] 正在预测序列: 2112
  ✓ 完成: /home/bingxing2/home/scx7auf/Shihaoxuan/graduate/data/RE-datasetA/contrafold_train/2112.bpseq
[1145/2888] 正在预测序列: 2113
  ✓ 完成: /home/bingxing2/home/scx7auf/Shihaoxuan/graduate/data/RE-datasetA/contrafold_train/2113.bpseq
[1146/2888] 正在预测序列: 2114
  ✓ 完成: /home/bingxing2/home/scx7auf/Shihaoxuan/graduate/data/RE-datasetA/contrafold_train/2114.bpseq
[1147/2888] 正在预测序列: 2115
  ✓ 完成: /home/bingxing2/home/scx7auf/Shihaoxuan/graduate/data/RE-datasetA/contrafold_train/2115.bpseq
[1148/2888] 正在预测序列: 2116
  ✓ 完成: /home/bingxing2/home/scx7auf/Shihaoxuan/graduate/data/RE-datasetA/contrafold_train/2116.bpseq
[1149/2888] 正在预测序列: 2117
  ✓ 完成: /home/bingxing2/home/scx7auf/Shihaoxuan/graduate/data/RE-datasetA/contrafold_train/2117.bpseq
[1150/2888] 正在预测序列: 2118
  ✓ 完成: /home/bingxing2/home/scx7auf/Shihaoxuan/graduate/data/RE-datasetA/contrafold_train/2118.bpseq
[1151/2888] 正在预测序列: 2119
  ✓ 完成: /home/bingxing2/home/scx7auf/Shihaoxuan/graduate/data/RE-datasetA/contrafold_train/2119.bpseq
[1152/2888] 正在预测序列: 211
  ✓ 完成: /home/bingxing2/home/scx7auf/Shihaoxuan/graduate/data/RE-datasetA/contrafold_train/211.bpseq
[1153/2888] 正在预测序列: 2120
  ✓ 完成: /home/bingxing2/home/scx7auf/Shihaoxuan/graduate/data/RE-datasetA/contrafold_train/2120.bpseq
[1154/2888] 正在预测序列: 2121
  ✓ 完成: /home/bingxing2/home/scx7auf/Shihaoxuan/graduate/data/RE-datasetA/contrafold_train/2121.bpseq
[1155/2888] 正在预测序列: 2122
  ✓ 完成: /home/bingxing2/home/scx7auf/Shihaoxuan/graduate/data/RE-datasetA/contrafold_train/2122.bpseq
[1156/2888] 正在预测序列: 2123
  ✓ 完成: /home/bingxing2/home/scx7auf/Shihaoxuan/graduate/data/RE-datasetA/contrafold_train/2123.bpseq
[1157/2888] 正在预测序列: 2124
  ✓ 完成: /home/bingxing2/home/scx7auf/Shihaoxuan/graduate/data/RE-datasetA/contrafold_train/2124.bpseq
[1158/2888] 正在预测序列: 2125
  ✓ 完成: /home/bingxing2/home/scx7auf/Shihaoxuan/graduate/data/RE-datasetA/contrafold_train/2125.bpseq
[1159/2888] 正在预测序列: 2126
  ✓ 完成: /home/bingxing2/home/scx7auf/Shihaoxuan/graduate/data/RE-datasetA/contrafold_train/2126.bpseq
[1160/2888] 正在预测序列: 2127
  ✓ 完成: /home/bingxing2/home/scx7auf/Shihaoxuan/graduate/data/RE-datasetA/contrafold_train/2127.bpseq
[1161/2888] 正在预测序列: 2128
  ✓ 完成: /home/bingxing2/home/scx7auf/Shihaoxuan/graduate/data/RE-datasetA/contrafold_train/2128.bpseq
[1162/2888] 正在预测序列: 2129
  ✓ 完成: /home/bingxing2/home/scx7auf/Shihaoxuan/graduate/data/RE-datasetA/contrafold_train/2129.bpseq
[1163/2888] 正在预测序列: 212
  ✓ 完成: /home/bingxing2/home/scx7auf/Shihaoxuan/graduate/data/RE-datasetA/contrafold_train/212.bpseq
[1164/2888] 正在预测序列: 2130
  ✓ 完成: /home/bingxing2/home/scx7auf/Shihaoxuan/graduate/data/RE-datasetA/contrafold_train/2130.bpseq
[1165/2888] 正在预测序列: 2131
  ✓ 完成: /home/bingxing2/home/scx7auf/Shihaoxuan/graduate/data/RE-datasetA/contrafold_train/2131.bpseq
[1166/2888] 正在预测序列: 2132
  ✓ 完成: /home/bingxing2/home/scx7auf/Shihaoxuan/graduate/data/RE-datasetA/contrafold_train/2132.bpseq
[1167/2888] 正在预测序列: 2133
  ✓ 完成: /home/bingxing2/home/scx7auf/Shihaoxuan/graduate/data/RE-datasetA/contrafold_train/2133.bpseq
[1168/2888] 正在预测序列: 2134
  ✓ 完成: /home/bingxing2/home/scx7auf/Shihaoxuan/graduate/data/RE-datasetA/contrafold_train/2134.bpseq
[1169/2888] 正在预测序列: 2135
  ✓ 完成: /home/bingxing2/home/scx7auf/Shihaoxuan/graduate/data/RE-datasetA/contrafold_train/2135.bpseq
[1170/2888] 正在预测序列: 2136
  ✓ 完成: /home/bingxing2/home/scx7auf/Shihaoxuan/graduate/data/RE-datasetA/contrafold_train/2136.bpseq
[1171/2888] 正在预测序列: 2137
  ✓ 完成: /home/bingxing2/home/scx7auf/Shihaoxuan/graduate/data/RE-datasetA/contrafold_train/2137.bpseq
[1172/2888] 正在预测序列: 2138
  ✓ 完成: /home/bingxing2/home/scx7auf/Shihaoxuan/graduate/data/RE-datasetA/contrafold_train/2138.bpseq
[1173/2888] 正在预测序列: 2139
  ✓ 完成: /home/bingxing2/home/scx7auf/Shihaoxuan/graduate/data/RE-datasetA/contrafold_train/2139.bpseq
[1174/2888] 正在预测序列: 213
  ✓ 完成: /home/bingxing2/home/scx7auf/Shihaoxuan/graduate/data/RE-datasetA/contrafold_train/213.bpseq
[1175/2888] 正在预测序列: 2140
  ✓ 完成: /home/bingxing2/home/scx7auf/Shihaoxuan/graduate/data/RE-datasetA/contrafold_train/2140.bpseq
[1176/2888] 正在预测序列: 2141
  ✓ 完成: /home/bingxing2/home/scx7auf/Shihaoxuan/graduate/data/RE-datasetA/contrafold_train/2141.bpseq
[1177/2888] 正在预测序列: 2142
  ✓ 完成: /home/bingxing2/home/scx7auf/Shihaoxuan/graduate/data/RE-datasetA/contrafold_train/2142.bpseq
[1178/2888] 正在预测序列: 2143
  ✓ 完成: /home/bingxing2/home/scx7auf/Shihaoxuan/graduate/data/RE-datasetA/contrafold_train/2143.bpseq
[1179/2888] 正在预测序列: 2144
  ✓ 完成: /home/bingxing2/home/scx7auf/Shihaoxuan/graduate/data/RE-datasetA/contrafold_train/2144.bpseq
[1180/2888] 正在预测序列: 2145
  ✓ 完成: /home/bingxing2/home/scx7auf/Shihaoxuan/graduate/data/RE-datasetA/contrafold_train/2145.bpseq
[1181/2888] 正在预测序列: 2146
  ✓ 完成: /home/bingxing2/home/scx7auf/Shihaoxuan/graduate/data/RE-datasetA/contrafold_train/2146.bpseq
[1182/2888] 正在预测序列: 2147
  ✓ 完成: /home/bingxing2/home/scx7auf/Shihaoxuan/graduate/data/RE-datasetA/contrafold_train/2147.bpseq
[1183/2888] 正在预测序列: 2148
  ✓ 完成: /home/bingxing2/home/scx7auf/Shihaoxuan/graduate/data/RE-datasetA/contrafold_train/2148.bpseq
[1184/2888] 正在预测序列: 214
  ✓ 完成: /home/bingxing2/home/scx7auf/Shihaoxuan/graduate/data/RE-datasetA/contrafold_train/214.bpseq
[1185/2888] 正在预测序列: 2150
  ✓ 完成: /home/bingxing2/home/scx7auf/Shihaoxuan/graduate/data/RE-datasetA/contrafold_train/2150.bpseq
[1186/2888] 正在预测序列: 2151
  ✓ 完成: /home/bingxing2/home/scx7auf/Shihaoxuan/graduate/data/RE-datasetA/contrafold_train/2151.bpseq
[1187/2888] 正在预测序列: 2152
  ✓ 完成: /home/bingxing2/home/scx7auf/Shihaoxuan/graduate/data/RE-datasetA/contrafold_train/2152.bpseq
[1188/2888] 正在预测序列: 2153
  ✓ 完成: /home/bingxing2/home/scx7auf/Shihaoxuan/graduate/data/RE-datasetA/contrafold_train/2153.bpseq
[1189/2888] 正在预测序列: 2154
  ✓ 完成: /home/bingxing2/home/scx7auf/Shihaoxuan/graduate/data/RE-datasetA/contrafold_train/2154.bpseq
[1190/2888] 正在预测序列: 2155
  ✓ 完成: /home/bingxing2/home/scx7auf/Shihaoxuan/graduate/data/RE-datasetA/contrafold_train/2155.bpseq
[1191/2888] 正在预测序列: 2156
  ✓ 完成: /home/bingxing2/home/scx7auf/Shihaoxuan/graduate/data/RE-datasetA/contrafold_train/2156.bpseq
[1192/2888] 正在预测序列: 2157
  ✓ 完成: /home/bingxing2/home/scx7auf/Shihaoxuan/graduate/data/RE-datasetA/contrafold_train/2157.bpseq
[1193/2888] 正在预测序列: 2158
  ✓ 完成: /home/bingxing2/home/scx7auf/Shihaoxuan/graduate/data/RE-datasetA/contrafold_train/2158.bpseq
[1194/2888] 正在预测序列: 2159
  ✓ 完成: /home/bingxing2/home/scx7auf/Shihaoxuan/graduate/data/RE-datasetA/contrafold_train/2159.bpseq
[1195/2888] 正在预测序列: 215
  ✓ 完成: /home/bingxing2/home/scx7auf/Shihaoxuan/graduate/data/RE-datasetA/contrafold_train/215.bpseq
[1196/2888] 正在预测序列: 2160
  ✓ 完成: /home/bingxing2/home/scx7auf/Shihaoxuan/graduate/data/RE-datasetA/contrafold_train/2160.bpseq
[1197/2888] 正在预测序列: 2161
  ✓ 完成: /home/bingxing2/home/scx7auf/Shihaoxuan/graduate/data/RE-datasetA/contrafold_train/2161.bpseq
[1198/2888] 正在预测序列: 2162
  ✓ 完成: /home/bingxing2/home/scx7auf/Shihaoxuan/graduate/data/RE-datasetA/contrafold_train/2162.bpseq
[1199/2888] 正在预测序列: 2163
  ✓ 完成: /home/bingxing2/home/scx7auf/Shihaoxuan/graduate/data/RE-datasetA/contrafold_train/2163.bpseq
[1200/2888] 正在预测序列: 2164
  ✓ 完成: /home/bingxing2/home/scx7auf/Shihaoxuan/graduate/data/RE-datasetA/contrafold_train/2164.bpseq
[1201/2888] 正在预测序列: 2165
  ✓ 完成: /home/bingxing2/home/scx7auf/Shihaoxuan/graduate/data/RE-datasetA/contrafold_train/2165.bpseq
[1202/2888] 正在预测序列: 2166
  ✓ 完成: /home/bingxing2/home/scx7auf/Shihaoxuan/graduate/data/RE-datasetA/contrafold_train/2166.bpseq
[1203/2888] 正在预测序列: 2167
  ✓ 完成: /home/bingxing2/home/scx7auf/Shihaoxuan/graduate/data/RE-datasetA/contrafold_train/2167.bpseq
[1204/2888] 正在预测序列: 2168
  ✓ 完成: /home/bingxing2/home/scx7auf/Shihaoxuan/graduate/data/RE-datasetA/contrafold_train/2168.bpseq
[1205/2888] 正在预测序列: 2169
  ✓ 完成: /home/bingxing2/home/scx7auf/Shihaoxuan/graduate/data/RE-datasetA/contrafold_train/2169.bpseq
[1206/2888] 正在预测序列: 216
  ✓ 完成: /home/bingxing2/home/scx7auf/Shihaoxuan/graduate/data/RE-datasetA/contrafold_train/216.bpseq
[1207/2888] 正在预测序列: 2170
  ✓ 完成: /home/bingxing2/home/scx7auf/Shihaoxuan/graduate/data/RE-datasetA/contrafold_train/2170.bpseq
[1208/2888] 正在预测序列: 2171
  ✓ 完成: /home/bingxing2/home/scx7auf/Shihaoxuan/graduate/data/RE-datasetA/contrafold_train/2171.bpseq
[1209/2888] 正在预测序列: 2172
  ✓ 完成: /home/bingxing2/home/scx7auf/Shihaoxuan/graduate/data/RE-datasetA/contrafold_train/2172.bpseq
[1210/2888] 正在预测序列: 2173
  ✓ 完成: /home/bingxing2/home/scx7auf/Shihaoxuan/graduate/data/RE-datasetA/contrafold_train/2173.bpseq
[1211/2888] 正在预测序列: 2174
  ✓ 完成: /home/bingxing2/home/scx7auf/Shihaoxuan/graduate/data/RE-datasetA/contrafold_train/2174.bpseq
[1212/2888] 正在预测序列: 2175
  ✓ 完成: /home/bingxing2/home/scx7auf/Shihaoxuan/graduate/data/RE-datasetA/contrafold_train/2175.bpseq
[1213/2888] 正在预测序列: 2176
  ✓ 完成: /home/bingxing2/home/scx7auf/Shihaoxuan/graduate/data/RE-datasetA/contrafold_train/2176.bpseq
[1214/2888] 正在预测序列: 2177
  ✓ 完成: /home/bingxing2/home/scx7auf/Shihaoxuan/graduate/data/RE-datasetA/contrafold_train/2177.bpseq
[1215/2888] 正在预测序列: 2178
  ✓ 完成: /home/bingxing2/home/scx7auf/Shihaoxuan/graduate/data/RE-datasetA/contrafold_train/2178.bpseq
[1216/2888] 正在预测序列: 2179
  ✓ 完成: /home/bingxing2/home/scx7auf/Shihaoxuan/graduate/data/RE-datasetA/contrafold_train/2179.bpseq
[1217/2888] 正在预测序列: 217
  ✓ 完成: /home/bingxing2/home/scx7auf/Shihaoxuan/graduate/data/RE-datasetA/contrafold_train/217.bpseq
[1218/2888] 正在预测序列: 2180
  ✓ 完成: /home/bingxing2/home/scx7auf/Shihaoxuan/graduate/data/RE-datasetA/contrafold_train/2180.bpseq
[1219/2888] 正在预测序列: 2181
  ✓ 完成: /home/bingxing2/home/scx7auf/Shihaoxuan/graduate/data/RE-datasetA/contrafold_train/2181.bpseq
[1220/2888] 正在预测序列: 2182
  ✓ 完成: /home/bingxing2/home/scx7auf/Shihaoxuan/graduate/data/RE-datasetA/contrafold_train/2182.bpseq
[1221/2888] 正在预测序列: 2183
  ✓ 完成: /home/bingxing2/home/scx7auf/Shihaoxuan/graduate/data/RE-datasetA/contrafold_train/2183.bpseq
[1222/2888] 正在预测序列: 2184
  ✓ 完成: /home/bingxing2/home/scx7auf/Shihaoxuan/graduate/data/RE-datasetA/contrafold_train/2184.bpseq
[1223/2888] 正在预测序列: 2185
  ✓ 完成: /home/bingxing2/home/scx7auf/Shihaoxuan/graduate/data/RE-datasetA/contrafold_train/2185.bpseq
[1224/2888] 正在预测序列: 2186
  ✓ 完成: /home/bingxing2/home/scx7auf/Shihaoxuan/graduate/data/RE-datasetA/contrafold_train/2186.bpseq
[1225/2888] 正在预测序列: 2187
  ✓ 完成: /home/bingxing2/home/scx7auf/Shihaoxuan/graduate/data/RE-datasetA/contrafold_train/2187.bpseq
[1226/2888] 正在预测序列: 2188
  ✓ 完成: /home/bingxing2/home/scx7auf/Shihaoxuan/graduate/data/RE-datasetA/contrafold_train/2188.bpseq
[1227/2888] 正在预测序列: 2189
  ✓ 完成: /home/bingxing2/home/scx7auf/Shihaoxuan/graduate/data/RE-datasetA/contrafold_train/2189.bpseq
[1228/2888] 正在预测序列: 218
  ✓ 完成: /home/bingxing2/home/scx7auf/Shihaoxuan/graduate/data/RE-datasetA/contrafold_train/218.bpseq
[1229/2888] 正在预测序列: 2190
  ✓ 完成: /home/bingxing2/home/scx7auf/Shihaoxuan/graduate/data/RE-datasetA/contrafold_train/2190.bpseq
[1230/2888] 正在预测序列: 2191
  ✓ 完成: /home/bingxing2/home/scx7auf/Shihaoxuan/graduate/data/RE-datasetA/contrafold_train/2191.bpseq
[1231/2888] 正在预测序列: 2192
  ✓ 完成: /home/bingxing2/home/scx7auf/Shihaoxuan/graduate/data/RE-datasetA/contrafold_train/2192.bpseq
[1232/2888] 正在预测序列: 2193
  ✓ 完成: /home/bingxing2/home/scx7auf/Shihaoxuan/graduate/data/RE-datasetA/contrafold_train/2193.bpseq
[1233/2888] 正在预测序列: 2194
  ✓ 完成: /home/bingxing2/home/scx7auf/Shihaoxuan/graduate/data/RE-datasetA/contrafold_train/2194.bpseq
[1234/2888] 正在预测序列: 2195
  ✓ 完成: /home/bingxing2/home/scx7auf/Shihaoxuan/graduate/data/RE-datasetA/contrafold_train/2195.bpseq
[1235/2888] 正在预测序列: 2196
  ✓ 完成: /home/bingxing2/home/scx7auf/Shihaoxuan/graduate/data/RE-datasetA/contrafold_train/2196.bpseq
[1236/2888] 正在预测序列: 2197
  ✓ 完成: /home/bingxing2/home/scx7auf/Shihaoxuan/graduate/data/RE-datasetA/contrafold_train/2197.bpseq
[1237/2888] 正在预测序列: 2198
  ✓ 完成: /home/bingxing2/home/scx7auf/Shihaoxuan/graduate/data/RE-datasetA/contrafold_train/2198.bpseq
[1238/2888] 正在预测序列: 2199
  ✓ 完成: /home/bingxing2/home/scx7auf/Shihaoxuan/graduate/data/RE-datasetA/contrafold_train/2199.bpseq
[1239/2888] 正在预测序列: 219
  ✓ 完成: /home/bingxing2/home/scx7auf/Shihaoxuan/graduate/data/RE-datasetA/contrafold_train/219.bpseq
[1240/2888] 正在预测序列: 21
  ✓ 完成: /home/bingxing2/home/scx7auf/Shihaoxuan/graduate/data/RE-datasetA/contrafold_train/21.bpseq
[1241/2888] 正在预测序列: 2200
  ✓ 完成: /home/bingxing2/home/scx7auf/Shihaoxuan/graduate/data/RE-datasetA/contrafold_train/2200.bpseq
[1242/2888] 正在预测序列: 2201
  ✓ 完成: /home/bingxing2/home/scx7auf/Shihaoxuan/graduate/data/RE-datasetA/contrafold_train/2201.bpseq
[1243/2888] 正在预测序列: 2202
  ✓ 完成: /home/bingxing2/home/scx7auf/Shihaoxuan/graduate/data/RE-datasetA/contrafold_train/2202.bpseq
[1244/2888] 正在预测序列: 2203
  ✓ 完成: /home/bingxing2/home/scx7auf/Shihaoxuan/graduate/data/RE-datasetA/contrafold_train/2203.bpseq
[1245/2888] 正在预测序列: 2204
  ✓ 完成: /home/bingxing2/home/scx7auf/Shihaoxuan/graduate/data/RE-datasetA/contrafold_train/2204.bpseq
[1246/2888] 正在预测序列: 2205
  ✓ 完成: /home/bingxing2/home/scx7auf/Shihaoxuan/graduate/data/RE-datasetA/contrafold_train/2205.bpseq
[1247/2888] 正在预测序列: 2206
  ✓ 完成: /home/bingxing2/home/scx7auf/Shihaoxuan/graduate/data/RE-datasetA/contrafold_train/2206.bpseq
[1248/2888] 正在预测序列: 2207
  ✓ 完成: /home/bingxing2/home/scx7auf/Shihaoxuan/graduate/data/RE-datasetA/contrafold_train/2207.bpseq
[1249/2888] 正在预测序列: 2208
  ✓ 完成: /home/bingxing2/home/scx7auf/Shihaoxuan/graduate/data/RE-datasetA/contrafold_train/2208.bpseq
[1250/2888] 正在预测序列: 2209
  ✓ 完成: /home/bingxing2/home/scx7auf/Shihaoxuan/graduate/data/RE-datasetA/contrafold_train/2209.bpseq
[1251/2888] 正在预测序列: 220
  ✓ 完成: /home/bingxing2/home/scx7auf/Shihaoxuan/graduate/data/RE-datasetA/contrafold_train/220.bpseq
[1252/2888] 正在预测序列: 2210
  ✓ 完成: /home/bingxing2/home/scx7auf/Shihaoxuan/graduate/data/RE-datasetA/contrafold_train/2210.bpseq
[1253/2888] 正在预测序列: 2211
  ✓ 完成: /home/bingxing2/home/scx7auf/Shihaoxuan/graduate/data/RE-datasetA/contrafold_train/2211.bpseq
[1254/2888] 正在预测序列: 2212
  ✓ 完成: /home/bingxing2/home/scx7auf/Shihaoxuan/graduate/data/RE-datasetA/contrafold_train/2212.bpseq
[1255/2888] 正在预测序列: 2213
  ✓ 完成: /home/bingxing2/home/scx7auf/Shihaoxuan/graduate/data/RE-datasetA/contrafold_train/2213.bpseq
[1256/2888] 正在预测序列: 2214
  ✓ 完成: /home/bingxing2/home/scx7auf/Shihaoxuan/graduate/data/RE-datasetA/contrafold_train/2214.bpseq
[1257/2888] 正在预测序列: 2215
  ✓ 完成: /home/bingxing2/home/scx7auf/Shihaoxuan/graduate/data/RE-datasetA/contrafold_train/2215.bpseq
[1258/2888] 正在预测序列: 2216
  ✓ 完成: /home/bingxing2/home/scx7auf/Shihaoxuan/graduate/data/RE-datasetA/contrafold_train/2216.bpseq
[1259/2888] 正在预测序列: 2217
  ✓ 完成: /home/bingxing2/home/scx7auf/Shihaoxuan/graduate/data/RE-datasetA/contrafold_train/2217.bpseq
[1260/2888] 正在预测序列: 2218
  ✓ 完成: /home/bingxing2/home/scx7auf/Shihaoxuan/graduate/data/RE-datasetA/contrafold_train/2218.bpseq
[1261/2888] 正在预测序列: 2219
  ✓ 完成: /home/bingxing2/home/scx7auf/Shihaoxuan/graduate/data/RE-datasetA/contrafold_train/2219.bpseq
[1262/2888] 正在预测序列: 221
  ✓ 完成: /home/bingxing2/home/scx7auf/Shihaoxuan/graduate/data/RE-datasetA/contrafold_train/221.bpseq
[1263/2888] 正在预测序列: 2220
  ✓ 完成: /home/bingxing2/home/scx7auf/Shihaoxuan/graduate/data/RE-datasetA/contrafold_train/2220.bpseq
[1264/2888] 正在预测序列: 2221
  ✓ 完成: /home/bingxing2/home/scx7auf/Shihaoxuan/graduate/data/RE-datasetA/contrafold_train/2221.bpseq
[1265/2888] 正在预测序列: 2222
  ✓ 完成: /home/bingxing2/home/scx7auf/Shihaoxuan/graduate/data/RE-datasetA/contrafold_train/2222.bpseq
[1266/2888] 正在预测序列: 2223
  ✓ 完成: /home/bingxing2/home/scx7auf/Shihaoxuan/graduate/data/RE-datasetA/contrafold_train/2223.bpseq
[1267/2888] 正在预测序列: 2224
  ✓ 完成: /home/bingxing2/home/scx7auf/Shihaoxuan/graduate/data/RE-datasetA/contrafold_train/2224.bpseq
[1268/2888] 正在预测序列: 2225
  ✓ 完成: /home/bingxing2/home/scx7auf/Shihaoxuan/graduate/data/RE-datasetA/contrafold_train/2225.bpseq
[1269/2888] 正在预测序列: 2226
  ✓ 完成: /home/bingxing2/home/scx7auf/Shihaoxuan/graduate/data/RE-datasetA/contrafold_train/2226.bpseq
[1270/2888] 正在预测序列: 2227
  ✓ 完成: /home/bingxing2/home/scx7auf/Shihaoxuan/graduate/data/RE-datasetA/contrafold_train/2227.bpseq
[1271/2888] 正在预测序列: 2228
  ✓ 完成: /home/bingxing2/home/scx7auf/Shihaoxuan/graduate/data/RE-datasetA/contrafold_train/2228.bpseq
[1272/2888] 正在预测序列: 2229
  ✓ 完成: /home/bingxing2/home/scx7auf/Shihaoxuan/graduate/data/RE-datasetA/contrafold_train/2229.bpseq
[1273/2888] 正在预测序列: 222
  ✓ 完成: /home/bingxing2/home/scx7auf/Shihaoxuan/graduate/data/RE-datasetA/contrafold_train/222.bpseq
[1274/2888] 正在预测序列: 2230
  ✓ 完成: /home/bingxing2/home/scx7auf/Shihaoxuan/graduate/data/RE-datasetA/contrafold_train/2230.bpseq
[1275/2888] 正在预测序列: 2231
  ✓ 完成: /home/bingxing2/home/scx7auf/Shihaoxuan/graduate/data/RE-datasetA/contrafold_train/2231.bpseq
[1276/2888] 正在预测序列: 2232
  ✓ 完成: /home/bingxing2/home/scx7auf/Shihaoxuan/graduate/data/RE-datasetA/contrafold_train/2232.bpseq
[1277/2888] 正在预测序列: 2233
  ✓ 完成: /home/bingxing2/home/scx7auf/Shihaoxuan/graduate/data/RE-datasetA/contrafold_train/2233.bpseq
[1278/2888] 正在预测序列: 2234
  ✓ 完成: /home/bingxing2/home/scx7auf/Shihaoxuan/graduate/data/RE-datasetA/contrafold_train/2234.bpseq
[1279/2888] 正在预测序列: 2235
  ✓ 完成: /home/bingxing2/home/scx7auf/Shihaoxuan/graduate/data/RE-datasetA/contrafold_train/2235.bpseq
[1280/2888] 正在预测序列: 2236
  ✓ 完成: /home/bingxing2/home/scx7auf/Shihaoxuan/graduate/data/RE-datasetA/contrafold_train/2236.bpseq
[1281/2888] 正在预测序列: 2237
  ✓ 完成: /home/bingxing2/home/scx7auf/Shihaoxuan/graduate/data/RE-datasetA/contrafold_train/2237.bpseq
[1282/2888] 正在预测序列: 2238
  ✓ 完成: /home/bingxing2/home/scx7auf/Shihaoxuan/graduate/data/RE-datasetA/contrafold_train/2238.bpseq
[1283/2888] 正在预测序列: 2239
  ✓ 完成: /home/bingxing2/home/scx7auf/Shihaoxuan/graduate/data/RE-datasetA/contrafold_train/2239.bpseq
[1284/2888] 正在预测序列: 223
  ✓ 完成: /home/bingxing2/home/scx7auf/Shihaoxuan/graduate/data/RE-datasetA/contrafold_train/223.bpseq
[1285/2888] 正在预测序列: 2240
  ✓ 完成: /home/bingxing2/home/scx7auf/Shihaoxuan/graduate/data/RE-datasetA/contrafold_train/2240.bpseq
[1286/2888] 正在预测序列: 2241
  ✓ 完成: /home/bingxing2/home/scx7auf/Shihaoxuan/graduate/data/RE-datasetA/contrafold_train/2241.bpseq
[1287/2888] 正在预测序列: 2242
  ✓ 完成: /home/bingxing2/home/scx7auf/Shihaoxuan/graduate/data/RE-datasetA/contrafold_train/2242.bpseq
[1288/2888] 正在预测序列: 2243
  ✓ 完成: /home/bingxing2/home/scx7auf/Shihaoxuan/graduate/data/RE-datasetA/contrafold_train/2243.bpseq
[1289/2888] 正在预测序列: 2244
  ✓ 完成: /home/bingxing2/home/scx7auf/Shihaoxuan/graduate/data/RE-datasetA/contrafold_train/2244.bpseq
[1290/2888] 正在预测序列: 2245
  ✓ 完成: /home/bingxing2/home/scx7auf/Shihaoxuan/graduate/data/RE-datasetA/contrafold_train/2245.bpseq
[1291/2888] 正在预测序列: 2246
  ✓ 完成: /home/bingxing2/home/scx7auf/Shihaoxuan/graduate/data/RE-datasetA/contrafold_train/2246.bpseq
[1292/2888] 正在预测序列: 2247
  ✓ 完成: /home/bingxing2/home/scx7auf/Shihaoxuan/graduate/data/RE-datasetA/contrafold_train/2247.bpseq
[1293/2888] 正在预测序列: 2248
  ✓ 完成: /home/bingxing2/home/scx7auf/Shihaoxuan/graduate/data/RE-datasetA/contrafold_train/2248.bpseq
[1294/2888] 正在预测序列: 2249
  ✓ 完成: /home/bingxing2/home/scx7auf/Shihaoxuan/graduate/data/RE-datasetA/contrafold_train/2249.bpseq
[1295/2888] 正在预测序列: 224
  ✓ 完成: /home/bingxing2/home/scx7auf/Shihaoxuan/graduate/data/RE-datasetA/contrafold_train/224.bpseq
[1296/2888] 正在预测序列: 2250
  ✓ 完成: /home/bingxing2/home/scx7auf/Shihaoxuan/graduate/data/RE-datasetA/contrafold_train/2250.bpseq
[1297/2888] 正在预测序列: 2251
  ✓ 完成: /home/bingxing2/home/scx7auf/Shihaoxuan/graduate/data/RE-datasetA/contrafold_train/2251.bpseq
[1298/2888] 正在预测序列: 2252
  ✓ 完成: /home/bingxing2/home/scx7auf/Shihaoxuan/graduate/data/RE-datasetA/contrafold_train/2252.bpseq
[1299/2888] 正在预测序列: 2253
  ✓ 完成: /home/bingxing2/home/scx7auf/Shihaoxuan/graduate/data/RE-datasetA/contrafold_train/2253.bpseq
[1300/2888] 正在预测序列: 2254
  ✓ 完成: /home/bingxing2/home/scx7auf/Shihaoxuan/graduate/data/RE-datasetA/contrafold_train/2254.bpseq
[1301/2888] 正在预测序列: 2255
  ✓ 完成: /home/bingxing2/home/scx7auf/Shihaoxuan/graduate/data/RE-datasetA/contrafold_train/2255.bpseq
[1302/2888] 正在预测序列: 2256
  ✓ 完成: /home/bingxing2/home/scx7auf/Shihaoxuan/graduate/data/RE-datasetA/contrafold_train/2256.bpseq
[1303/2888] 正在预测序列: 2257
  ✓ 完成: /home/bingxing2/home/scx7auf/Shihaoxuan/graduate/data/RE-datasetA/contrafold_train/2257.bpseq
[1304/2888] 正在预测序列: 2258
  ✓ 完成: /home/bingxing2/home/scx7auf/Shihaoxuan/graduate/data/RE-datasetA/contrafold_train/2258.bpseq
[1305/2888] 正在预测序列: 2259
  ✓ 完成: /home/bingxing2/home/scx7auf/Shihaoxuan/graduate/data/RE-datasetA/contrafold_train/2259.bpseq
[1306/2888] 正在预测序列: 225
  ✓ 完成: /home/bingxing2/home/scx7auf/Shihaoxuan/graduate/data/RE-datasetA/contrafold_train/225.bpseq
[1307/2888] 正在预测序列: 2260
  ✓ 完成: /home/bingxing2/home/scx7auf/Shihaoxuan/graduate/data/RE-datasetA/contrafold_train/2260.bpseq
[1308/2888] 正在预测序列: 2261
  ✓ 完成: /home/bingxing2/home/scx7auf/Shihaoxuan/graduate/data/RE-datasetA/contrafold_train/2261.bpseq
[1309/2888] 正在预测序列: 2262
  ✓ 完成: /home/bingxing2/home/scx7auf/Shihaoxuan/graduate/data/RE-datasetA/contrafold_train/2262.bpseq
[1310/2888] 正在预测序列: 2263
  ✓ 完成: /home/bingxing2/home/scx7auf/Shihaoxuan/graduate/data/RE-datasetA/contrafold_train/2263.bpseq
[1311/2888] 正在预测序列: 2264
  ✓ 完成: /home/bingxing2/home/scx7auf/Shihaoxuan/graduate/data/RE-datasetA/contrafold_train/2264.bpseq
[1312/2888] 正在预测序列: 2265
  ✓ 完成: /home/bingxing2/home/scx7auf/Shihaoxuan/graduate/data/RE-datasetA/contrafold_train/2265.bpseq
[1313/2888] 正在预测序列: 2266
  ✓ 完成: /home/bingxing2/home/scx7auf/Shihaoxuan/graduate/data/RE-datasetA/contrafold_train/2266.bpseq
[1314/2888] 正在预测序列: 2267
  ✓ 完成: /home/bingxing2/home/scx7auf/Shihaoxuan/graduate/data/RE-datasetA/contrafold_train/2267.bpseq
[1315/2888] 正在预测序列: 2268
  ✓ 完成: /home/bingxing2/home/scx7auf/Shihaoxuan/graduate/data/RE-datasetA/contrafold_train/2268.bpseq
[1316/2888] 正在预测序列: 2269
  ✓ 完成: /home/bingxing2/home/scx7auf/Shihaoxuan/graduate/data/RE-datasetA/contrafold_train/2269.bpseq
[1317/2888] 正在预测序列: 226
  ✓ 完成: /home/bingxing2/home/scx7auf/Shihaoxuan/graduate/data/RE-datasetA/contrafold_train/226.bpseq
[1318/2888] 正在预测序列: 2270
  ✓ 完成: /home/bingxing2/home/scx7auf/Shihaoxuan/graduate/data/RE-datasetA/contrafold_train/2270.bpseq
[1319/2888] 正在预测序列: 2271
  ✓ 完成: /home/bingxing2/home/scx7auf/Shihaoxuan/graduate/data/RE-datasetA/contrafold_train/2271.bpseq
[1320/2888] 正在预测序列: 2272
  ✓ 完成: /home/bingxing2/home/scx7auf/Shihaoxuan/graduate/data/RE-datasetA/contrafold_train/2272.bpseq
[1321/2888] 正在预测序列: 2273
  ✓ 完成: /home/bingxing2/home/scx7auf/Shihaoxuan/graduate/data/RE-datasetA/contrafold_train/2273.bpseq
[1322/2888] 正在预测序列: 2274
  ✓ 完成: /home/bingxing2/home/scx7auf/Shihaoxuan/graduate/data/RE-datasetA/contrafold_train/2274.bpseq
[1323/2888] 正在预测序列: 2275
  ✓ 完成: /home/bingxing2/home/scx7auf/Shihaoxuan/graduate/data/RE-datasetA/contrafold_train/2275.bpseq
[1324/2888] 正在预测序列: 2276
  ✓ 完成: /home/bingxing2/home/scx7auf/Shihaoxuan/graduate/data/RE-datasetA/contrafold_train/2276.bpseq
[1325/2888] 正在预测序列: 2277
  ✓ 完成: /home/bingxing2/home/scx7auf/Shihaoxuan/graduate/data/RE-datasetA/contrafold_train/2277.bpseq
[1326/2888] 正在预测序列: 2278
  ✓ 完成: /home/bingxing2/home/scx7auf/Shihaoxuan/graduate/data/RE-datasetA/contrafold_train/2278.bpseq
[1327/2888] 正在预测序列: 2279
  ✓ 完成: /home/bingxing2/home/scx7auf/Shihaoxuan/graduate/data/RE-datasetA/contrafold_train/2279.bpseq
[1328/2888] 正在预测序列: 227
  ✓ 完成: /home/bingxing2/home/scx7auf/Shihaoxuan/graduate/data/RE-datasetA/contrafold_train/227.bpseq
[1329/2888] 正在预测序列: 2280
  ✓ 完成: /home/bingxing2/home/scx7auf/Shihaoxuan/graduate/data/RE-datasetA/contrafold_train/2280.bpseq
[1330/2888] 正在预测序列: 2286
  ✓ 完成: /home/bingxing2/home/scx7auf/Shihaoxuan/graduate/data/RE-datasetA/contrafold_train/2286.bpseq
[1331/2888] 正在预测序列: 2288
  ✓ 完成: /home/bingxing2/home/scx7auf/Shihaoxuan/graduate/data/RE-datasetA/contrafold_train/2288.bpseq
[1332/2888] 正在预测序列: 2289
  ✓ 完成: /home/bingxing2/home/scx7auf/Shihaoxuan/graduate/data/RE-datasetA/contrafold_train/2289.bpseq
[1333/2888] 正在预测序列: 228
  ✓ 完成: /home/bingxing2/home/scx7auf/Shihaoxuan/graduate/data/RE-datasetA/contrafold_train/228.bpseq
[1334/2888] 正在预测序列: 2292
  ✓ 完成: /home/bingxing2/home/scx7auf/Shihaoxuan/graduate/data/RE-datasetA/contrafold_train/2292.bpseq
[1335/2888] 正在预测序列: 229
  ✓ 完成: /home/bingxing2/home/scx7auf/Shihaoxuan/graduate/data/RE-datasetA/contrafold_train/229.bpseq
[1336/2888] 正在预测序列: 22
  ✓ 完成: /home/bingxing2/home/scx7auf/Shihaoxuan/graduate/data/RE-datasetA/contrafold_train/22.bpseq
[1337/2888] 正在预测序列: 2305
  ✓ 完成: /home/bingxing2/home/scx7auf/Shihaoxuan/graduate/data/RE-datasetA/contrafold_train/2305.bpseq
[1338/2888] 正在预测序列: 2308
  ✓ 完成: /home/bingxing2/home/scx7auf/Shihaoxuan/graduate/data/RE-datasetA/contrafold_train/2308.bpseq
[1339/2888] 正在预测序列: 2309
  ✓ 完成: /home/bingxing2/home/scx7auf/Shihaoxuan/graduate/data/RE-datasetA/contrafold_train/2309.bpseq
[1340/2888] 正在预测序列: 230
  ✓ 完成: /home/bingxing2/home/scx7auf/Shihaoxuan/graduate/data/RE-datasetA/contrafold_train/230.bpseq
[1341/2888] 正在预测序列: 2313
  ✓ 完成: /home/bingxing2/home/scx7auf/Shihaoxuan/graduate/data/RE-datasetA/contrafold_train/2313.bpseq
[1342/2888] 正在预测序列: 2314
  ✓ 完成: /home/bingxing2/home/scx7auf/Shihaoxuan/graduate/data/RE-datasetA/contrafold_train/2314.bpseq
[1343/2888] 正在预测序列: 2316
  ✓ 完成: /home/bingxing2/home/scx7auf/Shihaoxuan/graduate/data/RE-datasetA/contrafold_train/2316.bpseq
[1344/2888] 正在预测序列: 231
  ✓ 完成: /home/bingxing2/home/scx7auf/Shihaoxuan/graduate/data/RE-datasetA/contrafold_train/231.bpseq
[1345/2888] 正在预测序列: 2323
  ✓ 完成: /home/bingxing2/home/scx7auf/Shihaoxuan/graduate/data/RE-datasetA/contrafold_train/2323.bpseq
[1346/2888] 正在预测序列: 2324
  ✓ 完成: /home/bingxing2/home/scx7auf/Shihaoxuan/graduate/data/RE-datasetA/contrafold_train/2324.bpseq
[1347/2888] 正在预测序列: 2327
  ✓ 完成: /home/bingxing2/home/scx7auf/Shihaoxuan/graduate/data/RE-datasetA/contrafold_train/2327.bpseq
[1348/2888] 正在预测序列: 2328
  ✓ 完成: /home/bingxing2/home/scx7auf/Shihaoxuan/graduate/data/RE-datasetA/contrafold_train/2328.bpseq
[1349/2888] 正在预测序列: 2329
  ✓ 完成: /home/bingxing2/home/scx7auf/Shihaoxuan/graduate/data/RE-datasetA/contrafold_train/2329.bpseq
[1350/2888] 正在预测序列: 232
  ✓ 完成: /home/bingxing2/home/scx7auf/Shihaoxuan/graduate/data/RE-datasetA/contrafold_train/232.bpseq
[1351/2888] 正在预测序列: 2330
  ✓ 完成: /home/bingxing2/home/scx7auf/Shihaoxuan/graduate/data/RE-datasetA/contrafold_train/2330.bpseq
[1352/2888] 正在预测序列: 2333
  ✓ 完成: /home/bingxing2/home/scx7auf/Shihaoxuan/graduate/data/RE-datasetA/contrafold_train/2333.bpseq
[1353/2888] 正在预测序列: 2337
  ✓ 完成: /home/bingxing2/home/scx7auf/Shihaoxuan/graduate/data/RE-datasetA/contrafold_train/2337.bpseq
[1354/2888] 正在预测序列: 2338
  ✓ 完成: /home/bingxing2/home/scx7auf/Shihaoxuan/graduate/data/RE-datasetA/contrafold_train/2338.bpseq
[1355/2888] 正在预测序列: 2339
  ✓ 完成: /home/bingxing2/home/scx7auf/Shihaoxuan/graduate/data/RE-datasetA/contrafold_train/2339.bpseq
[1356/2888] 正在预测序列: 233
  ✓ 完成: /home/bingxing2/home/scx7auf/Shihaoxuan/graduate/data/RE-datasetA/contrafold_train/233.bpseq
[1357/2888] 正在预测序列: 2340
  ✓ 完成: /home/bingxing2/home/scx7auf/Shihaoxuan/graduate/data/RE-datasetA/contrafold_train/2340.bpseq
[1358/2888] 正在预测序列: 2341
  ✓ 完成: /home/bingxing2/home/scx7auf/Shihaoxuan/graduate/data/RE-datasetA/contrafold_train/2341.bpseq
[1359/2888] 正在预测序列: 2342
  ✓ 完成: /home/bingxing2/home/scx7auf/Shihaoxuan/graduate/data/RE-datasetA/contrafold_train/2342.bpseq
[1360/2888] 正在预测序列: 2343
  ✓ 完成: /home/bingxing2/home/scx7auf/Shihaoxuan/graduate/data/RE-datasetA/contrafold_train/2343.bpseq
[1361/2888] 正在预测序列: 2344
  ✓ 完成: /home/bingxing2/home/scx7auf/Shihaoxuan/graduate/data/RE-datasetA/contrafold_train/2344.bpseq
[1362/2888] 正在预测序列: 2345
  ✓ 完成: /home/bingxing2/home/scx7auf/Shihaoxuan/graduate/data/RE-datasetA/contrafold_train/2345.bpseq
[1363/2888] 正在预测序列: 2346
  ✓ 完成: /home/bingxing2/home/scx7auf/Shihaoxuan/graduate/data/RE-datasetA/contrafold_train/2346.bpseq
[1364/2888] 正在预测序列: 2347
  ✓ 完成: /home/bingxing2/home/scx7auf/Shihaoxuan/graduate/data/RE-datasetA/contrafold_train/2347.bpseq
[1365/2888] 正在预测序列: 2348
  ✓ 完成: /home/bingxing2/home/scx7auf/Shihaoxuan/graduate/data/RE-datasetA/contrafold_train/2348.bpseq
[1366/2888] 正在预测序列: 2349
  ✓ 完成: /home/bingxing2/home/scx7auf/Shihaoxuan/graduate/data/RE-datasetA/contrafold_train/2349.bpseq
[1367/2888] 正在预测序列: 234
  ✓ 完成: /home/bingxing2/home/scx7auf/Shihaoxuan/graduate/data/RE-datasetA/contrafold_train/234.bpseq
[1368/2888] 正在预测序列: 2351
  ✓ 完成: /home/bingxing2/home/scx7auf/Shihaoxuan/graduate/data/RE-datasetA/contrafold_train/2351.bpseq
[1369/2888] 正在预测序列: 2354
  ✓ 完成: /home/bingxing2/home/scx7auf/Shihaoxuan/graduate/data/RE-datasetA/contrafold_train/2354.bpseq
[1370/2888] 正在预测序列: 2355
  ✓ 完成: /home/bingxing2/home/scx7auf/Shihaoxuan/graduate/data/RE-datasetA/contrafold_train/2355.bpseq
[1371/2888] 正在预测序列: 2356
  ✓ 完成: /home/bingxing2/home/scx7auf/Shihaoxuan/graduate/data/RE-datasetA/contrafold_train/2356.bpseq
[1372/2888] 正在预测序列: 2357
  ✓ 完成: /home/bingxing2/home/scx7auf/Shihaoxuan/graduate/data/RE-datasetA/contrafold_train/2357.bpseq
[1373/2888] 正在预测序列: 2358
  ✓ 完成: /home/bingxing2/home/scx7auf/Shihaoxuan/graduate/data/RE-datasetA/contrafold_train/2358.bpseq
[1374/2888] 正在预测序列: 2359
  ✓ 完成: /home/bingxing2/home/scx7auf/Shihaoxuan/graduate/data/RE-datasetA/contrafold_train/2359.bpseq
[1375/2888] 正在预测序列: 235
  ✓ 完成: /home/bingxing2/home/scx7auf/Shihaoxuan/graduate/data/RE-datasetA/contrafold_train/235.bpseq
[1376/2888] 正在预测序列: 2360
  ✓ 完成: /home/bingxing2/home/scx7auf/Shihaoxuan/graduate/data/RE-datasetA/contrafold_train/2360.bpseq
[1377/2888] 正在预测序列: 2361
  ✓ 完成: /home/bingxing2/home/scx7auf/Shihaoxuan/graduate/data/RE-datasetA/contrafold_train/2361.bpseq
[1378/2888] 正在预测序列: 2362
  ✓ 完成: /home/bingxing2/home/scx7auf/Shihaoxuan/graduate/data/RE-datasetA/contrafold_train/2362.bpseq
[1379/2888] 正在预测序列: 2363
  ✓ 完成: /home/bingxing2/home/scx7auf/Shihaoxuan/graduate/data/RE-datasetA/contrafold_train/2363.bpseq
[1380/2888] 正在预测序列: 2364
  ✓ 完成: /home/bingxing2/home/scx7auf/Shihaoxuan/graduate/data/RE-datasetA/contrafold_train/2364.bpseq
[1381/2888] 正在预测序列: 2366
  ✓ 完成: /home/bingxing2/home/scx7auf/Shihaoxuan/graduate/data/RE-datasetA/contrafold_train/2366.bpseq
[1382/2888] 正在预测序列: 2367
  ✓ 完成: /home/bingxing2/home/scx7auf/Shihaoxuan/graduate/data/RE-datasetA/contrafold_train/2367.bpseq
[1383/2888] 正在预测序列: 2368
  ✓ 完成: /home/bingxing2/home/scx7auf/Shihaoxuan/graduate/data/RE-datasetA/contrafold_train/2368.bpseq
[1384/2888] 正在预测序列: 236
  ✓ 完成: /home/bingxing2/home/scx7auf/Shihaoxuan/graduate/data/RE-datasetA/contrafold_train/236.bpseq
[1385/2888] 正在预测序列: 2370
  ✓ 完成: /home/bingxing2/home/scx7auf/Shihaoxuan/graduate/data/RE-datasetA/contrafold_train/2370.bpseq
[1386/2888] 正在预测序列: 2372
  ✓ 完成: /home/bingxing2/home/scx7auf/Shihaoxuan/graduate/data/RE-datasetA/contrafold_train/2372.bpseq
[1387/2888] 正在预测序列: 2373
  ✓ 完成: /home/bingxing2/home/scx7auf/Shihaoxuan/graduate/data/RE-datasetA/contrafold_train/2373.bpseq
[1388/2888] 正在预测序列: 2374
  ✓ 完成: /home/bingxing2/home/scx7auf/Shihaoxuan/graduate/data/RE-datasetA/contrafold_train/2374.bpseq
[1389/2888] 正在预测序列: 2375
  ✓ 完成: /home/bingxing2/home/scx7auf/Shihaoxuan/graduate/data/RE-datasetA/contrafold_train/2375.bpseq
[1390/2888] 正在预测序列: 2376
  ✓ 完成: /home/bingxing2/home/scx7auf/Shihaoxuan/graduate/data/RE-datasetA/contrafold_train/2376.bpseq
[1391/2888] 正在预测序列: 2379
  ✓ 完成: /home/bingxing2/home/scx7auf/Shihaoxuan/graduate/data/RE-datasetA/contrafold_train/2379.bpseq
[1392/2888] 正在预测序列: 237
  ✓ 完成: /home/bingxing2/home/scx7auf/Shihaoxuan/graduate/data/RE-datasetA/contrafold_train/237.bpseq
[1393/2888] 正在预测序列: 2380
  ✓ 完成: /home/bingxing2/home/scx7auf/Shihaoxuan/graduate/data/RE-datasetA/contrafold_train/2380.bpseq
[1394/2888] 正在预测序列: 2382
  ✓ 完成: /home/bingxing2/home/scx7auf/Shihaoxuan/graduate/data/RE-datasetA/contrafold_train/2382.bpseq
[1395/2888] 正在预测序列: 2383
  ✓ 完成: /home/bingxing2/home/scx7auf/Shihaoxuan/graduate/data/RE-datasetA/contrafold_train/2383.bpseq
[1396/2888] 正在预测序列: 2384
  ✓ 完成: /home/bingxing2/home/scx7auf/Shihaoxuan/graduate/data/RE-datasetA/contrafold_train/2384.bpseq
[1397/2888] 正在预测序列: 2385
  ✓ 完成: /home/bingxing2/home/scx7auf/Shihaoxuan/graduate/data/RE-datasetA/contrafold_train/2385.bpseq
[1398/2888] 正在预测序列: 2386
  ✓ 完成: /home/bingxing2/home/scx7auf/Shihaoxuan/graduate/data/RE-datasetA/contrafold_train/2386.bpseq
[1399/2888] 正在预测序列: 2387
  ✓ 完成: /home/bingxing2/home/scx7auf/Shihaoxuan/graduate/data/RE-datasetA/contrafold_train/2387.bpseq
[1400/2888] 正在预测序列: 2388
  ✓ 完成: /home/bingxing2/home/scx7auf/Shihaoxuan/graduate/data/RE-datasetA/contrafold_train/2388.bpseq
[1401/2888] 正在预测序列: 2389
  ✓ 完成: /home/bingxing2/home/scx7auf/Shihaoxuan/graduate/data/RE-datasetA/contrafold_train/2389.bpseq
[1402/2888] 正在预测序列: 238
  ✓ 完成: /home/bingxing2/home/scx7auf/Shihaoxuan/graduate/data/RE-datasetA/contrafold_train/238.bpseq
[1403/2888] 正在预测序列: 2390
  ✓ 完成: /home/bingxing2/home/scx7auf/Shihaoxuan/graduate/data/RE-datasetA/contrafold_train/2390.bpseq
[1404/2888] 正在预测序列: 2391
  ✓ 完成: /home/bingxing2/home/scx7auf/Shihaoxuan/graduate/data/RE-datasetA/contrafold_train/2391.bpseq
[1405/2888] 正在预测序列: 2392
  ✓ 完成: /home/bingxing2/home/scx7auf/Shihaoxuan/graduate/data/RE-datasetA/contrafold_train/2392.bpseq
[1406/2888] 正在预测序列: 2393
  ✓ 完成: /home/bingxing2/home/scx7auf/Shihaoxuan/graduate/data/RE-datasetA/contrafold_train/2393.bpseq
[1407/2888] 正在预测序列: 2394
  ✓ 完成: /home/bingxing2/home/scx7auf/Shihaoxuan/graduate/data/RE-datasetA/contrafold_train/2394.bpseq
[1408/2888] 正在预测序列: 2398
  ✓ 完成: /home/bingxing2/home/scx7auf/Shihaoxuan/graduate/data/RE-datasetA/contrafold_train/2398.bpseq
[1409/2888] 正在预测序列: 2399
  ✓ 完成: /home/bingxing2/home/scx7auf/Shihaoxuan/graduate/data/RE-datasetA/contrafold_train/2399.bpseq
[1410/2888] 正在预测序列: 239
  ✓ 完成: /home/bingxing2/home/scx7auf/Shihaoxuan/graduate/data/RE-datasetA/contrafold_train/239.bpseq
[1411/2888] 正在预测序列: 23
  ✓ 完成: /home/bingxing2/home/scx7auf/Shihaoxuan/graduate/data/RE-datasetA/contrafold_train/23.bpseq
[1412/2888] 正在预测序列: 2400
  ✓ 完成: /home/bingxing2/home/scx7auf/Shihaoxuan/graduate/data/RE-datasetA/contrafold_train/2400.bpseq
[1413/2888] 正在预测序列: 2401
  ✓ 完成: /home/bingxing2/home/scx7auf/Shihaoxuan/graduate/data/RE-datasetA/contrafold_train/2401.bpseq
[1414/2888] 正在预测序列: 2402
  ✓ 完成: /home/bingxing2/home/scx7auf/Shihaoxuan/graduate/data/RE-datasetA/contrafold_train/2402.bpseq
[1415/2888] 正在预测序列: 2403
  ✓ 完成: /home/bingxing2/home/scx7auf/Shihaoxuan/graduate/data/RE-datasetA/contrafold_train/2403.bpseq
[1416/2888] 正在预测序列: 2407
  ✓ 完成: /home/bingxing2/home/scx7auf/Shihaoxuan/graduate/data/RE-datasetA/contrafold_train/2407.bpseq
[1417/2888] 正在预测序列: 2409
  ✓ 完成: /home/bingxing2/home/scx7auf/Shihaoxuan/graduate/data/RE-datasetA/contrafold_train/2409.bpseq
[1418/2888] 正在预测序列: 240
  ✓ 完成: /home/bingxing2/home/scx7auf/Shihaoxuan/graduate/data/RE-datasetA/contrafold_train/240.bpseq
[1419/2888] 正在预测序列: 2411
  ✓ 完成: /home/bingxing2/home/scx7auf/Shihaoxuan/graduate/data/RE-datasetA/contrafold_train/2411.bpseq
[1420/2888] 正在预测序列: 2412
  ✓ 完成: /home/bingxing2/home/scx7auf/Shihaoxuan/graduate/data/RE-datasetA/contrafold_train/2412.bpseq
[1421/2888] 正在预测序列: 2413
  ✓ 完成: /home/bingxing2/home/scx7auf/Shihaoxuan/graduate/data/RE-datasetA/contrafold_train/2413.bpseq
[1422/2888] 正在预测序列: 2414
  ✓ 完成: /home/bingxing2/home/scx7auf/Shihaoxuan/graduate/data/RE-datasetA/contrafold_train/2414.bpseq
[1423/2888] 正在预测序列: 2415
  ✓ 完成: /home/bingxing2/home/scx7auf/Shihaoxuan/graduate/data/RE-datasetA/contrafold_train/2415.bpseq
[1424/2888] 正在预测序列: 2416
  ✓ 完成: /home/bingxing2/home/scx7auf/Shihaoxuan/graduate/data/RE-datasetA/contrafold_train/2416.bpseq
[1425/2888] 正在预测序列: 2417
  ✓ 完成: /home/bingxing2/home/scx7auf/Shihaoxuan/graduate/data/RE-datasetA/contrafold_train/2417.bpseq
[1426/2888] 正在预测序列: 2418
  ✓ 完成: /home/bingxing2/home/scx7auf/Shihaoxuan/graduate/data/RE-datasetA/contrafold_train/2418.bpseq
[1427/2888] 正在预测序列: 241
  ✓ 完成: /home/bingxing2/home/scx7auf/Shihaoxuan/graduate/data/RE-datasetA/contrafold_train/241.bpseq
[1428/2888] 正在预测序列: 2421
  ✓ 完成: /home/bingxing2/home/scx7auf/Shihaoxuan/graduate/data/RE-datasetA/contrafold_train/2421.bpseq
[1429/2888] 正在预测序列: 2422
  ✓ 完成: /home/bingxing2/home/scx7auf/Shihaoxuan/graduate/data/RE-datasetA/contrafold_train/2422.bpseq
[1430/2888] 正在预测序列: 2423
  ✓ 完成: /home/bingxing2/home/scx7auf/Shihaoxuan/graduate/data/RE-datasetA/contrafold_train/2423.bpseq
[1431/2888] 正在预测序列: 2424
  ✓ 完成: /home/bingxing2/home/scx7auf/Shihaoxuan/graduate/data/RE-datasetA/contrafold_train/2424.bpseq
[1432/2888] 正在预测序列: 2426
  ✓ 完成: /home/bingxing2/home/scx7auf/Shihaoxuan/graduate/data/RE-datasetA/contrafold_train/2426.bpseq
[1433/2888] 正在预测序列: 2427
  ✓ 完成: /home/bingxing2/home/scx7auf/Shihaoxuan/graduate/data/RE-datasetA/contrafold_train/2427.bpseq
[1434/2888] 正在预测序列: 242
  ✓ 完成: /home/bingxing2/home/scx7auf/Shihaoxuan/graduate/data/RE-datasetA/contrafold_train/242.bpseq
[1435/2888] 正在预测序列: 2430
  ✓ 完成: /home/bingxing2/home/scx7auf/Shihaoxuan/graduate/data/RE-datasetA/contrafold_train/2430.bpseq
[1436/2888] 正在预测序列: 2431
  ✓ 完成: /home/bingxing2/home/scx7auf/Shihaoxuan/graduate/data/RE-datasetA/contrafold_train/2431.bpseq
[1437/2888] 正在预测序列: 2432
  ✓ 完成: /home/bingxing2/home/scx7auf/Shihaoxuan/graduate/data/RE-datasetA/contrafold_train/2432.bpseq
[1438/2888] 正在预测序列: 2433
  ✓ 完成: /home/bingxing2/home/scx7auf/Shihaoxuan/graduate/data/RE-datasetA/contrafold_train/2433.bpseq
[1439/2888] 正在预测序列: 2434
  ✓ 完成: /home/bingxing2/home/scx7auf/Shihaoxuan/graduate/data/RE-datasetA/contrafold_train/2434.bpseq
[1440/2888] 正在预测序列: 2435
  ✓ 完成: /home/bingxing2/home/scx7auf/Shihaoxuan/graduate/data/RE-datasetA/contrafold_train/2435.bpseq
[1441/2888] 正在预测序列: 2436
  ✓ 完成: /home/bingxing2/home/scx7auf/Shihaoxuan/graduate/data/RE-datasetA/contrafold_train/2436.bpseq
[1442/2888] 正在预测序列: 2437
  ✓ 完成: /home/bingxing2/home/scx7auf/Shihaoxuan/graduate/data/RE-datasetA/contrafold_train/2437.bpseq
[1443/2888] 正在预测序列: 2438
  ✓ 完成: /home/bingxing2/home/scx7auf/Shihaoxuan/graduate/data/RE-datasetA/contrafold_train/2438.bpseq
[1444/2888] 正在预测序列: 2439
  ✓ 完成: /home/bingxing2/home/scx7auf/Shihaoxuan/graduate/data/RE-datasetA/contrafold_train/2439.bpseq
[1445/2888] 正在预测序列: 243
  ✓ 完成: /home/bingxing2/home/scx7auf/Shihaoxuan/graduate/data/RE-datasetA/contrafold_train/243.bpseq
[1446/2888] 正在预测序列: 2440
  ✓ 完成: /home/bingxing2/home/scx7auf/Shihaoxuan/graduate/data/RE-datasetA/contrafold_train/2440.bpseq
[1447/2888] 正在预测序列: 2441
  ✓ 完成: /home/bingxing2/home/scx7auf/Shihaoxuan/graduate/data/RE-datasetA/contrafold_train/2441.bpseq
[1448/2888] 正在预测序列: 2442
  ✓ 完成: /home/bingxing2/home/scx7auf/Shihaoxuan/graduate/data/RE-datasetA/contrafold_train/2442.bpseq
[1449/2888] 正在预测序列: 2443
  ✓ 完成: /home/bingxing2/home/scx7auf/Shihaoxuan/graduate/data/RE-datasetA/contrafold_train/2443.bpseq
[1450/2888] 正在预测序列: 2444
  ✓ 完成: /home/bingxing2/home/scx7auf/Shihaoxuan/graduate/data/RE-datasetA/contrafold_train/2444.bpseq
[1451/2888] 正在预测序列: 2445
  ✓ 完成: /home/bingxing2/home/scx7auf/Shihaoxuan/graduate/data/RE-datasetA/contrafold_train/2445.bpseq
[1452/2888] 正在预测序列: 2446
  ✓ 完成: /home/bingxing2/home/scx7auf/Shihaoxuan/graduate/data/RE-datasetA/contrafold_train/2446.bpseq
[1453/2888] 正在预测序列: 2447
  ✓ 完成: /home/bingxing2/home/scx7auf/Shihaoxuan/graduate/data/RE-datasetA/contrafold_train/2447.bpseq
[1454/2888] 正在预测序列: 2448
  ✓ 完成: /home/bingxing2/home/scx7auf/Shihaoxuan/graduate/data/RE-datasetA/contrafold_train/2448.bpseq
[1455/2888] 正在预测序列: 2449
  ✓ 完成: /home/bingxing2/home/scx7auf/Shihaoxuan/graduate/data/RE-datasetA/contrafold_train/2449.bpseq
[1456/2888] 正在预测序列: 244
  ✓ 完成: /home/bingxing2/home/scx7auf/Shihaoxuan/graduate/data/RE-datasetA/contrafold_train/244.bpseq
[1457/2888] 正在预测序列: 2450
  ✓ 完成: /home/bingxing2/home/scx7auf/Shihaoxuan/graduate/data/RE-datasetA/contrafold_train/2450.bpseq
[1458/2888] 正在预测序列: 2451
  ✓ 完成: /home/bingxing2/home/scx7auf/Shihaoxuan/graduate/data/RE-datasetA/contrafold_train/2451.bpseq
[1459/2888] 正在预测序列: 2452
  ✓ 完成: /home/bingxing2/home/scx7auf/Shihaoxuan/graduate/data/RE-datasetA/contrafold_train/2452.bpseq
[1460/2888] 正在预测序列: 2453
  ✓ 完成: /home/bingxing2/home/scx7auf/Shihaoxuan/graduate/data/RE-datasetA/contrafold_train/2453.bpseq
[1461/2888] 正在预测序列: 2454
  ✓ 完成: /home/bingxing2/home/scx7auf/Shihaoxuan/graduate/data/RE-datasetA/contrafold_train/2454.bpseq
[1462/2888] 正在预测序列: 2455
  ✓ 完成: /home/bingxing2/home/scx7auf/Shihaoxuan/graduate/data/RE-datasetA/contrafold_train/2455.bpseq
[1463/2888] 正在预测序列: 2456
  ✓ 完成: /home/bingxing2/home/scx7auf/Shihaoxuan/graduate/data/RE-datasetA/contrafold_train/2456.bpseq
[1464/2888] 正在预测序列: 2457
  ✓ 完成: /home/bingxing2/home/scx7auf/Shihaoxuan/graduate/data/RE-datasetA/contrafold_train/2457.bpseq
[1465/2888] 正在预测序列: 2458
  ✓ 完成: /home/bingxing2/home/scx7auf/Shihaoxuan/graduate/data/RE-datasetA/contrafold_train/2458.bpseq
[1466/2888] 正在预测序列: 2459
  ✓ 完成: /home/bingxing2/home/scx7auf/Shihaoxuan/graduate/data/RE-datasetA/contrafold_train/2459.bpseq
[1467/2888] 正在预测序列: 245
  ✓ 完成: /home/bingxing2/home/scx7auf/Shihaoxuan/graduate/data/RE-datasetA/contrafold_train/245.bpseq
[1468/2888] 正在预测序列: 2460
  ✓ 完成: /home/bingxing2/home/scx7auf/Shihaoxuan/graduate/data/RE-datasetA/contrafold_train/2460.bpseq
[1469/2888] 正在预测序列: 2461
  ✓ 完成: /home/bingxing2/home/scx7auf/Shihaoxuan/graduate/data/RE-datasetA/contrafold_train/2461.bpseq
[1470/2888] 正在预测序列: 2462
  ✓ 完成: /home/bingxing2/home/scx7auf/Shihaoxuan/graduate/data/RE-datasetA/contrafold_train/2462.bpseq
[1471/2888] 正在预测序列: 2463
  ✓ 完成: /home/bingxing2/home/scx7auf/Shihaoxuan/graduate/data/RE-datasetA/contrafold_train/2463.bpseq
[1472/2888] 正在预测序列: 2464
  ✓ 完成: /home/bingxing2/home/scx7auf/Shihaoxuan/graduate/data/RE-datasetA/contrafold_train/2464.bpseq
[1473/2888] 正在预测序列: 2465
  ✓ 完成: /home/bingxing2/home/scx7auf/Shihaoxuan/graduate/data/RE-datasetA/contrafold_train/2465.bpseq
[1474/2888] 正在预测序列: 2466
  ✓ 完成: /home/bingxing2/home/scx7auf/Shihaoxuan/graduate/data/RE-datasetA/contrafold_train/2466.bpseq
[1475/2888] 正在预测序列: 2467
  ✓ 完成: /home/bingxing2/home/scx7auf/Shihaoxuan/graduate/data/RE-datasetA/contrafold_train/2467.bpseq
[1476/2888] 正在预测序列: 2468
  ✓ 完成: /home/bingxing2/home/scx7auf/Shihaoxuan/graduate/data/RE-datasetA/contrafold_train/2468.bpseq
[1477/2888] 正在预测序列: 2469
  ✓ 完成: /home/bingxing2/home/scx7auf/Shihaoxuan/graduate/data/RE-datasetA/contrafold_train/2469.bpseq
[1478/2888] 正在预测序列: 246
  ✓ 完成: /home/bingxing2/home/scx7auf/Shihaoxuan/graduate/data/RE-datasetA/contrafold_train/246.bpseq
[1479/2888] 正在预测序列: 2470
  ✓ 完成: /home/bingxing2/home/scx7auf/Shihaoxuan/graduate/data/RE-datasetA/contrafold_train/2470.bpseq
[1480/2888] 正在预测序列: 2471
  ✓ 完成: /home/bingxing2/home/scx7auf/Shihaoxuan/graduate/data/RE-datasetA/contrafold_train/2471.bpseq
[1481/2888] 正在预测序列: 2472
  ✓ 完成: /home/bingxing2/home/scx7auf/Shihaoxuan/graduate/data/RE-datasetA/contrafold_train/2472.bpseq
[1482/2888] 正在预测序列: 2473
  ✓ 完成: /home/bingxing2/home/scx7auf/Shihaoxuan/graduate/data/RE-datasetA/contrafold_train/2473.bpseq
[1483/2888] 正在预测序列: 2474
  ✓ 完成: /home/bingxing2/home/scx7auf/Shihaoxuan/graduate/data/RE-datasetA/contrafold_train/2474.bpseq
[1484/2888] 正在预测序列: 2475
  ✓ 完成: /home/bingxing2/home/scx7auf/Shihaoxuan/graduate/data/RE-datasetA/contrafold_train/2475.bpseq
[1485/2888] 正在预测序列: 2476
  ✓ 完成: /home/bingxing2/home/scx7auf/Shihaoxuan/graduate/data/RE-datasetA/contrafold_train/2476.bpseq
[1486/2888] 正在预测序列: 2477
  ✓ 完成: /home/bingxing2/home/scx7auf/Shihaoxuan/graduate/data/RE-datasetA/contrafold_train/2477.bpseq
[1487/2888] 正在预测序列: 2478
  ✓ 完成: /home/bingxing2/home/scx7auf/Shihaoxuan/graduate/data/RE-datasetA/contrafold_train/2478.bpseq
[1488/2888] 正在预测序列: 2479
  ✓ 完成: /home/bingxing2/home/scx7auf/Shihaoxuan/graduate/data/RE-datasetA/contrafold_train/2479.bpseq
[1489/2888] 正在预测序列: 247
  ✓ 完成: /home/bingxing2/home/scx7auf/Shihaoxuan/graduate/data/RE-datasetA/contrafold_train/247.bpseq
[1490/2888] 正在预测序列: 2480
  ✓ 完成: /home/bingxing2/home/scx7auf/Shihaoxuan/graduate/data/RE-datasetA/contrafold_train/2480.bpseq
[1491/2888] 正在预测序列: 2481
  ✓ 完成: /home/bingxing2/home/scx7auf/Shihaoxuan/graduate/data/RE-datasetA/contrafold_train/2481.bpseq
[1492/2888] 正在预测序列: 2482
  ✓ 完成: /home/bingxing2/home/scx7auf/Shihaoxuan/graduate/data/RE-datasetA/contrafold_train/2482.bpseq
[1493/2888] 正在预测序列: 2483
  ✓ 完成: /home/bingxing2/home/scx7auf/Shihaoxuan/graduate/data/RE-datasetA/contrafold_train/2483.bpseq
[1494/2888] 正在预测序列: 2484
  ✓ 完成: /home/bingxing2/home/scx7auf/Shihaoxuan/graduate/data/RE-datasetA/contrafold_train/2484.bpseq
[1495/2888] 正在预测序列: 2485
  ✓ 完成: /home/bingxing2/home/scx7auf/Shihaoxuan/graduate/data/RE-datasetA/contrafold_train/2485.bpseq
[1496/2888] 正在预测序列: 2486
  ✓ 完成: /home/bingxing2/home/scx7auf/Shihaoxuan/graduate/data/RE-datasetA/contrafold_train/2486.bpseq
[1497/2888] 正在预测序列: 2487
  ✓ 完成: /home/bingxing2/home/scx7auf/Shihaoxuan/graduate/data/RE-datasetA/contrafold_train/2487.bpseq
[1498/2888] 正在预测序列: 2488
  ✓ 完成: /home/bingxing2/home/scx7auf/Shihaoxuan/graduate/data/RE-datasetA/contrafold_train/2488.bpseq
[1499/2888] 正在预测序列: 2489
  ✓ 完成: /home/bingxing2/home/scx7auf/Shihaoxuan/graduate/data/RE-datasetA/contrafold_train/2489.bpseq
[1500/2888] 正在预测序列: 248
  ✓ 完成: /home/bingxing2/home/scx7auf/Shihaoxuan/graduate/data/RE-datasetA/contrafold_train/248.bpseq
[1501/2888] 正在预测序列: 2490
  ✓ 完成: /home/bingxing2/home/scx7auf/Shihaoxuan/graduate/data/RE-datasetA/contrafold_train/2490.bpseq
[1502/2888] 正在预测序列: 2491
  ✓ 完成: /home/bingxing2/home/scx7auf/Shihaoxuan/graduate/data/RE-datasetA/contrafold_train/2491.bpseq
[1503/2888] 正在预测序列: 2492
  ✓ 完成: /home/bingxing2/home/scx7auf/Shihaoxuan/graduate/data/RE-datasetA/contrafold_train/2492.bpseq
[1504/2888] 正在预测序列: 2493
  ✓ 完成: /home/bingxing2/home/scx7auf/Shihaoxuan/graduate/data/RE-datasetA/contrafold_train/2493.bpseq
[1505/2888] 正在预测序列: 2494
  ✓ 完成: /home/bingxing2/home/scx7auf/Shihaoxuan/graduate/data/RE-datasetA/contrafold_train/2494.bpseq
[1506/2888] 正在预测序列: 2495
  ✓ 完成: /home/bingxing2/home/scx7auf/Shihaoxuan/graduate/data/RE-datasetA/contrafold_train/2495.bpseq
[1507/2888] 正在预测序列: 2496
  ✓ 完成: /home/bingxing2/home/scx7auf/Shihaoxuan/graduate/data/RE-datasetA/contrafold_train/2496.bpseq
[1508/2888] 正在预测序列: 2497
  ✓ 完成: /home/bingxing2/home/scx7auf/Shihaoxuan/graduate/data/RE-datasetA/contrafold_train/2497.bpseq
[1509/2888] 正在预测序列: 2498
  ✓ 完成: /home/bingxing2/home/scx7auf/Shihaoxuan/graduate/data/RE-datasetA/contrafold_train/2498.bpseq
[1510/2888] 正在预测序列: 2499
  ✓ 完成: /home/bingxing2/home/scx7auf/Shihaoxuan/graduate/data/RE-datasetA/contrafold_train/2499.bpseq
[1511/2888] 正在预测序列: 249
  ✓ 完成: /home/bingxing2/home/scx7auf/Shihaoxuan/graduate/data/RE-datasetA/contrafold_train/249.bpseq
[1512/2888] 正在预测序列: 24
  ✓ 完成: /home/bingxing2/home/scx7auf/Shihaoxuan/graduate/data/RE-datasetA/contrafold_train/24.bpseq
[1513/2888] 正在预测序列: 2500
  ✓ 完成: /home/bingxing2/home/scx7auf/Shihaoxuan/graduate/data/RE-datasetA/contrafold_train/2500.bpseq
[1514/2888] 正在预测序列: 2501
  ✓ 完成: /home/bingxing2/home/scx7auf/Shihaoxuan/graduate/data/RE-datasetA/contrafold_train/2501.bpseq
[1515/2888] 正在预测序列: 2502
  ✓ 完成: /home/bingxing2/home/scx7auf/Shihaoxuan/graduate/data/RE-datasetA/contrafold_train/2502.bpseq
[1516/2888] 正在预测序列: 2503
  ✓ 完成: /home/bingxing2/home/scx7auf/Shihaoxuan/graduate/data/RE-datasetA/contrafold_train/2503.bpseq
[1517/2888] 正在预测序列: 2504
  ✓ 完成: /home/bingxing2/home/scx7auf/Shihaoxuan/graduate/data/RE-datasetA/contrafold_train/2504.bpseq
[1518/2888] 正在预测序列: 2505
  ✓ 完成: /home/bingxing2/home/scx7auf/Shihaoxuan/graduate/data/RE-datasetA/contrafold_train/2505.bpseq
[1519/2888] 正在预测序列: 2506
  ✓ 完成: /home/bingxing2/home/scx7auf/Shihaoxuan/graduate/data/RE-datasetA/contrafold_train/2506.bpseq
[1520/2888] 正在预测序列: 2507
  ✓ 完成: /home/bingxing2/home/scx7auf/Shihaoxuan/graduate/data/RE-datasetA/contrafold_train/2507.bpseq
[1521/2888] 正在预测序列: 2508
  ✓ 完成: /home/bingxing2/home/scx7auf/Shihaoxuan/graduate/data/RE-datasetA/contrafold_train/2508.bpseq
[1522/2888] 正在预测序列: 2509
  ✓ 完成: /home/bingxing2/home/scx7auf/Shihaoxuan/graduate/data/RE-datasetA/contrafold_train/2509.bpseq
[1523/2888] 正在预测序列: 250
  ✓ 完成: /home/bingxing2/home/scx7auf/Shihaoxuan/graduate/data/RE-datasetA/contrafold_train/250.bpseq
[1524/2888] 正在预测序列: 2510
  ✓ 完成: /home/bingxing2/home/scx7auf/Shihaoxuan/graduate/data/RE-datasetA/contrafold_train/2510.bpseq
[1525/2888] 正在预测序列: 2511
  ✓ 完成: /home/bingxing2/home/scx7auf/Shihaoxuan/graduate/data/RE-datasetA/contrafold_train/2511.bpseq
[1526/2888] 正在预测序列: 2512
  ✓ 完成: /home/bingxing2/home/scx7auf/Shihaoxuan/graduate/data/RE-datasetA/contrafold_train/2512.bpseq
[1527/2888] 正在预测序列: 2513
  ✓ 完成: /home/bingxing2/home/scx7auf/Shihaoxuan/graduate/data/RE-datasetA/contrafold_train/2513.bpseq
[1528/2888] 正在预测序列: 2514
  ✓ 完成: /home/bingxing2/home/scx7auf/Shihaoxuan/graduate/data/RE-datasetA/contrafold_train/2514.bpseq
[1529/2888] 正在预测序列: 2515
  ✓ 完成: /home/bingxing2/home/scx7auf/Shihaoxuan/graduate/data/RE-datasetA/contrafold_train/2515.bpseq
[1530/2888] 正在预测序列: 2516
  ✓ 完成: /home/bingxing2/home/scx7auf/Shihaoxuan/graduate/data/RE-datasetA/contrafold_train/2516.bpseq
[1531/2888] 正在预测序列: 2517
  ✓ 完成: /home/bingxing2/home/scx7auf/Shihaoxuan/graduate/data/RE-datasetA/contrafold_train/2517.bpseq
[1532/2888] 正在预测序列: 2518
  ✓ 完成: /home/bingxing2/home/scx7auf/Shihaoxuan/graduate/data/RE-datasetA/contrafold_train/2518.bpseq
[1533/2888] 正在预测序列: 2519
  ✓ 完成: /home/bingxing2/home/scx7auf/Shihaoxuan/graduate/data/RE-datasetA/contrafold_train/2519.bpseq
[1534/2888] 正在预测序列: 251
  ✓ 完成: /home/bingxing2/home/scx7auf/Shihaoxuan/graduate/data/RE-datasetA/contrafold_train/251.bpseq
[1535/2888] 正在预测序列: 2520
  ✓ 完成: /home/bingxing2/home/scx7auf/Shihaoxuan/graduate/data/RE-datasetA/contrafold_train/2520.bpseq
[1536/2888] 正在预测序列: 2521
  ✓ 完成: /home/bingxing2/home/scx7auf/Shihaoxuan/graduate/data/RE-datasetA/contrafold_train/2521.bpseq
[1537/2888] 正在预测序列: 2522
  ✓ 完成: /home/bingxing2/home/scx7auf/Shihaoxuan/graduate/data/RE-datasetA/contrafold_train/2522.bpseq
[1538/2888] 正在预测序列: 2523
  ✓ 完成: /home/bingxing2/home/scx7auf/Shihaoxuan/graduate/data/RE-datasetA/contrafold_train/2523.bpseq
[1539/2888] 正在预测序列: 2524
  ✓ 完成: /home/bingxing2/home/scx7auf/Shihaoxuan/graduate/data/RE-datasetA/contrafold_train/2524.bpseq
[1540/2888] 正在预测序列: 2525
  ✓ 完成: /home/bingxing2/home/scx7auf/Shihaoxuan/graduate/data/RE-datasetA/contrafold_train/2525.bpseq
[1541/2888] 正在预测序列: 2526
  ✓ 完成: /home/bingxing2/home/scx7auf/Shihaoxuan/graduate/data/RE-datasetA/contrafold_train/2526.bpseq
[1542/2888] 正在预测序列: 2527
  ✓ 完成: /home/bingxing2/home/scx7auf/Shihaoxuan/graduate/data/RE-datasetA/contrafold_train/2527.bpseq
[1543/2888] 正在预测序列: 2528
  ✓ 完成: /home/bingxing2/home/scx7auf/Shihaoxuan/graduate/data/RE-datasetA/contrafold_train/2528.bpseq
[1544/2888] 正在预测序列: 2529
  ✓ 完成: /home/bingxing2/home/scx7auf/Shihaoxuan/graduate/data/RE-datasetA/contrafold_train/2529.bpseq
[1545/2888] 正在预测序列: 252
  ✓ 完成: /home/bingxing2/home/scx7auf/Shihaoxuan/graduate/data/RE-datasetA/contrafold_train/252.bpseq
[1546/2888] 正在预测序列: 2530
  ✓ 完成: /home/bingxing2/home/scx7auf/Shihaoxuan/graduate/data/RE-datasetA/contrafold_train/2530.bpseq
[1547/2888] 正在预测序列: 2531
  ✓ 完成: /home/bingxing2/home/scx7auf/Shihaoxuan/graduate/data/RE-datasetA/contrafold_train/2531.bpseq
[1548/2888] 正在预测序列: 2532
  ✓ 完成: /home/bingxing2/home/scx7auf/Shihaoxuan/graduate/data/RE-datasetA/contrafold_train/2532.bpseq
[1549/2888] 正在预测序列: 2533
  ✓ 完成: /home/bingxing2/home/scx7auf/Shihaoxuan/graduate/data/RE-datasetA/contrafold_train/2533.bpseq
[1550/2888] 正在预测序列: 2534
  ✓ 完成: /home/bingxing2/home/scx7auf/Shihaoxuan/graduate/data/RE-datasetA/contrafold_train/2534.bpseq
[1551/2888] 正在预测序列: 2535
  ✓ 完成: /home/bingxing2/home/scx7auf/Shihaoxuan/graduate/data/RE-datasetA/contrafold_train/2535.bpseq
[1552/2888] 正在预测序列: 2536
  ✓ 完成: /home/bingxing2/home/scx7auf/Shihaoxuan/graduate/data/RE-datasetA/contrafold_train/2536.bpseq
[1553/2888] 正在预测序列: 2537
  ✓ 完成: /home/bingxing2/home/scx7auf/Shihaoxuan/graduate/data/RE-datasetA/contrafold_train/2537.bpseq
[1554/2888] 正在预测序列: 2538
  ✓ 完成: /home/bingxing2/home/scx7auf/Shihaoxuan/graduate/data/RE-datasetA/contrafold_train/2538.bpseq
[1555/2888] 正在预测序列: 2539
  ✓ 完成: /home/bingxing2/home/scx7auf/Shihaoxuan/graduate/data/RE-datasetA/contrafold_train/2539.bpseq
[1556/2888] 正在预测序列: 253
  ✓ 完成: /home/bingxing2/home/scx7auf/Shihaoxuan/graduate/data/RE-datasetA/contrafold_train/253.bpseq
[1557/2888] 正在预测序列: 2540
  ✓ 完成: /home/bingxing2/home/scx7auf/Shihaoxuan/graduate/data/RE-datasetA/contrafold_train/2540.bpseq
[1558/2888] 正在预测序列: 2541
  ✓ 完成: /home/bingxing2/home/scx7auf/Shihaoxuan/graduate/data/RE-datasetA/contrafold_train/2541.bpseq
[1559/2888] 正在预测序列: 2542
  ✓ 完成: /home/bingxing2/home/scx7auf/Shihaoxuan/graduate/data/RE-datasetA/contrafold_train/2542.bpseq
[1560/2888] 正在预测序列: 2543
  ✓ 完成: /home/bingxing2/home/scx7auf/Shihaoxuan/graduate/data/RE-datasetA/contrafold_train/2543.bpseq
[1561/2888] 正在预测序列: 2544
  ✓ 完成: /home/bingxing2/home/scx7auf/Shihaoxuan/graduate/data/RE-datasetA/contrafold_train/2544.bpseq
[1562/2888] 正在预测序列: 2545
  ✓ 完成: /home/bingxing2/home/scx7auf/Shihaoxuan/graduate/data/RE-datasetA/contrafold_train/2545.bpseq
[1563/2888] 正在预测序列: 2546
  ✓ 完成: /home/bingxing2/home/scx7auf/Shihaoxuan/graduate/data/RE-datasetA/contrafold_train/2546.bpseq
[1564/2888] 正在预测序列: 2547
  ✓ 完成: /home/bingxing2/home/scx7auf/Shihaoxuan/graduate/data/RE-datasetA/contrafold_train/2547.bpseq
[1565/2888] 正在预测序列: 2548
  ✓ 完成: /home/bingxing2/home/scx7auf/Shihaoxuan/graduate/data/RE-datasetA/contrafold_train/2548.bpseq
[1566/2888] 正在预测序列: 2549
  ✓ 完成: /home/bingxing2/home/scx7auf/Shihaoxuan/graduate/data/RE-datasetA/contrafold_train/2549.bpseq
[1567/2888] 正在预测序列: 254
  ✓ 完成: /home/bingxing2/home/scx7auf/Shihaoxuan/graduate/data/RE-datasetA/contrafold_train/254.bpseq
[1568/2888] 正在预测序列: 2550
  ✓ 完成: /home/bingxing2/home/scx7auf/Shihaoxuan/graduate/data/RE-datasetA/contrafold_train/2550.bpseq
[1569/2888] 正在预测序列: 2551
  ✓ 完成: /home/bingxing2/home/scx7auf/Shihaoxuan/graduate/data/RE-datasetA/contrafold_train/2551.bpseq
[1570/2888] 正在预测序列: 2552
  ✓ 完成: /home/bingxing2/home/scx7auf/Shihaoxuan/graduate/data/RE-datasetA/contrafold_train/2552.bpseq
[1571/2888] 正在预测序列: 2553
  ✓ 完成: /home/bingxing2/home/scx7auf/Shihaoxuan/graduate/data/RE-datasetA/contrafold_train/2553.bpseq
[1572/2888] 正在预测序列: 2554
  ✓ 完成: /home/bingxing2/home/scx7auf/Shihaoxuan/graduate/data/RE-datasetA/contrafold_train/2554.bpseq
[1573/2888] 正在预测序列: 2555
  ✓ 完成: /home/bingxing2/home/scx7auf/Shihaoxuan/graduate/data/RE-datasetA/contrafold_train/2555.bpseq
[1574/2888] 正在预测序列: 2556
  ✓ 完成: /home/bingxing2/home/scx7auf/Shihaoxuan/graduate/data/RE-datasetA/contrafold_train/2556.bpseq
[1575/2888] 正在预测序列: 2557
  ✓ 完成: /home/bingxing2/home/scx7auf/Shihaoxuan/graduate/data/RE-datasetA/contrafold_train/2557.bpseq
[1576/2888] 正在预测序列: 2558
  ✓ 完成: /home/bingxing2/home/scx7auf/Shihaoxuan/graduate/data/RE-datasetA/contrafold_train/2558.bpseq
[1577/2888] 正在预测序列: 2559
  ✓ 完成: /home/bingxing2/home/scx7auf/Shihaoxuan/graduate/data/RE-datasetA/contrafold_train/2559.bpseq
[1578/2888] 正在预测序列: 255
  ✓ 完成: /home/bingxing2/home/scx7auf/Shihaoxuan/graduate/data/RE-datasetA/contrafold_train/255.bpseq
[1579/2888] 正在预测序列: 2560
  ✓ 完成: /home/bingxing2/home/scx7auf/Shihaoxuan/graduate/data/RE-datasetA/contrafold_train/2560.bpseq
[1580/2888] 正在预测序列: 2561
  ✓ 完成: /home/bingxing2/home/scx7auf/Shihaoxuan/graduate/data/RE-datasetA/contrafold_train/2561.bpseq
[1581/2888] 正在预测序列: 2562
  ✓ 完成: /home/bingxing2/home/scx7auf/Shihaoxuan/graduate/data/RE-datasetA/contrafold_train/2562.bpseq
[1582/2888] 正在预测序列: 2563
  ✓ 完成: /home/bingxing2/home/scx7auf/Shihaoxuan/graduate/data/RE-datasetA/contrafold_train/2563.bpseq
[1583/2888] 正在预测序列: 2564
  ✓ 完成: /home/bingxing2/home/scx7auf/Shihaoxuan/graduate/data/RE-datasetA/contrafold_train/2564.bpseq
[1584/2888] 正在预测序列: 2565
  ✓ 完成: /home/bingxing2/home/scx7auf/Shihaoxuan/graduate/data/RE-datasetA/contrafold_train/2565.bpseq
[1585/2888] 正在预测序列: 2566
  ✓ 完成: /home/bingxing2/home/scx7auf/Shihaoxuan/graduate/data/RE-datasetA/contrafold_train/2566.bpseq
[1586/2888] 正在预测序列: 2567
  ✓ 完成: /home/bingxing2/home/scx7auf/Shihaoxuan/graduate/data/RE-datasetA/contrafold_train/2567.bpseq
[1587/2888] 正在预测序列: 2568
  ✓ 完成: /home/bingxing2/home/scx7auf/Shihaoxuan/graduate/data/RE-datasetA/contrafold_train/2568.bpseq
[1588/2888] 正在预测序列: 2569
  ✓ 完成: /home/bingxing2/home/scx7auf/Shihaoxuan/graduate/data/RE-datasetA/contrafold_train/2569.bpseq
[1589/2888] 正在预测序列: 256
  ✓ 完成: /home/bingxing2/home/scx7auf/Shihaoxuan/graduate/data/RE-datasetA/contrafold_train/256.bpseq
[1590/2888] 正在预测序列: 2570
  ✓ 完成: /home/bingxing2/home/scx7auf/Shihaoxuan/graduate/data/RE-datasetA/contrafold_train/2570.bpseq
[1591/2888] 正在预测序列: 2571
  ✓ 完成: /home/bingxing2/home/scx7auf/Shihaoxuan/graduate/data/RE-datasetA/contrafold_train/2571.bpseq
[1592/2888] 正在预测序列: 2572
  ✓ 完成: /home/bingxing2/home/scx7auf/Shihaoxuan/graduate/data/RE-datasetA/contrafold_train/2572.bpseq
[1593/2888] 正在预测序列: 2573
  ✓ 完成: /home/bingxing2/home/scx7auf/Shihaoxuan/graduate/data/RE-datasetA/contrafold_train/2573.bpseq
[1594/2888] 正在预测序列: 2574
  ✓ 完成: /home/bingxing2/home/scx7auf/Shihaoxuan/graduate/data/RE-datasetA/contrafold_train/2574.bpseq
[1595/2888] 正在预测序列: 2575
  ✓ 完成: /home/bingxing2/home/scx7auf/Shihaoxuan/graduate/data/RE-datasetA/contrafold_train/2575.bpseq
[1596/2888] 正在预测序列: 2576
  ✓ 完成: /home/bingxing2/home/scx7auf/Shihaoxuan/graduate/data/RE-datasetA/contrafold_train/2576.bpseq
[1597/2888] 正在预测序列: 2577
  ✓ 完成: /home/bingxing2/home/scx7auf/Shihaoxuan/graduate/data/RE-datasetA/contrafold_train/2577.bpseq
[1598/2888] 正在预测序列: 2578
  ✓ 完成: /home/bingxing2/home/scx7auf/Shihaoxuan/graduate/data/RE-datasetA/contrafold_train/2578.bpseq
[1599/2888] 正在预测序列: 2579
  ✓ 完成: /home/bingxing2/home/scx7auf/Shihaoxuan/graduate/data/RE-datasetA/contrafold_train/2579.bpseq
[1600/2888] 正在预测序列: 257
  ✓ 完成: /home/bingxing2/home/scx7auf/Shihaoxuan/graduate/data/RE-datasetA/contrafold_train/257.bpseq
[1601/2888] 正在预测序列: 2580
  ✓ 完成: /home/bingxing2/home/scx7auf/Shihaoxuan/graduate/data/RE-datasetA/contrafold_train/2580.bpseq
[1602/2888] 正在预测序列: 2581
  ✓ 完成: /home/bingxing2/home/scx7auf/Shihaoxuan/graduate/data/RE-datasetA/contrafold_train/2581.bpseq
[1603/2888] 正在预测序列: 2582
  ✓ 完成: /home/bingxing2/home/scx7auf/Shihaoxuan/graduate/data/RE-datasetA/contrafold_train/2582.bpseq
[1604/2888] 正在预测序列: 2583
  ✓ 完成: /home/bingxing2/home/scx7auf/Shihaoxuan/graduate/data/RE-datasetA/contrafold_train/2583.bpseq
[1605/2888] 正在预测序列: 2584
  ✓ 完成: /home/bingxing2/home/scx7auf/Shihaoxuan/graduate/data/RE-datasetA/contrafold_train/2584.bpseq
[1606/2888] 正在预测序列: 2585
  ✓ 完成: /home/bingxing2/home/scx7auf/Shihaoxuan/graduate/data/RE-datasetA/contrafold_train/2585.bpseq
[1607/2888] 正在预测序列: 2586
  ✓ 完成: /home/bingxing2/home/scx7auf/Shihaoxuan/graduate/data/RE-datasetA/contrafold_train/2586.bpseq
[1608/2888] 正在预测序列: 2587
  ✓ 完成: /home/bingxing2/home/scx7auf/Shihaoxuan/graduate/data/RE-datasetA/contrafold_train/2587.bpseq
[1609/2888] 正在预测序列: 2588
  ✓ 完成: /home/bingxing2/home/scx7auf/Shihaoxuan/graduate/data/RE-datasetA/contrafold_train/2588.bpseq
[1610/2888] 正在预测序列: 2589
  ✓ 完成: /home/bingxing2/home/scx7auf/Shihaoxuan/graduate/data/RE-datasetA/contrafold_train/2589.bpseq
[1611/2888] 正在预测序列: 258
  ✓ 完成: /home/bingxing2/home/scx7auf/Shihaoxuan/graduate/data/RE-datasetA/contrafold_train/258.bpseq
[1612/2888] 正在预测序列: 2590
  ✓ 完成: /home/bingxing2/home/scx7auf/Shihaoxuan/graduate/data/RE-datasetA/contrafold_train/2590.bpseq
[1613/2888] 正在预测序列: 2591
  ✓ 完成: /home/bingxing2/home/scx7auf/Shihaoxuan/graduate/data/RE-datasetA/contrafold_train/2591.bpseq
[1614/2888] 正在预测序列: 2592
  ✓ 完成: /home/bingxing2/home/scx7auf/Shihaoxuan/graduate/data/RE-datasetA/contrafold_train/2592.bpseq
[1615/2888] 正在预测序列: 2593
  ✓ 完成: /home/bingxing2/home/scx7auf/Shihaoxuan/graduate/data/RE-datasetA/contrafold_train/2593.bpseq
[1616/2888] 正在预测序列: 2594
  ✓ 完成: /home/bingxing2/home/scx7auf/Shihaoxuan/graduate/data/RE-datasetA/contrafold_train/2594.bpseq
[1617/2888] 正在预测序列: 2595
  ✓ 完成: /home/bingxing2/home/scx7auf/Shihaoxuan/graduate/data/RE-datasetA/contrafold_train/2595.bpseq
[1618/2888] 正在预测序列: 2596
  ✓ 完成: /home/bingxing2/home/scx7auf/Shihaoxuan/graduate/data/RE-datasetA/contrafold_train/2596.bpseq
[1619/2888] 正在预测序列: 2597
  ✓ 完成: /home/bingxing2/home/scx7auf/Shihaoxuan/graduate/data/RE-datasetA/contrafold_train/2597.bpseq
[1620/2888] 正在预测序列: 2598
  ✓ 完成: /home/bingxing2/home/scx7auf/Shihaoxuan/graduate/data/RE-datasetA/contrafold_train/2598.bpseq
[1621/2888] 正在预测序列: 2599
  ✓ 完成: /home/bingxing2/home/scx7auf/Shihaoxuan/graduate/data/RE-datasetA/contrafold_train/2599.bpseq
[1622/2888] 正在预测序列: 259
  ✓ 完成: /home/bingxing2/home/scx7auf/Shihaoxuan/graduate/data/RE-datasetA/contrafold_train/259.bpseq
[1623/2888] 正在预测序列: 25
  ✓ 完成: /home/bingxing2/home/scx7auf/Shihaoxuan/graduate/data/RE-datasetA/contrafold_train/25.bpseq
[1624/2888] 正在预测序列: 2600
  ✓ 完成: /home/bingxing2/home/scx7auf/Shihaoxuan/graduate/data/RE-datasetA/contrafold_train/2600.bpseq
[1625/2888] 正在预测序列: 2601
  ✓ 完成: /home/bingxing2/home/scx7auf/Shihaoxuan/graduate/data/RE-datasetA/contrafold_train/2601.bpseq
[1626/2888] 正在预测序列: 2602
  ✓ 完成: /home/bingxing2/home/scx7auf/Shihaoxuan/graduate/data/RE-datasetA/contrafold_train/2602.bpseq
[1627/2888] 正在预测序列: 2603
  ✓ 完成: /home/bingxing2/home/scx7auf/Shihaoxuan/graduate/data/RE-datasetA/contrafold_train/2603.bpseq
[1628/2888] 正在预测序列: 2604
  ✓ 完成: /home/bingxing2/home/scx7auf/Shihaoxuan/graduate/data/RE-datasetA/contrafold_train/2604.bpseq
[1629/2888] 正在预测序列: 2605
  ✓ 完成: /home/bingxing2/home/scx7auf/Shihaoxuan/graduate/data/RE-datasetA/contrafold_train/2605.bpseq
[1630/2888] 正在预测序列: 2606
  ✓ 完成: /home/bingxing2/home/scx7auf/Shihaoxuan/graduate/data/RE-datasetA/contrafold_train/2606.bpseq
[1631/2888] 正在预测序列: 2607
  ✓ 完成: /home/bingxing2/home/scx7auf/Shihaoxuan/graduate/data/RE-datasetA/contrafold_train/2607.bpseq
[1632/2888] 正在预测序列: 2608
  ✓ 完成: /home/bingxing2/home/scx7auf/Shihaoxuan/graduate/data/RE-datasetA/contrafold_train/2608.bpseq
[1633/2888] 正在预测序列: 2609
  ✓ 完成: /home/bingxing2/home/scx7auf/Shihaoxuan/graduate/data/RE-datasetA/contrafold_train/2609.bpseq
[1634/2888] 正在预测序列: 260
  ✓ 完成: /home/bingxing2/home/scx7auf/Shihaoxuan/graduate/data/RE-datasetA/contrafold_train/260.bpseq
[1635/2888] 正在预测序列: 2610
  ✓ 完成: /home/bingxing2/home/scx7auf/Shihaoxuan/graduate/data/RE-datasetA/contrafold_train/2610.bpseq
[1636/2888] 正在预测序列: 2611
  ✓ 完成: /home/bingxing2/home/scx7auf/Shihaoxuan/graduate/data/RE-datasetA/contrafold_train/2611.bpseq
[1637/2888] 正在预测序列: 2612
  ✓ 完成: /home/bingxing2/home/scx7auf/Shihaoxuan/graduate/data/RE-datasetA/contrafold_train/2612.bpseq
[1638/2888] 正在预测序列: 2613
  ✓ 完成: /home/bingxing2/home/scx7auf/Shihaoxuan/graduate/data/RE-datasetA/contrafold_train/2613.bpseq
[1639/2888] 正在预测序列: 2614
  ✓ 完成: /home/bingxing2/home/scx7auf/Shihaoxuan/graduate/data/RE-datasetA/contrafold_train/2614.bpseq
[1640/2888] 正在预测序列: 2615
  ✓ 完成: /home/bingxing2/home/scx7auf/Shihaoxuan/graduate/data/RE-datasetA/contrafold_train/2615.bpseq
[1641/2888] 正在预测序列: 2616
  ✓ 完成: /home/bingxing2/home/scx7auf/Shihaoxuan/graduate/data/RE-datasetA/contrafold_train/2616.bpseq
[1642/2888] 正在预测序列: 2617
  ✓ 完成: /home/bingxing2/home/scx7auf/Shihaoxuan/graduate/data/RE-datasetA/contrafold_train/2617.bpseq
[1643/2888] 正在预测序列: 2618
  ✓ 完成: /home/bingxing2/home/scx7auf/Shihaoxuan/graduate/data/RE-datasetA/contrafold_train/2618.bpseq
[1644/2888] 正在预测序列: 2619
  ✓ 完成: /home/bingxing2/home/scx7auf/Shihaoxuan/graduate/data/RE-datasetA/contrafold_train/2619.bpseq
[1645/2888] 正在预测序列: 261
  ✓ 完成: /home/bingxing2/home/scx7auf/Shihaoxuan/graduate/data/RE-datasetA/contrafold_train/261.bpseq
[1646/2888] 正在预测序列: 2620
  ✓ 完成: /home/bingxing2/home/scx7auf/Shihaoxuan/graduate/data/RE-datasetA/contrafold_train/2620.bpseq
[1647/2888] 正在预测序列: 2621
  ✓ 完成: /home/bingxing2/home/scx7auf/Shihaoxuan/graduate/data/RE-datasetA/contrafold_train/2621.bpseq
[1648/2888] 正在预测序列: 2622
  ✓ 完成: /home/bingxing2/home/scx7auf/Shihaoxuan/graduate/data/RE-datasetA/contrafold_train/2622.bpseq
[1649/2888] 正在预测序列: 2623
  ✓ 完成: /home/bingxing2/home/scx7auf/Shihaoxuan/graduate/data/RE-datasetA/contrafold_train/2623.bpseq
[1650/2888] 正在预测序列: 2624
  ✓ 完成: /home/bingxing2/home/scx7auf/Shihaoxuan/graduate/data/RE-datasetA/contrafold_train/2624.bpseq
[1651/2888] 正在预测序列: 2625
  ✓ 完成: /home/bingxing2/home/scx7auf/Shihaoxuan/graduate/data/RE-datasetA/contrafold_train/2625.bpseq
[1652/2888] 正在预测序列: 2626
  ✓ 完成: /home/bingxing2/home/scx7auf/Shihaoxuan/graduate/data/RE-datasetA/contrafold_train/2626.bpseq
[1653/2888] 正在预测序列: 2627
  ✓ 完成: /home/bingxing2/home/scx7auf/Shihaoxuan/graduate/data/RE-datasetA/contrafold_train/2627.bpseq
[1654/2888] 正在预测序列: 2628
  ✓ 完成: /home/bingxing2/home/scx7auf/Shihaoxuan/graduate/data/RE-datasetA/contrafold_train/2628.bpseq
[1655/2888] 正在预测序列: 2629
  ✓ 完成: /home/bingxing2/home/scx7auf/Shihaoxuan/graduate/data/RE-datasetA/contrafold_train/2629.bpseq
[1656/2888] 正在预测序列: 262
  ✓ 完成: /home/bingxing2/home/scx7auf/Shihaoxuan/graduate/data/RE-datasetA/contrafold_train/262.bpseq
[1657/2888] 正在预测序列: 2630
  ✓ 完成: /home/bingxing2/home/scx7auf/Shihaoxuan/graduate/data/RE-datasetA/contrafold_train/2630.bpseq
[1658/2888] 正在预测序列: 2631
  ✓ 完成: /home/bingxing2/home/scx7auf/Shihaoxuan/graduate/data/RE-datasetA/contrafold_train/2631.bpseq
[1659/2888] 正在预测序列: 2632
  ✓ 完成: /home/bingxing2/home/scx7auf/Shihaoxuan/graduate/data/RE-datasetA/contrafold_train/2632.bpseq
[1660/2888] 正在预测序列: 2633
  ✓ 完成: /home/bingxing2/home/scx7auf/Shihaoxuan/graduate/data/RE-datasetA/contrafold_train/2633.bpseq
[1661/2888] 正在预测序列: 2634
  ✓ 完成: /home/bingxing2/home/scx7auf/Shihaoxuan/graduate/data/RE-datasetA/contrafold_train/2634.bpseq
[1662/2888] 正在预测序列: 2635
  ✓ 完成: /home/bingxing2/home/scx7auf/Shihaoxuan/graduate/data/RE-datasetA/contrafold_train/2635.bpseq
[1663/2888] 正在预测序列: 2636
  ✓ 完成: /home/bingxing2/home/scx7auf/Shihaoxuan/graduate/data/RE-datasetA/contrafold_train/2636.bpseq
[1664/2888] 正在预测序列: 2637
  ✓ 完成: /home/bingxing2/home/scx7auf/Shihaoxuan/graduate/data/RE-datasetA/contrafold_train/2637.bpseq
[1665/2888] 正在预测序列: 2638
  ✓ 完成: /home/bingxing2/home/scx7auf/Shihaoxuan/graduate/data/RE-datasetA/contrafold_train/2638.bpseq
[1666/2888] 正在预测序列: 2639
  ✓ 完成: /home/bingxing2/home/scx7auf/Shihaoxuan/graduate/data/RE-datasetA/contrafold_train/2639.bpseq
[1667/2888] 正在预测序列: 263
  ✓ 完成: /home/bingxing2/home/scx7auf/Shihaoxuan/graduate/data/RE-datasetA/contrafold_train/263.bpseq
[1668/2888] 正在预测序列: 2640
  ✓ 完成: /home/bingxing2/home/scx7auf/Shihaoxuan/graduate/data/RE-datasetA/contrafold_train/2640.bpseq
[1669/2888] 正在预测序列: 2641
  ✓ 完成: /home/bingxing2/home/scx7auf/Shihaoxuan/graduate/data/RE-datasetA/contrafold_train/2641.bpseq
[1670/2888] 正在预测序列: 2642
  ✓ 完成: /home/bingxing2/home/scx7auf/Shihaoxuan/graduate/data/RE-datasetA/contrafold_train/2642.bpseq
[1671/2888] 正在预测序列: 2643
  ✓ 完成: /home/bingxing2/home/scx7auf/Shihaoxuan/graduate/data/RE-datasetA/contrafold_train/2643.bpseq
[1672/2888] 正在预测序列: 2644
  ✓ 完成: /home/bingxing2/home/scx7auf/Shihaoxuan/graduate/data/RE-datasetA/contrafold_train/2644.bpseq
[1673/2888] 正在预测序列: 2645
  ✓ 完成: /home/bingxing2/home/scx7auf/Shihaoxuan/graduate/data/RE-datasetA/contrafold_train/2645.bpseq
[1674/2888] 正在预测序列: 2646
  ✓ 完成: /home/bingxing2/home/scx7auf/Shihaoxuan/graduate/data/RE-datasetA/contrafold_train/2646.bpseq
[1675/2888] 正在预测序列: 2647
  ✓ 完成: /home/bingxing2/home/scx7auf/Shihaoxuan/graduate/data/RE-datasetA/contrafold_train/2647.bpseq
[1676/2888] 正在预测序列: 2648
  ✓ 完成: /home/bingxing2/home/scx7auf/Shihaoxuan/graduate/data/RE-datasetA/contrafold_train/2648.bpseq
[1677/2888] 正在预测序列: 2649
  ✓ 完成: /home/bingxing2/home/scx7auf/Shihaoxuan/graduate/data/RE-datasetA/contrafold_train/2649.bpseq
[1678/2888] 正在预测序列: 264
  ✓ 完成: /home/bingxing2/home/scx7auf/Shihaoxuan/graduate/data/RE-datasetA/contrafold_train/264.bpseq
[1679/2888] 正在预测序列: 2650
  ✓ 完成: /home/bingxing2/home/scx7auf/Shihaoxuan/graduate/data/RE-datasetA/contrafold_train/2650.bpseq
[1680/2888] 正在预测序列: 2651
  ✓ 完成: /home/bingxing2/home/scx7auf/Shihaoxuan/graduate/data/RE-datasetA/contrafold_train/2651.bpseq
[1681/2888] 正在预测序列: 2652
  ✓ 完成: /home/bingxing2/home/scx7auf/Shihaoxuan/graduate/data/RE-datasetA/contrafold_train/2652.bpseq
[1682/2888] 正在预测序列: 2653
  ✓ 完成: /home/bingxing2/home/scx7auf/Shihaoxuan/graduate/data/RE-datasetA/contrafold_train/2653.bpseq
[1683/2888] 正在预测序列: 2654
  ✓ 完成: /home/bingxing2/home/scx7auf/Shihaoxuan/graduate/data/RE-datasetA/contrafold_train/2654.bpseq
[1684/2888] 正在预测序列: 2655
  ✓ 完成: /home/bingxing2/home/scx7auf/Shihaoxuan/graduate/data/RE-datasetA/contrafold_train/2655.bpseq
[1685/2888] 正在预测序列: 2656
  ✓ 完成: /home/bingxing2/home/scx7auf/Shihaoxuan/graduate/data/RE-datasetA/contrafold_train/2656.bpseq
[1686/2888] 正在预测序列: 2657
  ✓ 完成: /home/bingxing2/home/scx7auf/Shihaoxuan/graduate/data/RE-datasetA/contrafold_train/2657.bpseq
[1687/2888] 正在预测序列: 2658
  ✓ 完成: /home/bingxing2/home/scx7auf/Shihaoxuan/graduate/data/RE-datasetA/contrafold_train/2658.bpseq
[1688/2888] 正在预测序列: 2659
  ✓ 完成: /home/bingxing2/home/scx7auf/Shihaoxuan/graduate/data/RE-datasetA/contrafold_train/2659.bpseq
[1689/2888] 正在预测序列: 265
  ✓ 完成: /home/bingxing2/home/scx7auf/Shihaoxuan/graduate/data/RE-datasetA/contrafold_train/265.bpseq
[1690/2888] 正在预测序列: 2660
  ✓ 完成: /home/bingxing2/home/scx7auf/Shihaoxuan/graduate/data/RE-datasetA/contrafold_train/2660.bpseq
[1691/2888] 正在预测序列: 2661
  ✓ 完成: /home/bingxing2/home/scx7auf/Shihaoxuan/graduate/data/RE-datasetA/contrafold_train/2661.bpseq
[1692/2888] 正在预测序列: 2662
  ✓ 完成: /home/bingxing2/home/scx7auf/Shihaoxuan/graduate/data/RE-datasetA/contrafold_train/2662.bpseq
[1693/2888] 正在预测序列: 2663
  ✓ 完成: /home/bingxing2/home/scx7auf/Shihaoxuan/graduate/data/RE-datasetA/contrafold_train/2663.bpseq
[1694/2888] 正在预测序列: 2664
  ✓ 完成: /home/bingxing2/home/scx7auf/Shihaoxuan/graduate/data/RE-datasetA/contrafold_train/2664.bpseq
[1695/2888] 正在预测序列: 2665
  ✓ 完成: /home/bingxing2/home/scx7auf/Shihaoxuan/graduate/data/RE-datasetA/contrafold_train/2665.bpseq
[1696/2888] 正在预测序列: 2666
  ✓ 完成: /home/bingxing2/home/scx7auf/Shihaoxuan/graduate/data/RE-datasetA/contrafold_train/2666.bpseq
[1697/2888] 正在预测序列: 2667
  ✓ 完成: /home/bingxing2/home/scx7auf/Shihaoxuan/graduate/data/RE-datasetA/contrafold_train/2667.bpseq
[1698/2888] 正在预测序列: 2668
  ✓ 完成: /home/bingxing2/home/scx7auf/Shihaoxuan/graduate/data/RE-datasetA/contrafold_train/2668.bpseq
[1699/2888] 正在预测序列: 2669
  ✓ 完成: /home/bingxing2/home/scx7auf/Shihaoxuan/graduate/data/RE-datasetA/contrafold_train/2669.bpseq
[1700/2888] 正在预测序列: 266
  ✓ 完成: /home/bingxing2/home/scx7auf/Shihaoxuan/graduate/data/RE-datasetA/contrafold_train/266.bpseq
[1701/2888] 正在预测序列: 2670
  ✓ 完成: /home/bingxing2/home/scx7auf/Shihaoxuan/graduate/data/RE-datasetA/contrafold_train/2670.bpseq
[1702/2888] 正在预测序列: 2671
  ✓ 完成: /home/bingxing2/home/scx7auf/Shihaoxuan/graduate/data/RE-datasetA/contrafold_train/2671.bpseq
[1703/2888] 正在预测序列: 2672
  ✓ 完成: /home/bingxing2/home/scx7auf/Shihaoxuan/graduate/data/RE-datasetA/contrafold_train/2672.bpseq
[1704/2888] 正在预测序列: 2673
  ✓ 完成: /home/bingxing2/home/scx7auf/Shihaoxuan/graduate/data/RE-datasetA/contrafold_train/2673.bpseq
[1705/2888] 正在预测序列: 2674
  ✓ 完成: /home/bingxing2/home/scx7auf/Shihaoxuan/graduate/data/RE-datasetA/contrafold_train/2674.bpseq
[1706/2888] 正在预测序列: 2675
  ✓ 完成: /home/bingxing2/home/scx7auf/Shihaoxuan/graduate/data/RE-datasetA/contrafold_train/2675.bpseq
[1707/2888] 正在预测序列: 2676
  ✓ 完成: /home/bingxing2/home/scx7auf/Shihaoxuan/graduate/data/RE-datasetA/contrafold_train/2676.bpseq
[1708/2888] 正在预测序列: 2677
  ✓ 完成: /home/bingxing2/home/scx7auf/Shihaoxuan/graduate/data/RE-datasetA/contrafold_train/2677.bpseq
[1709/2888] 正在预测序列: 2678
  ✓ 完成: /home/bingxing2/home/scx7auf/Shihaoxuan/graduate/data/RE-datasetA/contrafold_train/2678.bpseq
[1710/2888] 正在预测序列: 2679
  ✓ 完成: /home/bingxing2/home/scx7auf/Shihaoxuan/graduate/data/RE-datasetA/contrafold_train/2679.bpseq
[1711/2888] 正在预测序列: 267
  ✓ 完成: /home/bingxing2/home/scx7auf/Shihaoxuan/graduate/data/RE-datasetA/contrafold_train/267.bpseq
[1712/2888] 正在预测序列: 2680
  ✓ 完成: /home/bingxing2/home/scx7auf/Shihaoxuan/graduate/data/RE-datasetA/contrafold_train/2680.bpseq
[1713/2888] 正在预测序列: 2681
  ✓ 完成: /home/bingxing2/home/scx7auf/Shihaoxuan/graduate/data/RE-datasetA/contrafold_train/2681.bpseq
[1714/2888] 正在预测序列: 2682
  ✓ 完成: /home/bingxing2/home/scx7auf/Shihaoxuan/graduate/data/RE-datasetA/contrafold_train/2682.bpseq
[1715/2888] 正在预测序列: 2683
  ✓ 完成: /home/bingxing2/home/scx7auf/Shihaoxuan/graduate/data/RE-datasetA/contrafold_train/2683.bpseq
[1716/2888] 正在预测序列: 2684
  ✓ 完成: /home/bingxing2/home/scx7auf/Shihaoxuan/graduate/data/RE-datasetA/contrafold_train/2684.bpseq
[1717/2888] 正在预测序列: 2685
  ✓ 完成: /home/bingxing2/home/scx7auf/Shihaoxuan/graduate/data/RE-datasetA/contrafold_train/2685.bpseq
[1718/2888] 正在预测序列: 2686
  ✓ 完成: /home/bingxing2/home/scx7auf/Shihaoxuan/graduate/data/RE-datasetA/contrafold_train/2686.bpseq
[1719/2888] 正在预测序列: 2687
  ✓ 完成: /home/bingxing2/home/scx7auf/Shihaoxuan/graduate/data/RE-datasetA/contrafold_train/2687.bpseq
[1720/2888] 正在预测序列: 2688
  ✓ 完成: /home/bingxing2/home/scx7auf/Shihaoxuan/graduate/data/RE-datasetA/contrafold_train/2688.bpseq
[1721/2888] 正在预测序列: 2689
  ✓ 完成: /home/bingxing2/home/scx7auf/Shihaoxuan/graduate/data/RE-datasetA/contrafold_train/2689.bpseq
[1722/2888] 正在预测序列: 2690
  ✓ 完成: /home/bingxing2/home/scx7auf/Shihaoxuan/graduate/data/RE-datasetA/contrafold_train/2690.bpseq
[1723/2888] 正在预测序列: 2691
  ✓ 完成: /home/bingxing2/home/scx7auf/Shihaoxuan/graduate/data/RE-datasetA/contrafold_train/2691.bpseq
[1724/2888] 正在预测序列: 2692
  ✓ 完成: /home/bingxing2/home/scx7auf/Shihaoxuan/graduate/data/RE-datasetA/contrafold_train/2692.bpseq
[1725/2888] 正在预测序列: 2693
  ✓ 完成: /home/bingxing2/home/scx7auf/Shihaoxuan/graduate/data/RE-datasetA/contrafold_train/2693.bpseq
[1726/2888] 正在预测序列: 2694
  ✓ 完成: /home/bingxing2/home/scx7auf/Shihaoxuan/graduate/data/RE-datasetA/contrafold_train/2694.bpseq
[1727/2888] 正在预测序列: 2695
  ✓ 完成: /home/bingxing2/home/scx7auf/Shihaoxuan/graduate/data/RE-datasetA/contrafold_train/2695.bpseq
[1728/2888] 正在预测序列: 2696
  ✓ 完成: /home/bingxing2/home/scx7auf/Shihaoxuan/graduate/data/RE-datasetA/contrafold_train/2696.bpseq
[1729/2888] 正在预测序列: 2697
  ✓ 完成: /home/bingxing2/home/scx7auf/Shihaoxuan/graduate/data/RE-datasetA/contrafold_train/2697.bpseq
[1730/2888] 正在预测序列: 2698
  ✓ 完成: /home/bingxing2/home/scx7auf/Shihaoxuan/graduate/data/RE-datasetA/contrafold_train/2698.bpseq
[1731/2888] 正在预测序列: 2699
  ✓ 完成: /home/bingxing2/home/scx7auf/Shihaoxuan/graduate/data/RE-datasetA/contrafold_train/2699.bpseq
[1732/2888] 正在预测序列: 26
  ✓ 完成: /home/bingxing2/home/scx7auf/Shihaoxuan/graduate/data/RE-datasetA/contrafold_train/26.bpseq
[1733/2888] 正在预测序列: 2700
  ✓ 完成: /home/bingxing2/home/scx7auf/Shihaoxuan/graduate/data/RE-datasetA/contrafold_train/2700.bpseq
[1734/2888] 正在预测序列: 2701
  ✓ 完成: /home/bingxing2/home/scx7auf/Shihaoxuan/graduate/data/RE-datasetA/contrafold_train/2701.bpseq
[1735/2888] 正在预测序列: 2702
  ✓ 完成: /home/bingxing2/home/scx7auf/Shihaoxuan/graduate/data/RE-datasetA/contrafold_train/2702.bpseq
[1736/2888] 正在预测序列: 2703
  ✓ 完成: /home/bingxing2/home/scx7auf/Shihaoxuan/graduate/data/RE-datasetA/contrafold_train/2703.bpseq
[1737/2888] 正在预测序列: 2704
  ✓ 完成: /home/bingxing2/home/scx7auf/Shihaoxuan/graduate/data/RE-datasetA/contrafold_train/2704.bpseq
[1738/2888] 正在预测序列: 2705
  ✓ 完成: /home/bingxing2/home/scx7auf/Shihaoxuan/graduate/data/RE-datasetA/contrafold_train/2705.bpseq
[1739/2888] 正在预测序列: 2706
  ✓ 完成: /home/bingxing2/home/scx7auf/Shihaoxuan/graduate/data/RE-datasetA/contrafold_train/2706.bpseq
[1740/2888] 正在预测序列: 2707
  ✓ 完成: /home/bingxing2/home/scx7auf/Shihaoxuan/graduate/data/RE-datasetA/contrafold_train/2707.bpseq
[1741/2888] 正在预测序列: 2708
  ✓ 完成: /home/bingxing2/home/scx7auf/Shihaoxuan/graduate/data/RE-datasetA/contrafold_train/2708.bpseq
[1742/2888] 正在预测序列: 2709
  ✓ 完成: /home/bingxing2/home/scx7auf/Shihaoxuan/graduate/data/RE-datasetA/contrafold_train/2709.bpseq
[1743/2888] 正在预测序列: 2710
  ✓ 完成: /home/bingxing2/home/scx7auf/Shihaoxuan/graduate/data/RE-datasetA/contrafold_train/2710.bpseq
[1744/2888] 正在预测序列: 2711
  ✓ 完成: /home/bingxing2/home/scx7auf/Shihaoxuan/graduate/data/RE-datasetA/contrafold_train/2711.bpseq
[1745/2888] 正在预测序列: 2712
  ✓ 完成: /home/bingxing2/home/scx7auf/Shihaoxuan/graduate/data/RE-datasetA/contrafold_train/2712.bpseq
[1746/2888] 正在预测序列: 2713
  ✓ 完成: /home/bingxing2/home/scx7auf/Shihaoxuan/graduate/data/RE-datasetA/contrafold_train/2713.bpseq
[1747/2888] 正在预测序列: 2714
  ✓ 完成: /home/bingxing2/home/scx7auf/Shihaoxuan/graduate/data/RE-datasetA/contrafold_train/2714.bpseq
[1748/2888] 正在预测序列: 2715
  ✓ 完成: /home/bingxing2/home/scx7auf/Shihaoxuan/graduate/data/RE-datasetA/contrafold_train/2715.bpseq
[1749/2888] 正在预测序列: 2716
  ✓ 完成: /home/bingxing2/home/scx7auf/Shihaoxuan/graduate/data/RE-datasetA/contrafold_train/2716.bpseq
[1750/2888] 正在预测序列: 2717
  ✓ 完成: /home/bingxing2/home/scx7auf/Shihaoxuan/graduate/data/RE-datasetA/contrafold_train/2717.bpseq
[1751/2888] 正在预测序列: 2718
  ✓ 完成: /home/bingxing2/home/scx7auf/Shihaoxuan/graduate/data/RE-datasetA/contrafold_train/2718.bpseq
[1752/2888] 正在预测序列: 2719
  ✓ 完成: /home/bingxing2/home/scx7auf/Shihaoxuan/graduate/data/RE-datasetA/contrafold_train/2719.bpseq
[1753/2888] 正在预测序列: 2720
  ✓ 完成: /home/bingxing2/home/scx7auf/Shihaoxuan/graduate/data/RE-datasetA/contrafold_train/2720.bpseq
[1754/2888] 正在预测序列: 2721
  ✓ 完成: /home/bingxing2/home/scx7auf/Shihaoxuan/graduate/data/RE-datasetA/contrafold_train/2721.bpseq
[1755/2888] 正在预测序列: 2722
  ✓ 完成: /home/bingxing2/home/scx7auf/Shihaoxuan/graduate/data/RE-datasetA/contrafold_train/2722.bpseq
[1756/2888] 正在预测序列: 2723
  ✓ 完成: /home/bingxing2/home/scx7auf/Shihaoxuan/graduate/data/RE-datasetA/contrafold_train/2723.bpseq
[1757/2888] 正在预测序列: 2724
  ✓ 完成: /home/bingxing2/home/scx7auf/Shihaoxuan/graduate/data/RE-datasetA/contrafold_train/2724.bpseq
[1758/2888] 正在预测序列: 2725
  ✓ 完成: /home/bingxing2/home/scx7auf/Shihaoxuan/graduate/data/RE-datasetA/contrafold_train/2725.bpseq
[1759/2888] 正在预测序列: 2726
  ✓ 完成: /home/bingxing2/home/scx7auf/Shihaoxuan/graduate/data/RE-datasetA/contrafold_train/2726.bpseq
[1760/2888] 正在预测序列: 2727
  ✓ 完成: /home/bingxing2/home/scx7auf/Shihaoxuan/graduate/data/RE-datasetA/contrafold_train/2727.bpseq
[1761/2888] 正在预测序列: 2728
  ✓ 完成: /home/bingxing2/home/scx7auf/Shihaoxuan/graduate/data/RE-datasetA/contrafold_train/2728.bpseq
[1762/2888] 正在预测序列: 2729
  ✓ 完成: /home/bingxing2/home/scx7auf/Shihaoxuan/graduate/data/RE-datasetA/contrafold_train/2729.bpseq
[1763/2888] 正在预测序列: 2730
  ✓ 完成: /home/bingxing2/home/scx7auf/Shihaoxuan/graduate/data/RE-datasetA/contrafold_train/2730.bpseq
[1764/2888] 正在预测序列: 2731
  ✓ 完成: /home/bingxing2/home/scx7auf/Shihaoxuan/graduate/data/RE-datasetA/contrafold_train/2731.bpseq
[1765/2888] 正在预测序列: 2732
  ✓ 完成: /home/bingxing2/home/scx7auf/Shihaoxuan/graduate/data/RE-datasetA/contrafold_train/2732.bpseq
[1766/2888] 正在预测序列: 2733
  ✓ 完成: /home/bingxing2/home/scx7auf/Shihaoxuan/graduate/data/RE-datasetA/contrafold_train/2733.bpseq
[1767/2888] 正在预测序列: 2734
  ✓ 完成: /home/bingxing2/home/scx7auf/Shihaoxuan/graduate/data/RE-datasetA/contrafold_train/2734.bpseq
[1768/2888] 正在预测序列: 2735
  ✓ 完成: /home/bingxing2/home/scx7auf/Shihaoxuan/graduate/data/RE-datasetA/contrafold_train/2735.bpseq
[1769/2888] 正在预测序列: 2736
  ✓ 完成: /home/bingxing2/home/scx7auf/Shihaoxuan/graduate/data/RE-datasetA/contrafold_train/2736.bpseq
[1770/2888] 正在预测序列: 2737
  ✓ 完成: /home/bingxing2/home/scx7auf/Shihaoxuan/graduate/data/RE-datasetA/contrafold_train/2737.bpseq
[1771/2888] 正在预测序列: 2738
  ✓ 完成: /home/bingxing2/home/scx7auf/Shihaoxuan/graduate/data/RE-datasetA/contrafold_train/2738.bpseq
[1772/2888] 正在预测序列: 2739
  ✓ 完成: /home/bingxing2/home/scx7auf/Shihaoxuan/graduate/data/RE-datasetA/contrafold_train/2739.bpseq
[1773/2888] 正在预测序列: 2740
  ✓ 完成: /home/bingxing2/home/scx7auf/Shihaoxuan/graduate/data/RE-datasetA/contrafold_train/2740.bpseq
[1774/2888] 正在预测序列: 2741
  ✓ 完成: /home/bingxing2/home/scx7auf/Shihaoxuan/graduate/data/RE-datasetA/contrafold_train/2741.bpseq
[1775/2888] 正在预测序列: 2742
  ✓ 完成: /home/bingxing2/home/scx7auf/Shihaoxuan/graduate/data/RE-datasetA/contrafold_train/2742.bpseq
[1776/2888] 正在预测序列: 2743
  ✓ 完成: /home/bingxing2/home/scx7auf/Shihaoxuan/graduate/data/RE-datasetA/contrafold_train/2743.bpseq
[1777/2888] 正在预测序列: 2744
  ✓ 完成: /home/bingxing2/home/scx7auf/Shihaoxuan/graduate/data/RE-datasetA/contrafold_train/2744.bpseq
[1778/2888] 正在预测序列: 2745
  ✓ 完成: /home/bingxing2/home/scx7auf/Shihaoxuan/graduate/data/RE-datasetA/contrafold_train/2745.bpseq
[1779/2888] 正在预测序列: 2746
  ✓ 完成: /home/bingxing2/home/scx7auf/Shihaoxuan/graduate/data/RE-datasetA/contrafold_train/2746.bpseq
[1780/2888] 正在预测序列: 2747
  ✓ 完成: /home/bingxing2/home/scx7auf/Shihaoxuan/graduate/data/RE-datasetA/contrafold_train/2747.bpseq
[1781/2888] 正在预测序列: 2748
  ✓ 完成: /home/bingxing2/home/scx7auf/Shihaoxuan/graduate/data/RE-datasetA/contrafold_train/2748.bpseq
[1782/2888] 正在预测序列: 2749
  ✓ 完成: /home/bingxing2/home/scx7auf/Shihaoxuan/graduate/data/RE-datasetA/contrafold_train/2749.bpseq
[1783/2888] 正在预测序列: 274
  ✓ 完成: /home/bingxing2/home/scx7auf/Shihaoxuan/graduate/data/RE-datasetA/contrafold_train/274.bpseq
[1784/2888] 正在预测序列: 2750
  ✓ 完成: /home/bingxing2/home/scx7auf/Shihaoxuan/graduate/data/RE-datasetA/contrafold_train/2750.bpseq
[1785/2888] 正在预测序列: 2751
  ✓ 完成: /home/bingxing2/home/scx7auf/Shihaoxuan/graduate/data/RE-datasetA/contrafold_train/2751.bpseq
[1786/2888] 正在预测序列: 2752
  ✓ 完成: /home/bingxing2/home/scx7auf/Shihaoxuan/graduate/data/RE-datasetA/contrafold_train/2752.bpseq
[1787/2888] 正在预测序列: 2753
  ✓ 完成: /home/bingxing2/home/scx7auf/Shihaoxuan/graduate/data/RE-datasetA/contrafold_train/2753.bpseq
[1788/2888] 正在预测序列: 2754
  ✓ 完成: /home/bingxing2/home/scx7auf/Shihaoxuan/graduate/data/RE-datasetA/contrafold_train/2754.bpseq
[1789/2888] 正在预测序列: 2755
  ✓ 完成: /home/bingxing2/home/scx7auf/Shihaoxuan/graduate/data/RE-datasetA/contrafold_train/2755.bpseq
[1790/2888] 正在预测序列: 2756
  ✓ 完成: /home/bingxing2/home/scx7auf/Shihaoxuan/graduate/data/RE-datasetA/contrafold_train/2756.bpseq
[1791/2888] 正在预测序列: 2757
  ✓ 完成: /home/bingxing2/home/scx7auf/Shihaoxuan/graduate/data/RE-datasetA/contrafold_train/2757.bpseq
[1792/2888] 正在预测序列: 2758
  ✓ 完成: /home/bingxing2/home/scx7auf/Shihaoxuan/graduate/data/RE-datasetA/contrafold_train/2758.bpseq
[1793/2888] 正在预测序列: 2759
  ✓ 完成: /home/bingxing2/home/scx7auf/Shihaoxuan/graduate/data/RE-datasetA/contrafold_train/2759.bpseq
[1794/2888] 正在预测序列: 275
  ✓ 完成: /home/bingxing2/home/scx7auf/Shihaoxuan/graduate/data/RE-datasetA/contrafold_train/275.bpseq
[1795/2888] 正在预测序列: 2760
  ✓ 完成: /home/bingxing2/home/scx7auf/Shihaoxuan/graduate/data/RE-datasetA/contrafold_train/2760.bpseq
[1796/2888] 正在预测序列: 2761
  ✓ 完成: /home/bingxing2/home/scx7auf/Shihaoxuan/graduate/data/RE-datasetA/contrafold_train/2761.bpseq
[1797/2888] 正在预测序列: 2762
  ✓ 完成: /home/bingxing2/home/scx7auf/Shihaoxuan/graduate/data/RE-datasetA/contrafold_train/2762.bpseq
[1798/2888] 正在预测序列: 2763
  ✓ 完成: /home/bingxing2/home/scx7auf/Shihaoxuan/graduate/data/RE-datasetA/contrafold_train/2763.bpseq
[1799/2888] 正在预测序列: 2764
  ✓ 完成: /home/bingxing2/home/scx7auf/Shihaoxuan/graduate/data/RE-datasetA/contrafold_train/2764.bpseq
[1800/2888] 正在预测序列: 2765
  ✓ 完成: /home/bingxing2/home/scx7auf/Shihaoxuan/graduate/data/RE-datasetA/contrafold_train/2765.bpseq
[1801/2888] 正在预测序列: 2766
  ✓ 完成: /home/bingxing2/home/scx7auf/Shihaoxuan/graduate/data/RE-datasetA/contrafold_train/2766.bpseq
[1802/2888] 正在预测序列: 2767
  ✓ 完成: /home/bingxing2/home/scx7auf/Shihaoxuan/graduate/data/RE-datasetA/contrafold_train/2767.bpseq
[1803/2888] 正在预测序列: 2768
  ✓ 完成: /home/bingxing2/home/scx7auf/Shihaoxuan/graduate/data/RE-datasetA/contrafold_train/2768.bpseq
[1804/2888] 正在预测序列: 2769
  ✓ 完成: /home/bingxing2/home/scx7auf/Shihaoxuan/graduate/data/RE-datasetA/contrafold_train/2769.bpseq
[1805/2888] 正在预测序列: 276
  ✓ 完成: /home/bingxing2/home/scx7auf/Shihaoxuan/graduate/data/RE-datasetA/contrafold_train/276.bpseq
[1806/2888] 正在预测序列: 2770
  ✓ 完成: /home/bingxing2/home/scx7auf/Shihaoxuan/graduate/data/RE-datasetA/contrafold_train/2770.bpseq
[1807/2888] 正在预测序列: 2771
  ✓ 完成: /home/bingxing2/home/scx7auf/Shihaoxuan/graduate/data/RE-datasetA/contrafold_train/2771.bpseq
[1808/2888] 正在预测序列: 2772
  ✓ 完成: /home/bingxing2/home/scx7auf/Shihaoxuan/graduate/data/RE-datasetA/contrafold_train/2772.bpseq
[1809/2888] 正在预测序列: 2773
  ✓ 完成: /home/bingxing2/home/scx7auf/Shihaoxuan/graduate/data/RE-datasetA/contrafold_train/2773.bpseq
[1810/2888] 正在预测序列: 2774
  ✓ 完成: /home/bingxing2/home/scx7auf/Shihaoxuan/graduate/data/RE-datasetA/contrafold_train/2774.bpseq
[1811/2888] 正在预测序列: 2775
  ✓ 完成: /home/bingxing2/home/scx7auf/Shihaoxuan/graduate/data/RE-datasetA/contrafold_train/2775.bpseq
[1812/2888] 正在预测序列: 2776
  ✓ 完成: /home/bingxing2/home/scx7auf/Shihaoxuan/graduate/data/RE-datasetA/contrafold_train/2776.bpseq
[1813/2888] 正在预测序列: 2777
  ✓ 完成: /home/bingxing2/home/scx7auf/Shihaoxuan/graduate/data/RE-datasetA/contrafold_train/2777.bpseq
[1814/2888] 正在预测序列: 2778
  ✓ 完成: /home/bingxing2/home/scx7auf/Shihaoxuan/graduate/data/RE-datasetA/contrafold_train/2778.bpseq
[1815/2888] 正在预测序列: 2779
  ✓ 完成: /home/bingxing2/home/scx7auf/Shihaoxuan/graduate/data/RE-datasetA/contrafold_train/2779.bpseq
[1816/2888] 正在预测序列: 277
  ✓ 完成: /home/bingxing2/home/scx7auf/Shihaoxuan/graduate/data/RE-datasetA/contrafold_train/277.bpseq
[1817/2888] 正在预测序列: 2780
  ✓ 完成: /home/bingxing2/home/scx7auf/Shihaoxuan/graduate/data/RE-datasetA/contrafold_train/2780.bpseq
[1818/2888] 正在预测序列: 2781
  ✓ 完成: /home/bingxing2/home/scx7auf/Shihaoxuan/graduate/data/RE-datasetA/contrafold_train/2781.bpseq
[1819/2888] 正在预测序列: 2782
  ✓ 完成: /home/bingxing2/home/scx7auf/Shihaoxuan/graduate/data/RE-datasetA/contrafold_train/2782.bpseq
[1820/2888] 正在预测序列: 2783
  ✓ 完成: /home/bingxing2/home/scx7auf/Shihaoxuan/graduate/data/RE-datasetA/contrafold_train/2783.bpseq
[1821/2888] 正在预测序列: 2784
  ✓ 完成: /home/bingxing2/home/scx7auf/Shihaoxuan/graduate/data/RE-datasetA/contrafold_train/2784.bpseq
[1822/2888] 正在预测序列: 2785
  ✓ 完成: /home/bingxing2/home/scx7auf/Shihaoxuan/graduate/data/RE-datasetA/contrafold_train/2785.bpseq
[1823/2888] 正在预测序列: 2786
  ✓ 完成: /home/bingxing2/home/scx7auf/Shihaoxuan/graduate/data/RE-datasetA/contrafold_train/2786.bpseq
[1824/2888] 正在预测序列: 2787
  ✓ 完成: /home/bingxing2/home/scx7auf/Shihaoxuan/graduate/data/RE-datasetA/contrafold_train/2787.bpseq
[1825/2888] 正在预测序列: 2788
  ✓ 完成: /home/bingxing2/home/scx7auf/Shihaoxuan/graduate/data/RE-datasetA/contrafold_train/2788.bpseq
[1826/2888] 正在预测序列: 2789
  ✓ 完成: /home/bingxing2/home/scx7auf/Shihaoxuan/graduate/data/RE-datasetA/contrafold_train/2789.bpseq
[1827/2888] 正在预测序列: 278
  ✓ 完成: /home/bingxing2/home/scx7auf/Shihaoxuan/graduate/data/RE-datasetA/contrafold_train/278.bpseq
[1828/2888] 正在预测序列: 2790
  ✓ 完成: /home/bingxing2/home/scx7auf/Shihaoxuan/graduate/data/RE-datasetA/contrafold_train/2790.bpseq
[1829/2888] 正在预测序列: 2791
  ✓ 完成: /home/bingxing2/home/scx7auf/Shihaoxuan/graduate/data/RE-datasetA/contrafold_train/2791.bpseq
[1830/2888] 正在预测序列: 2792
  ✓ 完成: /home/bingxing2/home/scx7auf/Shihaoxuan/graduate/data/RE-datasetA/contrafold_train/2792.bpseq
[1831/2888] 正在预测序列: 2793
  ✓ 完成: /home/bingxing2/home/scx7auf/Shihaoxuan/graduate/data/RE-datasetA/contrafold_train/2793.bpseq
[1832/2888] 正在预测序列: 2794
  ✓ 完成: /home/bingxing2/home/scx7auf/Shihaoxuan/graduate/data/RE-datasetA/contrafold_train/2794.bpseq
[1833/2888] 正在预测序列: 2795
  ✓ 完成: /home/bingxing2/home/scx7auf/Shihaoxuan/graduate/data/RE-datasetA/contrafold_train/2795.bpseq
[1834/2888] 正在预测序列: 2796
  ✓ 完成: /home/bingxing2/home/scx7auf/Shihaoxuan/graduate/data/RE-datasetA/contrafold_train/2796.bpseq
[1835/2888] 正在预测序列: 2797
  ✓ 完成: /home/bingxing2/home/scx7auf/Shihaoxuan/graduate/data/RE-datasetA/contrafold_train/2797.bpseq
[1836/2888] 正在预测序列: 2798
  ✓ 完成: /home/bingxing2/home/scx7auf/Shihaoxuan/graduate/data/RE-datasetA/contrafold_train/2798.bpseq
[1837/2888] 正在预测序列: 2799
  ✓ 完成: /home/bingxing2/home/scx7auf/Shihaoxuan/graduate/data/RE-datasetA/contrafold_train/2799.bpseq
[1838/2888] 正在预测序列: 279
  ✓ 完成: /home/bingxing2/home/scx7auf/Shihaoxuan/graduate/data/RE-datasetA/contrafold_train/279.bpseq
[1839/2888] 正在预测序列: 27
  ✓ 完成: /home/bingxing2/home/scx7auf/Shihaoxuan/graduate/data/RE-datasetA/contrafold_train/27.bpseq
[1840/2888] 正在预测序列: 2800
  ✓ 完成: /home/bingxing2/home/scx7auf/Shihaoxuan/graduate/data/RE-datasetA/contrafold_train/2800.bpseq
[1841/2888] 正在预测序列: 2801
  ✓ 完成: /home/bingxing2/home/scx7auf/Shihaoxuan/graduate/data/RE-datasetA/contrafold_train/2801.bpseq
[1842/2888] 正在预测序列: 2802
  ✓ 完成: /home/bingxing2/home/scx7auf/Shihaoxuan/graduate/data/RE-datasetA/contrafold_train/2802.bpseq
[1843/2888] 正在预测序列: 2803
  ✓ 完成: /home/bingxing2/home/scx7auf/Shihaoxuan/graduate/data/RE-datasetA/contrafold_train/2803.bpseq
[1844/2888] 正在预测序列: 2804
  ✓ 完成: /home/bingxing2/home/scx7auf/Shihaoxuan/graduate/data/RE-datasetA/contrafold_train/2804.bpseq
[1845/2888] 正在预测序列: 2805
  ✓ 完成: /home/bingxing2/home/scx7auf/Shihaoxuan/graduate/data/RE-datasetA/contrafold_train/2805.bpseq
[1846/2888] 正在预测序列: 2806
  ✓ 完成: /home/bingxing2/home/scx7auf/Shihaoxuan/graduate/data/RE-datasetA/contrafold_train/2806.bpseq
[1847/2888] 正在预测序列: 2807
  ✓ 完成: /home/bingxing2/home/scx7auf/Shihaoxuan/graduate/data/RE-datasetA/contrafold_train/2807.bpseq
[1848/2888] 正在预测序列: 2808
  ✓ 完成: /home/bingxing2/home/scx7auf/Shihaoxuan/graduate/data/RE-datasetA/contrafold_train/2808.bpseq
[1849/2888] 正在预测序列: 2809
  ✓ 完成: /home/bingxing2/home/scx7auf/Shihaoxuan/graduate/data/RE-datasetA/contrafold_train/2809.bpseq
[1850/2888] 正在预测序列: 280
  ✓ 完成: /home/bingxing2/home/scx7auf/Shihaoxuan/graduate/data/RE-datasetA/contrafold_train/280.bpseq
[1851/2888] 正在预测序列: 2810
  ✓ 完成: /home/bingxing2/home/scx7auf/Shihaoxuan/graduate/data/RE-datasetA/contrafold_train/2810.bpseq
[1852/2888] 正在预测序列: 2811
  ✓ 完成: /home/bingxing2/home/scx7auf/Shihaoxuan/graduate/data/RE-datasetA/contrafold_train/2811.bpseq
[1853/2888] 正在预测序列: 2812
  ✓ 完成: /home/bingxing2/home/scx7auf/Shihaoxuan/graduate/data/RE-datasetA/contrafold_train/2812.bpseq
[1854/2888] 正在预测序列: 2813
  ✓ 完成: /home/bingxing2/home/scx7auf/Shihaoxuan/graduate/data/RE-datasetA/contrafold_train/2813.bpseq
[1855/2888] 正在预测序列: 2814
  ✓ 完成: /home/bingxing2/home/scx7auf/Shihaoxuan/graduate/data/RE-datasetA/contrafold_train/2814.bpseq
[1856/2888] 正在预测序列: 2815
  ✓ 完成: /home/bingxing2/home/scx7auf/Shihaoxuan/graduate/data/RE-datasetA/contrafold_train/2815.bpseq
[1857/2888] 正在预测序列: 2816
  ✓ 完成: /home/bingxing2/home/scx7auf/Shihaoxuan/graduate/data/RE-datasetA/contrafold_train/2816.bpseq
[1858/2888] 正在预测序列: 2817
  ✓ 完成: /home/bingxing2/home/scx7auf/Shihaoxuan/graduate/data/RE-datasetA/contrafold_train/2817.bpseq
[1859/2888] 正在预测序列: 2818
  ✓ 完成: /home/bingxing2/home/scx7auf/Shihaoxuan/graduate/data/RE-datasetA/contrafold_train/2818.bpseq
[1860/2888] 正在预测序列: 2819
  ✓ 完成: /home/bingxing2/home/scx7auf/Shihaoxuan/graduate/data/RE-datasetA/contrafold_train/2819.bpseq
[1861/2888] 正在预测序列: 281
  ✓ 完成: /home/bingxing2/home/scx7auf/Shihaoxuan/graduate/data/RE-datasetA/contrafold_train/281.bpseq
[1862/2888] 正在预测序列: 2820
  ✓ 完成: /home/bingxing2/home/scx7auf/Shihaoxuan/graduate/data/RE-datasetA/contrafold_train/2820.bpseq
[1863/2888] 正在预测序列: 2821
  ✓ 完成: /home/bingxing2/home/scx7auf/Shihaoxuan/graduate/data/RE-datasetA/contrafold_train/2821.bpseq
[1864/2888] 正在预测序列: 2822
  ✓ 完成: /home/bingxing2/home/scx7auf/Shihaoxuan/graduate/data/RE-datasetA/contrafold_train/2822.bpseq
[1865/2888] 正在预测序列: 2823
  ✓ 完成: /home/bingxing2/home/scx7auf/Shihaoxuan/graduate/data/RE-datasetA/contrafold_train/2823.bpseq
[1866/2888] 正在预测序列: 2824
  ✓ 完成: /home/bingxing2/home/scx7auf/Shihaoxuan/graduate/data/RE-datasetA/contrafold_train/2824.bpseq
[1867/2888] 正在预测序列: 2825
  ✓ 完成: /home/bingxing2/home/scx7auf/Shihaoxuan/graduate/data/RE-datasetA/contrafold_train/2825.bpseq
[1868/2888] 正在预测序列: 2826
  ✓ 完成: /home/bingxing2/home/scx7auf/Shihaoxuan/graduate/data/RE-datasetA/contrafold_train/2826.bpseq
[1869/2888] 正在预测序列: 2827
  ✓ 完成: /home/bingxing2/home/scx7auf/Shihaoxuan/graduate/data/RE-datasetA/contrafold_train/2827.bpseq
[1870/2888] 正在预测序列: 2828
  ✓ 完成: /home/bingxing2/home/scx7auf/Shihaoxuan/graduate/data/RE-datasetA/contrafold_train/2828.bpseq
[1871/2888] 正在预测序列: 2829
  ✓ 完成: /home/bingxing2/home/scx7auf/Shihaoxuan/graduate/data/RE-datasetA/contrafold_train/2829.bpseq
[1872/2888] 正在预测序列: 282
  ✓ 完成: /home/bingxing2/home/scx7auf/Shihaoxuan/graduate/data/RE-datasetA/contrafold_train/282.bpseq
[1873/2888] 正在预测序列: 2830
  ✓ 完成: /home/bingxing2/home/scx7auf/Shihaoxuan/graduate/data/RE-datasetA/contrafold_train/2830.bpseq
[1874/2888] 正在预测序列: 2831
  ✓ 完成: /home/bingxing2/home/scx7auf/Shihaoxuan/graduate/data/RE-datasetA/contrafold_train/2831.bpseq
[1875/2888] 正在预测序列: 2832
  ✓ 完成: /home/bingxing2/home/scx7auf/Shihaoxuan/graduate/data/RE-datasetA/contrafold_train/2832.bpseq
[1876/2888] 正在预测序列: 2833
  ✓ 完成: /home/bingxing2/home/scx7auf/Shihaoxuan/graduate/data/RE-datasetA/contrafold_train/2833.bpseq
[1877/2888] 正在预测序列: 2834
  ✓ 完成: /home/bingxing2/home/scx7auf/Shihaoxuan/graduate/data/RE-datasetA/contrafold_train/2834.bpseq
[1878/2888] 正在预测序列: 2835
  ✓ 完成: /home/bingxing2/home/scx7auf/Shihaoxuan/graduate/data/RE-datasetA/contrafold_train/2835.bpseq
[1879/2888] 正在预测序列: 2836
  ✓ 完成: /home/bingxing2/home/scx7auf/Shihaoxuan/graduate/data/RE-datasetA/contrafold_train/2836.bpseq
[1880/2888] 正在预测序列: 2837
  ✓ 完成: /home/bingxing2/home/scx7auf/Shihaoxuan/graduate/data/RE-datasetA/contrafold_train/2837.bpseq
[1881/2888] 正在预测序列: 2838
  ✓ 完成: /home/bingxing2/home/scx7auf/Shihaoxuan/graduate/data/RE-datasetA/contrafold_train/2838.bpseq
[1882/2888] 正在预测序列: 2839
  ✓ 完成: /home/bingxing2/home/scx7auf/Shihaoxuan/graduate/data/RE-datasetA/contrafold_train/2839.bpseq
[1883/2888] 正在预测序列: 283
  ✓ 完成: /home/bingxing2/home/scx7auf/Shihaoxuan/graduate/data/RE-datasetA/contrafold_train/283.bpseq
[1884/2888] 正在预测序列: 2840
  ✓ 完成: /home/bingxing2/home/scx7auf/Shihaoxuan/graduate/data/RE-datasetA/contrafold_train/2840.bpseq
[1885/2888] 正在预测序列: 2841
  ✓ 完成: /home/bingxing2/home/scx7auf/Shihaoxuan/graduate/data/RE-datasetA/contrafold_train/2841.bpseq
[1886/2888] 正在预测序列: 2842
  ✓ 完成: /home/bingxing2/home/scx7auf/Shihaoxuan/graduate/data/RE-datasetA/contrafold_train/2842.bpseq
[1887/2888] 正在预测序列: 2843
  ✓ 完成: /home/bingxing2/home/scx7auf/Shihaoxuan/graduate/data/RE-datasetA/contrafold_train/2843.bpseq
[1888/2888] 正在预测序列: 2844
  ✓ 完成: /home/bingxing2/home/scx7auf/Shihaoxuan/graduate/data/RE-datasetA/contrafold_train/2844.bpseq
[1889/2888] 正在预测序列: 2845
  ✓ 完成: /home/bingxing2/home/scx7auf/Shihaoxuan/graduate/data/RE-datasetA/contrafold_train/2845.bpseq
[1890/2888] 正在预测序列: 2846
  ✓ 完成: /home/bingxing2/home/scx7auf/Shihaoxuan/graduate/data/RE-datasetA/contrafold_train/2846.bpseq
[1891/2888] 正在预测序列: 2847
  ✓ 完成: /home/bingxing2/home/scx7auf/Shihaoxuan/graduate/data/RE-datasetA/contrafold_train/2847.bpseq
[1892/2888] 正在预测序列: 2848
  ✓ 完成: /home/bingxing2/home/scx7auf/Shihaoxuan/graduate/data/RE-datasetA/contrafold_train/2848.bpseq
[1893/2888] 正在预测序列: 2849
  ✓ 完成: /home/bingxing2/home/scx7auf/Shihaoxuan/graduate/data/RE-datasetA/contrafold_train/2849.bpseq
[1894/2888] 正在预测序列: 284
  ✓ 完成: /home/bingxing2/home/scx7auf/Shihaoxuan/graduate/data/RE-datasetA/contrafold_train/284.bpseq
[1895/2888] 正在预测序列: 2850
  ✓ 完成: /home/bingxing2/home/scx7auf/Shihaoxuan/graduate/data/RE-datasetA/contrafold_train/2850.bpseq
[1896/2888] 正在预测序列: 2851
  ✓ 完成: /home/bingxing2/home/scx7auf/Shihaoxuan/graduate/data/RE-datasetA/contrafold_train/2851.bpseq
[1897/2888] 正在预测序列: 2852
  ✓ 完成: /home/bingxing2/home/scx7auf/Shihaoxuan/graduate/data/RE-datasetA/contrafold_train/2852.bpseq
[1898/2888] 正在预测序列: 2853
  ✓ 完成: /home/bingxing2/home/scx7auf/Shihaoxuan/graduate/data/RE-datasetA/contrafold_train/2853.bpseq
[1899/2888] 正在预测序列: 2854
  ✓ 完成: /home/bingxing2/home/scx7auf/Shihaoxuan/graduate/data/RE-datasetA/contrafold_train/2854.bpseq
[1900/2888] 正在预测序列: 2855
  ✓ 完成: /home/bingxing2/home/scx7auf/Shihaoxuan/graduate/data/RE-datasetA/contrafold_train/2855.bpseq
[1901/2888] 正在预测序列: 2856
  ✓ 完成: /home/bingxing2/home/scx7auf/Shihaoxuan/graduate/data/RE-datasetA/contrafold_train/2856.bpseq
[1902/2888] 正在预测序列: 2857
  ✓ 完成: /home/bingxing2/home/scx7auf/Shihaoxuan/graduate/data/RE-datasetA/contrafold_train/2857.bpseq
[1903/2888] 正在预测序列: 2858
  ✓ 完成: /home/bingxing2/home/scx7auf/Shihaoxuan/graduate/data/RE-datasetA/contrafold_train/2858.bpseq
[1904/2888] 正在预测序列: 2859
  ✓ 完成: /home/bingxing2/home/scx7auf/Shihaoxuan/graduate/data/RE-datasetA/contrafold_train/2859.bpseq
[1905/2888] 正在预测序列: 285
  ✓ 完成: /home/bingxing2/home/scx7auf/Shihaoxuan/graduate/data/RE-datasetA/contrafold_train/285.bpseq
[1906/2888] 正在预测序列: 2860
  ✓ 完成: /home/bingxing2/home/scx7auf/Shihaoxuan/graduate/data/RE-datasetA/contrafold_train/2860.bpseq
[1907/2888] 正在预测序列: 2861
  ✓ 完成: /home/bingxing2/home/scx7auf/Shihaoxuan/graduate/data/RE-datasetA/contrafold_train/2861.bpseq
[1908/2888] 正在预测序列: 2862
  ✓ 完成: /home/bingxing2/home/scx7auf/Shihaoxuan/graduate/data/RE-datasetA/contrafold_train/2862.bpseq
[1909/2888] 正在预测序列: 2863
  ✓ 完成: /home/bingxing2/home/scx7auf/Shihaoxuan/graduate/data/RE-datasetA/contrafold_train/2863.bpseq
[1910/2888] 正在预测序列: 2864
  ✓ 完成: /home/bingxing2/home/scx7auf/Shihaoxuan/graduate/data/RE-datasetA/contrafold_train/2864.bpseq
[1911/2888] 正在预测序列: 2865
  ✓ 完成: /home/bingxing2/home/scx7auf/Shihaoxuan/graduate/data/RE-datasetA/contrafold_train/2865.bpseq
[1912/2888] 正在预测序列: 2866
  ✓ 完成: /home/bingxing2/home/scx7auf/Shihaoxuan/graduate/data/RE-datasetA/contrafold_train/2866.bpseq
[1913/2888] 正在预测序列: 2867
  ✓ 完成: /home/bingxing2/home/scx7auf/Shihaoxuan/graduate/data/RE-datasetA/contrafold_train/2867.bpseq
[1914/2888] 正在预测序列: 2868
  ✓ 完成: /home/bingxing2/home/scx7auf/Shihaoxuan/graduate/data/RE-datasetA/contrafold_train/2868.bpseq
[1915/2888] 正在预测序列: 2869
  ✓ 完成: /home/bingxing2/home/scx7auf/Shihaoxuan/graduate/data/RE-datasetA/contrafold_train/2869.bpseq
[1916/2888] 正在预测序列: 286
  ✓ 完成: /home/bingxing2/home/scx7auf/Shihaoxuan/graduate/data/RE-datasetA/contrafold_train/286.bpseq
[1917/2888] 正在预测序列: 2870
  ✓ 完成: /home/bingxing2/home/scx7auf/Shihaoxuan/graduate/data/RE-datasetA/contrafold_train/2870.bpseq
[1918/2888] 正在预测序列: 2871
  ✓ 完成: /home/bingxing2/home/scx7auf/Shihaoxuan/graduate/data/RE-datasetA/contrafold_train/2871.bpseq
[1919/2888] 正在预测序列: 2872
  ✓ 完成: /home/bingxing2/home/scx7auf/Shihaoxuan/graduate/data/RE-datasetA/contrafold_train/2872.bpseq
[1920/2888] 正在预测序列: 2873
  ✓ 完成: /home/bingxing2/home/scx7auf/Shihaoxuan/graduate/data/RE-datasetA/contrafold_train/2873.bpseq
[1921/2888] 正在预测序列: 2874
  ✓ 完成: /home/bingxing2/home/scx7auf/Shihaoxuan/graduate/data/RE-datasetA/contrafold_train/2874.bpseq
[1922/2888] 正在预测序列: 2875
  ✓ 完成: /home/bingxing2/home/scx7auf/Shihaoxuan/graduate/data/RE-datasetA/contrafold_train/2875.bpseq
[1923/2888] 正在预测序列: 2876
  ✓ 完成: /home/bingxing2/home/scx7auf/Shihaoxuan/graduate/data/RE-datasetA/contrafold_train/2876.bpseq
[1924/2888] 正在预测序列: 2877
  ✓ 完成: /home/bingxing2/home/scx7auf/Shihaoxuan/graduate/data/RE-datasetA/contrafold_train/2877.bpseq
[1925/2888] 正在预测序列: 2878
  ✓ 完成: /home/bingxing2/home/scx7auf/Shihaoxuan/graduate/data/RE-datasetA/contrafold_train/2878.bpseq
[1926/2888] 正在预测序列: 2879
  ✓ 完成: /home/bingxing2/home/scx7auf/Shihaoxuan/graduate/data/RE-datasetA/contrafold_train/2879.bpseq
[1927/2888] 正在预测序列: 2880
  ✓ 完成: /home/bingxing2/home/scx7auf/Shihaoxuan/graduate/data/RE-datasetA/contrafold_train/2880.bpseq
[1928/2888] 正在预测序列: 2881
  ✓ 完成: /home/bingxing2/home/scx7auf/Shihaoxuan/graduate/data/RE-datasetA/contrafold_train/2881.bpseq
[1929/2888] 正在预测序列: 2882
  ✓ 完成: /home/bingxing2/home/scx7auf/Shihaoxuan/graduate/data/RE-datasetA/contrafold_train/2882.bpseq
[1930/2888] 正在预测序列: 2883
  ✓ 完成: /home/bingxing2/home/scx7auf/Shihaoxuan/graduate/data/RE-datasetA/contrafold_train/2883.bpseq
[1931/2888] 正在预测序列: 2884
  ✓ 完成: /home/bingxing2/home/scx7auf/Shihaoxuan/graduate/data/RE-datasetA/contrafold_train/2884.bpseq
[1932/2888] 正在预测序列: 2885
  ✓ 完成: /home/bingxing2/home/scx7auf/Shihaoxuan/graduate/data/RE-datasetA/contrafold_train/2885.bpseq
[1933/2888] 正在预测序列: 2886
  ✓ 完成: /home/bingxing2/home/scx7auf/Shihaoxuan/graduate/data/RE-datasetA/contrafold_train/2886.bpseq
[1934/2888] 正在预测序列: 2887
  ✓ 完成: /home/bingxing2/home/scx7auf/Shihaoxuan/graduate/data/RE-datasetA/contrafold_train/2887.bpseq
[1935/2888] 正在预测序列: 2888
  ✓ 完成: /home/bingxing2/home/scx7auf/Shihaoxuan/graduate/data/RE-datasetA/contrafold_train/2888.bpseq
[1936/2888] 正在预测序列: 2889
  ✓ 完成: /home/bingxing2/home/scx7auf/Shihaoxuan/graduate/data/RE-datasetA/contrafold_train/2889.bpseq
[1937/2888] 正在预测序列: 288
  ✓ 完成: /home/bingxing2/home/scx7auf/Shihaoxuan/graduate/data/RE-datasetA/contrafold_train/288.bpseq
[1938/2888] 正在预测序列: 2890
  ✓ 完成: /home/bingxing2/home/scx7auf/Shihaoxuan/graduate/data/RE-datasetA/contrafold_train/2890.bpseq
[1939/2888] 正在预测序列: 2891
  ✓ 完成: /home/bingxing2/home/scx7auf/Shihaoxuan/graduate/data/RE-datasetA/contrafold_train/2891.bpseq
[1940/2888] 正在预测序列: 2892
  ✓ 完成: /home/bingxing2/home/scx7auf/Shihaoxuan/graduate/data/RE-datasetA/contrafold_train/2892.bpseq
[1941/2888] 正在预测序列: 2893
  ✓ 完成: /home/bingxing2/home/scx7auf/Shihaoxuan/graduate/data/RE-datasetA/contrafold_train/2893.bpseq
[1942/2888] 正在预测序列: 2894
  ✓ 完成: /home/bingxing2/home/scx7auf/Shihaoxuan/graduate/data/RE-datasetA/contrafold_train/2894.bpseq
[1943/2888] 正在预测序列: 2895
  ✓ 完成: /home/bingxing2/home/scx7auf/Shihaoxuan/graduate/data/RE-datasetA/contrafold_train/2895.bpseq
[1944/2888] 正在预测序列: 2896
  ✓ 完成: /home/bingxing2/home/scx7auf/Shihaoxuan/graduate/data/RE-datasetA/contrafold_train/2896.bpseq
[1945/2888] 正在预测序列: 2897
  ✓ 完成: /home/bingxing2/home/scx7auf/Shihaoxuan/graduate/data/RE-datasetA/contrafold_train/2897.bpseq
[1946/2888] 正在预测序列: 2898
  ✓ 完成: /home/bingxing2/home/scx7auf/Shihaoxuan/graduate/data/RE-datasetA/contrafold_train/2898.bpseq
[1947/2888] 正在预测序列: 2899
  ✓ 完成: /home/bingxing2/home/scx7auf/Shihaoxuan/graduate/data/RE-datasetA/contrafold_train/2899.bpseq
[1948/2888] 正在预测序列: 289
  ✓ 完成: /home/bingxing2/home/scx7auf/Shihaoxuan/graduate/data/RE-datasetA/contrafold_train/289.bpseq
[1949/2888] 正在预测序列: 28
  ✓ 完成: /home/bingxing2/home/scx7auf/Shihaoxuan/graduate/data/RE-datasetA/contrafold_train/28.bpseq
[1950/2888] 正在预测序列: 2900
  ✓ 完成: /home/bingxing2/home/scx7auf/Shihaoxuan/graduate/data/RE-datasetA/contrafold_train/2900.bpseq
[1951/2888] 正在预测序列: 2902
  ✓ 完成: /home/bingxing2/home/scx7auf/Shihaoxuan/graduate/data/RE-datasetA/contrafold_train/2902.bpseq
[1952/2888] 正在预测序列: 2903
  ✓ 完成: /home/bingxing2/home/scx7auf/Shihaoxuan/graduate/data/RE-datasetA/contrafold_train/2903.bpseq
[1953/2888] 正在预测序列: 2904
  ✓ 完成: /home/bingxing2/home/scx7auf/Shihaoxuan/graduate/data/RE-datasetA/contrafold_train/2904.bpseq
[1954/2888] 正在预测序列: 2905
  ✓ 完成: /home/bingxing2/home/scx7auf/Shihaoxuan/graduate/data/RE-datasetA/contrafold_train/2905.bpseq
[1955/2888] 正在预测序列: 2906
  ✓ 完成: /home/bingxing2/home/scx7auf/Shihaoxuan/graduate/data/RE-datasetA/contrafold_train/2906.bpseq
[1956/2888] 正在预测序列: 2907
  ✓ 完成: /home/bingxing2/home/scx7auf/Shihaoxuan/graduate/data/RE-datasetA/contrafold_train/2907.bpseq
[1957/2888] 正在预测序列: 2908
  ✓ 完成: /home/bingxing2/home/scx7auf/Shihaoxuan/graduate/data/RE-datasetA/contrafold_train/2908.bpseq
[1958/2888] 正在预测序列: 2909
  ✓ 完成: /home/bingxing2/home/scx7auf/Shihaoxuan/graduate/data/RE-datasetA/contrafold_train/2909.bpseq
[1959/2888] 正在预测序列: 290
  ✓ 完成: /home/bingxing2/home/scx7auf/Shihaoxuan/graduate/data/RE-datasetA/contrafold_train/290.bpseq
[1960/2888] 正在预测序列: 2910
  ✓ 完成: /home/bingxing2/home/scx7auf/Shihaoxuan/graduate/data/RE-datasetA/contrafold_train/2910.bpseq
[1961/2888] 正在预测序列: 2911
  ✓ 完成: /home/bingxing2/home/scx7auf/Shihaoxuan/graduate/data/RE-datasetA/contrafold_train/2911.bpseq
[1962/2888] 正在预测序列: 2912
  ✓ 完成: /home/bingxing2/home/scx7auf/Shihaoxuan/graduate/data/RE-datasetA/contrafold_train/2912.bpseq
[1963/2888] 正在预测序列: 2913
  ✓ 完成: /home/bingxing2/home/scx7auf/Shihaoxuan/graduate/data/RE-datasetA/contrafold_train/2913.bpseq
[1964/2888] 正在预测序列: 2914
  ✓ 完成: /home/bingxing2/home/scx7auf/Shihaoxuan/graduate/data/RE-datasetA/contrafold_train/2914.bpseq
[1965/2888] 正在预测序列: 2915
  ✓ 完成: /home/bingxing2/home/scx7auf/Shihaoxuan/graduate/data/RE-datasetA/contrafold_train/2915.bpseq
[1966/2888] 正在预测序列: 2916
  ✓ 完成: /home/bingxing2/home/scx7auf/Shihaoxuan/graduate/data/RE-datasetA/contrafold_train/2916.bpseq
[1967/2888] 正在预测序列: 2917
  ✓ 完成: /home/bingxing2/home/scx7auf/Shihaoxuan/graduate/data/RE-datasetA/contrafold_train/2917.bpseq
[1968/2888] 正在预测序列: 2918
  ✓ 完成: /home/bingxing2/home/scx7auf/Shihaoxuan/graduate/data/RE-datasetA/contrafold_train/2918.bpseq
[1969/2888] 正在预测序列: 2919
  ✓ 完成: /home/bingxing2/home/scx7auf/Shihaoxuan/graduate/data/RE-datasetA/contrafold_train/2919.bpseq
[1970/2888] 正在预测序列: 2920
  ✓ 完成: /home/bingxing2/home/scx7auf/Shihaoxuan/graduate/data/RE-datasetA/contrafold_train/2920.bpseq
[1971/2888] 正在预测序列: 2921
  ✓ 完成: /home/bingxing2/home/scx7auf/Shihaoxuan/graduate/data/RE-datasetA/contrafold_train/2921.bpseq
[1972/2888] 正在预测序列: 2922
  ✓ 完成: /home/bingxing2/home/scx7auf/Shihaoxuan/graduate/data/RE-datasetA/contrafold_train/2922.bpseq
[1973/2888] 正在预测序列: 2923
  ✓ 完成: /home/bingxing2/home/scx7auf/Shihaoxuan/graduate/data/RE-datasetA/contrafold_train/2923.bpseq
[1974/2888] 正在预测序列: 2924
  ✓ 完成: /home/bingxing2/home/scx7auf/Shihaoxuan/graduate/data/RE-datasetA/contrafold_train/2924.bpseq
[1975/2888] 正在预测序列: 2925
  ✓ 完成: /home/bingxing2/home/scx7auf/Shihaoxuan/graduate/data/RE-datasetA/contrafold_train/2925.bpseq
[1976/2888] 正在预测序列: 2926
  ✓ 完成: /home/bingxing2/home/scx7auf/Shihaoxuan/graduate/data/RE-datasetA/contrafold_train/2926.bpseq
[1977/2888] 正在预测序列: 2927
  ✓ 完成: /home/bingxing2/home/scx7auf/Shihaoxuan/graduate/data/RE-datasetA/contrafold_train/2927.bpseq
[1978/2888] 正在预测序列: 2928
  ✓ 完成: /home/bingxing2/home/scx7auf/Shihaoxuan/graduate/data/RE-datasetA/contrafold_train/2928.bpseq
[1979/2888] 正在预测序列: 2929
  ✓ 完成: /home/bingxing2/home/scx7auf/Shihaoxuan/graduate/data/RE-datasetA/contrafold_train/2929.bpseq
[1980/2888] 正在预测序列: 292
  ✓ 完成: /home/bingxing2/home/scx7auf/Shihaoxuan/graduate/data/RE-datasetA/contrafold_train/292.bpseq
[1981/2888] 正在预测序列: 2930
  ✓ 完成: /home/bingxing2/home/scx7auf/Shihaoxuan/graduate/data/RE-datasetA/contrafold_train/2930.bpseq
[1982/2888] 正在预测序列: 2931
  ✓ 完成: /home/bingxing2/home/scx7auf/Shihaoxuan/graduate/data/RE-datasetA/contrafold_train/2931.bpseq
[1983/2888] 正在预测序列: 2932
  ✓ 完成: /home/bingxing2/home/scx7auf/Shihaoxuan/graduate/data/RE-datasetA/contrafold_train/2932.bpseq
[1984/2888] 正在预测序列: 2933
  ✓ 完成: /home/bingxing2/home/scx7auf/Shihaoxuan/graduate/data/RE-datasetA/contrafold_train/2933.bpseq
[1985/2888] 正在预测序列: 2934
  ✓ 完成: /home/bingxing2/home/scx7auf/Shihaoxuan/graduate/data/RE-datasetA/contrafold_train/2934.bpseq
[1986/2888] 正在预测序列: 2935
  ✓ 完成: /home/bingxing2/home/scx7auf/Shihaoxuan/graduate/data/RE-datasetA/contrafold_train/2935.bpseq
[1987/2888] 正在预测序列: 2936
  ✓ 完成: /home/bingxing2/home/scx7auf/Shihaoxuan/graduate/data/RE-datasetA/contrafold_train/2936.bpseq
[1988/2888] 正在预测序列: 2937
  ✓ 完成: /home/bingxing2/home/scx7auf/Shihaoxuan/graduate/data/RE-datasetA/contrafold_train/2937.bpseq
[1989/2888] 正在预测序列: 2938
  ✓ 完成: /home/bingxing2/home/scx7auf/Shihaoxuan/graduate/data/RE-datasetA/contrafold_train/2938.bpseq
[1990/2888] 正在预测序列: 2939
  ✓ 完成: /home/bingxing2/home/scx7auf/Shihaoxuan/graduate/data/RE-datasetA/contrafold_train/2939.bpseq
[1991/2888] 正在预测序列: 293
  ✓ 完成: /home/bingxing2/home/scx7auf/Shihaoxuan/graduate/data/RE-datasetA/contrafold_train/293.bpseq
[1992/2888] 正在预测序列: 2940
  ✓ 完成: /home/bingxing2/home/scx7auf/Shihaoxuan/graduate/data/RE-datasetA/contrafold_train/2940.bpseq
[1993/2888] 正在预测序列: 2941
  ✓ 完成: /home/bingxing2/home/scx7auf/Shihaoxuan/graduate/data/RE-datasetA/contrafold_train/2941.bpseq
[1994/2888] 正在预测序列: 2942
  ✓ 完成: /home/bingxing2/home/scx7auf/Shihaoxuan/graduate/data/RE-datasetA/contrafold_train/2942.bpseq
[1995/2888] 正在预测序列: 2943
  ✓ 完成: /home/bingxing2/home/scx7auf/Shihaoxuan/graduate/data/RE-datasetA/contrafold_train/2943.bpseq
[1996/2888] 正在预测序列: 2944
  ✓ 完成: /home/bingxing2/home/scx7auf/Shihaoxuan/graduate/data/RE-datasetA/contrafold_train/2944.bpseq
[1997/2888] 正在预测序列: 2945
  ✓ 完成: /home/bingxing2/home/scx7auf/Shihaoxuan/graduate/data/RE-datasetA/contrafold_train/2945.bpseq
[1998/2888] 正在预测序列: 2946
  ✓ 完成: /home/bingxing2/home/scx7auf/Shihaoxuan/graduate/data/RE-datasetA/contrafold_train/2946.bpseq
[1999/2888] 正在预测序列: 2947
  ✓ 完成: /home/bingxing2/home/scx7auf/Shihaoxuan/graduate/data/RE-datasetA/contrafold_train/2947.bpseq
[2000/2888] 正在预测序列: 2948
  ✓ 完成: /home/bingxing2/home/scx7auf/Shihaoxuan/graduate/data/RE-datasetA/contrafold_train/2948.bpseq
[2001/2888] 正在预测序列: 2949
  ✓ 完成: /home/bingxing2/home/scx7auf/Shihaoxuan/graduate/data/RE-datasetA/contrafold_train/2949.bpseq
[2002/2888] 正在预测序列: 294
  ✓ 完成: /home/bingxing2/home/scx7auf/Shihaoxuan/graduate/data/RE-datasetA/contrafold_train/294.bpseq
[2003/2888] 正在预测序列: 2950
  ✓ 完成: /home/bingxing2/home/scx7auf/Shihaoxuan/graduate/data/RE-datasetA/contrafold_train/2950.bpseq
[2004/2888] 正在预测序列: 2951
  ✓ 完成: /home/bingxing2/home/scx7auf/Shihaoxuan/graduate/data/RE-datasetA/contrafold_train/2951.bpseq
[2005/2888] 正在预测序列: 2952
  ✓ 完成: /home/bingxing2/home/scx7auf/Shihaoxuan/graduate/data/RE-datasetA/contrafold_train/2952.bpseq
[2006/2888] 正在预测序列: 2953
  ✓ 完成: /home/bingxing2/home/scx7auf/Shihaoxuan/graduate/data/RE-datasetA/contrafold_train/2953.bpseq
[2007/2888] 正在预测序列: 2954
  ✓ 完成: /home/bingxing2/home/scx7auf/Shihaoxuan/graduate/data/RE-datasetA/contrafold_train/2954.bpseq
[2008/2888] 正在预测序列: 2955
  ✓ 完成: /home/bingxing2/home/scx7auf/Shihaoxuan/graduate/data/RE-datasetA/contrafold_train/2955.bpseq
[2009/2888] 正在预测序列: 2956
  ✓ 完成: /home/bingxing2/home/scx7auf/Shihaoxuan/graduate/data/RE-datasetA/contrafold_train/2956.bpseq
[2010/2888] 正在预测序列: 2957
  ✓ 完成: /home/bingxing2/home/scx7auf/Shihaoxuan/graduate/data/RE-datasetA/contrafold_train/2957.bpseq
[2011/2888] 正在预测序列: 2958
  ✓ 完成: /home/bingxing2/home/scx7auf/Shihaoxuan/graduate/data/RE-datasetA/contrafold_train/2958.bpseq
[2012/2888] 正在预测序列: 2959
  ✓ 完成: /home/bingxing2/home/scx7auf/Shihaoxuan/graduate/data/RE-datasetA/contrafold_train/2959.bpseq
[2013/2888] 正在预测序列: 295
  ✓ 完成: /home/bingxing2/home/scx7auf/Shihaoxuan/graduate/data/RE-datasetA/contrafold_train/295.bpseq
[2014/2888] 正在预测序列: 2960
  ✓ 完成: /home/bingxing2/home/scx7auf/Shihaoxuan/graduate/data/RE-datasetA/contrafold_train/2960.bpseq
[2015/2888] 正在预测序列: 2961
  ✓ 完成: /home/bingxing2/home/scx7auf/Shihaoxuan/graduate/data/RE-datasetA/contrafold_train/2961.bpseq
[2016/2888] 正在预测序列: 2962
  ✓ 完成: /home/bingxing2/home/scx7auf/Shihaoxuan/graduate/data/RE-datasetA/contrafold_train/2962.bpseq
[2017/2888] 正在预测序列: 2963
  ✓ 完成: /home/bingxing2/home/scx7auf/Shihaoxuan/graduate/data/RE-datasetA/contrafold_train/2963.bpseq
[2018/2888] 正在预测序列: 2964
  ✓ 完成: /home/bingxing2/home/scx7auf/Shihaoxuan/graduate/data/RE-datasetA/contrafold_train/2964.bpseq
[2019/2888] 正在预测序列: 2965
  ✓ 完成: /home/bingxing2/home/scx7auf/Shihaoxuan/graduate/data/RE-datasetA/contrafold_train/2965.bpseq
[2020/2888] 正在预测序列: 2966
  ✓ 完成: /home/bingxing2/home/scx7auf/Shihaoxuan/graduate/data/RE-datasetA/contrafold_train/2966.bpseq
[2021/2888] 正在预测序列: 2967
  ✓ 完成: /home/bingxing2/home/scx7auf/Shihaoxuan/graduate/data/RE-datasetA/contrafold_train/2967.bpseq
[2022/2888] 正在预测序列: 2968
  ✓ 完成: /home/bingxing2/home/scx7auf/Shihaoxuan/graduate/data/RE-datasetA/contrafold_train/2968.bpseq
[2023/2888] 正在预测序列: 2969
  ✓ 完成: /home/bingxing2/home/scx7auf/Shihaoxuan/graduate/data/RE-datasetA/contrafold_train/2969.bpseq
[2024/2888] 正在预测序列: 296
  ✓ 完成: /home/bingxing2/home/scx7auf/Shihaoxuan/graduate/data/RE-datasetA/contrafold_train/296.bpseq
[2025/2888] 正在预测序列: 2970
  ✓ 完成: /home/bingxing2/home/scx7auf/Shihaoxuan/graduate/data/RE-datasetA/contrafold_train/2970.bpseq
[2026/2888] 正在预测序列: 2971
  ✓ 完成: /home/bingxing2/home/scx7auf/Shihaoxuan/graduate/data/RE-datasetA/contrafold_train/2971.bpseq
[2027/2888] 正在预测序列: 2972
  ✓ 完成: /home/bingxing2/home/scx7auf/Shihaoxuan/graduate/data/RE-datasetA/contrafold_train/2972.bpseq
[2028/2888] 正在预测序列: 2973
  ✓ 完成: /home/bingxing2/home/scx7auf/Shihaoxuan/graduate/data/RE-datasetA/contrafold_train/2973.bpseq
[2029/2888] 正在预测序列: 2974
  ✓ 完成: /home/bingxing2/home/scx7auf/Shihaoxuan/graduate/data/RE-datasetA/contrafold_train/2974.bpseq
[2030/2888] 正在预测序列: 2975
  ✓ 完成: /home/bingxing2/home/scx7auf/Shihaoxuan/graduate/data/RE-datasetA/contrafold_train/2975.bpseq
[2031/2888] 正在预测序列: 2976
  ✓ 完成: /home/bingxing2/home/scx7auf/Shihaoxuan/graduate/data/RE-datasetA/contrafold_train/2976.bpseq
[2032/2888] 正在预测序列: 2977
  ✓ 完成: /home/bingxing2/home/scx7auf/Shihaoxuan/graduate/data/RE-datasetA/contrafold_train/2977.bpseq
[2033/2888] 正在预测序列: 2978
  ✓ 完成: /home/bingxing2/home/scx7auf/Shihaoxuan/graduate/data/RE-datasetA/contrafold_train/2978.bpseq
[2034/2888] 正在预测序列: 2979
  ✓ 完成: /home/bingxing2/home/scx7auf/Shihaoxuan/graduate/data/RE-datasetA/contrafold_train/2979.bpseq
[2035/2888] 正在预测序列: 297
  ✓ 完成: /home/bingxing2/home/scx7auf/Shihaoxuan/graduate/data/RE-datasetA/contrafold_train/297.bpseq
[2036/2888] 正在预测序列: 2980
  ✓ 完成: /home/bingxing2/home/scx7auf/Shihaoxuan/graduate/data/RE-datasetA/contrafold_train/2980.bpseq
[2037/2888] 正在预测序列: 2981
  ✓ 完成: /home/bingxing2/home/scx7auf/Shihaoxuan/graduate/data/RE-datasetA/contrafold_train/2981.bpseq
[2038/2888] 正在预测序列: 2982
  ✓ 完成: /home/bingxing2/home/scx7auf/Shihaoxuan/graduate/data/RE-datasetA/contrafold_train/2982.bpseq
[2039/2888] 正在预测序列: 2983
  ✓ 完成: /home/bingxing2/home/scx7auf/Shihaoxuan/graduate/data/RE-datasetA/contrafold_train/2983.bpseq
[2040/2888] 正在预测序列: 2984
  ✓ 完成: /home/bingxing2/home/scx7auf/Shihaoxuan/graduate/data/RE-datasetA/contrafold_train/2984.bpseq
[2041/2888] 正在预测序列: 2985
  ✓ 完成: /home/bingxing2/home/scx7auf/Shihaoxuan/graduate/data/RE-datasetA/contrafold_train/2985.bpseq
[2042/2888] 正在预测序列: 2986
  ✓ 完成: /home/bingxing2/home/scx7auf/Shihaoxuan/graduate/data/RE-datasetA/contrafold_train/2986.bpseq
[2043/2888] 正在预测序列: 2987
  ✓ 完成: /home/bingxing2/home/scx7auf/Shihaoxuan/graduate/data/RE-datasetA/contrafold_train/2987.bpseq
[2044/2888] 正在预测序列: 2988
  ✓ 完成: /home/bingxing2/home/scx7auf/Shihaoxuan/graduate/data/RE-datasetA/contrafold_train/2988.bpseq
[2045/2888] 正在预测序列: 2989
  ✓ 完成: /home/bingxing2/home/scx7auf/Shihaoxuan/graduate/data/RE-datasetA/contrafold_train/2989.bpseq
[2046/2888] 正在预测序列: 2990
  ✓ 完成: /home/bingxing2/home/scx7auf/Shihaoxuan/graduate/data/RE-datasetA/contrafold_train/2990.bpseq
[2047/2888] 正在预测序列: 2991
  ✓ 完成: /home/bingxing2/home/scx7auf/Shihaoxuan/graduate/data/RE-datasetA/contrafold_train/2991.bpseq
[2048/2888] 正在预测序列: 2992
  ✓ 完成: /home/bingxing2/home/scx7auf/Shihaoxuan/graduate/data/RE-datasetA/contrafold_train/2992.bpseq
[2049/2888] 正在预测序列: 2993
  ✓ 完成: /home/bingxing2/home/scx7auf/Shihaoxuan/graduate/data/RE-datasetA/contrafold_train/2993.bpseq
[2050/2888] 正在预测序列: 2994
  ✓ 完成: /home/bingxing2/home/scx7auf/Shihaoxuan/graduate/data/RE-datasetA/contrafold_train/2994.bpseq
[2051/2888] 正在预测序列: 2995
  ✓ 完成: /home/bingxing2/home/scx7auf/Shihaoxuan/graduate/data/RE-datasetA/contrafold_train/2995.bpseq
[2052/2888] 正在预测序列: 2996
  ✓ 完成: /home/bingxing2/home/scx7auf/Shihaoxuan/graduate/data/RE-datasetA/contrafold_train/2996.bpseq
[2053/2888] 正在预测序列: 2997
  ✓ 完成: /home/bingxing2/home/scx7auf/Shihaoxuan/graduate/data/RE-datasetA/contrafold_train/2997.bpseq
[2054/2888] 正在预测序列: 2998
  ✓ 完成: /home/bingxing2/home/scx7auf/Shihaoxuan/graduate/data/RE-datasetA/contrafold_train/2998.bpseq
[2055/2888] 正在预测序列: 2999
  ✓ 完成: /home/bingxing2/home/scx7auf/Shihaoxuan/graduate/data/RE-datasetA/contrafold_train/2999.bpseq
[2056/2888] 正在预测序列: 299
  ✓ 完成: /home/bingxing2/home/scx7auf/Shihaoxuan/graduate/data/RE-datasetA/contrafold_train/299.bpseq
[2057/2888] 正在预测序列: 29
  ✓ 完成: /home/bingxing2/home/scx7auf/Shihaoxuan/graduate/data/RE-datasetA/contrafold_train/29.bpseq
[2058/2888] 正在预测序列: 2
  ✓ 完成: /home/bingxing2/home/scx7auf/Shihaoxuan/graduate/data/RE-datasetA/contrafold_train/2.bpseq
[2059/2888] 正在预测序列: 3000
  ✓ 完成: /home/bingxing2/home/scx7auf/Shihaoxuan/graduate/data/RE-datasetA/contrafold_train/3000.bpseq
[2060/2888] 正在预测序列: 3001
  ✓ 完成: /home/bingxing2/home/scx7auf/Shihaoxuan/graduate/data/RE-datasetA/contrafold_train/3001.bpseq
[2061/2888] 正在预测序列: 3002
  ✓ 完成: /home/bingxing2/home/scx7auf/Shihaoxuan/graduate/data/RE-datasetA/contrafold_train/3002.bpseq
[2062/2888] 正在预测序列: 3003
  ✓ 完成: /home/bingxing2/home/scx7auf/Shihaoxuan/graduate/data/RE-datasetA/contrafold_train/3003.bpseq
[2063/2888] 正在预测序列: 3004
  ✓ 完成: /home/bingxing2/home/scx7auf/Shihaoxuan/graduate/data/RE-datasetA/contrafold_train/3004.bpseq
[2064/2888] 正在预测序列: 3005
  ✓ 完成: /home/bingxing2/home/scx7auf/Shihaoxuan/graduate/data/RE-datasetA/contrafold_train/3005.bpseq
[2065/2888] 正在预测序列: 3006
  ✓ 完成: /home/bingxing2/home/scx7auf/Shihaoxuan/graduate/data/RE-datasetA/contrafold_train/3006.bpseq
[2066/2888] 正在预测序列: 3007
  ✓ 完成: /home/bingxing2/home/scx7auf/Shihaoxuan/graduate/data/RE-datasetA/contrafold_train/3007.bpseq
[2067/2888] 正在预测序列: 3008
  ✓ 完成: /home/bingxing2/home/scx7auf/Shihaoxuan/graduate/data/RE-datasetA/contrafold_train/3008.bpseq
[2068/2888] 正在预测序列: 3009
  ✓ 完成: /home/bingxing2/home/scx7auf/Shihaoxuan/graduate/data/RE-datasetA/contrafold_train/3009.bpseq
[2069/2888] 正在预测序列: 300
  ✓ 完成: /home/bingxing2/home/scx7auf/Shihaoxuan/graduate/data/RE-datasetA/contrafold_train/300.bpseq
[2070/2888] 正在预测序列: 3010
  ✓ 完成: /home/bingxing2/home/scx7auf/Shihaoxuan/graduate/data/RE-datasetA/contrafold_train/3010.bpseq
[2071/2888] 正在预测序列: 3011
  ✓ 完成: /home/bingxing2/home/scx7auf/Shihaoxuan/graduate/data/RE-datasetA/contrafold_train/3011.bpseq
[2072/2888] 正在预测序列: 3012
  ✓ 完成: /home/bingxing2/home/scx7auf/Shihaoxuan/graduate/data/RE-datasetA/contrafold_train/3012.bpseq
[2073/2888] 正在预测序列: 3013
  ✓ 完成: /home/bingxing2/home/scx7auf/Shihaoxuan/graduate/data/RE-datasetA/contrafold_train/3013.bpseq
[2074/2888] 正在预测序列: 3014
  ✓ 完成: /home/bingxing2/home/scx7auf/Shihaoxuan/graduate/data/RE-datasetA/contrafold_train/3014.bpseq
[2075/2888] 正在预测序列: 3015
  ✓ 完成: /home/bingxing2/home/scx7auf/Shihaoxuan/graduate/data/RE-datasetA/contrafold_train/3015.bpseq
[2076/2888] 正在预测序列: 3016
  ✓ 完成: /home/bingxing2/home/scx7auf/Shihaoxuan/graduate/data/RE-datasetA/contrafold_train/3016.bpseq
[2077/2888] 正在预测序列: 3017
  ✓ 完成: /home/bingxing2/home/scx7auf/Shihaoxuan/graduate/data/RE-datasetA/contrafold_train/3017.bpseq
[2078/2888] 正在预测序列: 3018
  ✓ 完成: /home/bingxing2/home/scx7auf/Shihaoxuan/graduate/data/RE-datasetA/contrafold_train/3018.bpseq
[2079/2888] 正在预测序列: 3019
  ✓ 完成: /home/bingxing2/home/scx7auf/Shihaoxuan/graduate/data/RE-datasetA/contrafold_train/3019.bpseq
[2080/2888] 正在预测序列: 3020
  ✓ 完成: /home/bingxing2/home/scx7auf/Shihaoxuan/graduate/data/RE-datasetA/contrafold_train/3020.bpseq
[2081/2888] 正在预测序列: 3021
  ✓ 完成: /home/bingxing2/home/scx7auf/Shihaoxuan/graduate/data/RE-datasetA/contrafold_train/3021.bpseq
[2082/2888] 正在预测序列: 3022
  ✓ 完成: /home/bingxing2/home/scx7auf/Shihaoxuan/graduate/data/RE-datasetA/contrafold_train/3022.bpseq
[2083/2888] 正在预测序列: 3023
  ✓ 完成: /home/bingxing2/home/scx7auf/Shihaoxuan/graduate/data/RE-datasetA/contrafold_train/3023.bpseq
[2084/2888] 正在预测序列: 3024
  ✓ 完成: /home/bingxing2/home/scx7auf/Shihaoxuan/graduate/data/RE-datasetA/contrafold_train/3024.bpseq
[2085/2888] 正在预测序列: 3025
  ✓ 完成: /home/bingxing2/home/scx7auf/Shihaoxuan/graduate/data/RE-datasetA/contrafold_train/3025.bpseq
[2086/2888] 正在预测序列: 3026
  ✓ 完成: /home/bingxing2/home/scx7auf/Shihaoxuan/graduate/data/RE-datasetA/contrafold_train/3026.bpseq
[2087/2888] 正在预测序列: 3027
  ✓ 完成: /home/bingxing2/home/scx7auf/Shihaoxuan/graduate/data/RE-datasetA/contrafold_train/3027.bpseq
[2088/2888] 正在预测序列: 3028
  ✓ 完成: /home/bingxing2/home/scx7auf/Shihaoxuan/graduate/data/RE-datasetA/contrafold_train/3028.bpseq
[2089/2888] 正在预测序列: 3029
  ✓ 完成: /home/bingxing2/home/scx7auf/Shihaoxuan/graduate/data/RE-datasetA/contrafold_train/3029.bpseq
[2090/2888] 正在预测序列: 302
  ✓ 完成: /home/bingxing2/home/scx7auf/Shihaoxuan/graduate/data/RE-datasetA/contrafold_train/302.bpseq
[2091/2888] 正在预测序列: 3030
  ✓ 完成: /home/bingxing2/home/scx7auf/Shihaoxuan/graduate/data/RE-datasetA/contrafold_train/3030.bpseq
[2092/2888] 正在预测序列: 3031
  ✓ 完成: /home/bingxing2/home/scx7auf/Shihaoxuan/graduate/data/RE-datasetA/contrafold_train/3031.bpseq
[2093/2888] 正在预测序列: 3032
  ✓ 完成: /home/bingxing2/home/scx7auf/Shihaoxuan/graduate/data/RE-datasetA/contrafold_train/3032.bpseq
[2094/2888] 正在预测序列: 3033
  ✓ 完成: /home/bingxing2/home/scx7auf/Shihaoxuan/graduate/data/RE-datasetA/contrafold_train/3033.bpseq
[2095/2888] 正在预测序列: 3034
  ✓ 完成: /home/bingxing2/home/scx7auf/Shihaoxuan/graduate/data/RE-datasetA/contrafold_train/3034.bpseq
[2096/2888] 正在预测序列: 3035
  ✓ 完成: /home/bingxing2/home/scx7auf/Shihaoxuan/graduate/data/RE-datasetA/contrafold_train/3035.bpseq
[2097/2888] 正在预测序列: 3036
  ✓ 完成: /home/bingxing2/home/scx7auf/Shihaoxuan/graduate/data/RE-datasetA/contrafold_train/3036.bpseq
[2098/2888] 正在预测序列: 3037
  ✓ 完成: /home/bingxing2/home/scx7auf/Shihaoxuan/graduate/data/RE-datasetA/contrafold_train/3037.bpseq
[2099/2888] 正在预测序列: 3038
  ✓ 完成: /home/bingxing2/home/scx7auf/Shihaoxuan/graduate/data/RE-datasetA/contrafold_train/3038.bpseq
[2100/2888] 正在预测序列: 3039
  ✓ 完成: /home/bingxing2/home/scx7auf/Shihaoxuan/graduate/data/RE-datasetA/contrafold_train/3039.bpseq
[2101/2888] 正在预测序列: 303
  ✓ 完成: /home/bingxing2/home/scx7auf/Shihaoxuan/graduate/data/RE-datasetA/contrafold_train/303.bpseq
[2102/2888] 正在预测序列: 3040
  ✓ 完成: /home/bingxing2/home/scx7auf/Shihaoxuan/graduate/data/RE-datasetA/contrafold_train/3040.bpseq
[2103/2888] 正在预测序列: 3041
  ✓ 完成: /home/bingxing2/home/scx7auf/Shihaoxuan/graduate/data/RE-datasetA/contrafold_train/3041.bpseq
[2104/2888] 正在预测序列: 3042
  ✓ 完成: /home/bingxing2/home/scx7auf/Shihaoxuan/graduate/data/RE-datasetA/contrafold_train/3042.bpseq
[2105/2888] 正在预测序列: 3043
  ✓ 完成: /home/bingxing2/home/scx7auf/Shihaoxuan/graduate/data/RE-datasetA/contrafold_train/3043.bpseq
[2106/2888] 正在预测序列: 3044
  ✓ 完成: /home/bingxing2/home/scx7auf/Shihaoxuan/graduate/data/RE-datasetA/contrafold_train/3044.bpseq
[2107/2888] 正在预测序列: 3045
  ✓ 完成: /home/bingxing2/home/scx7auf/Shihaoxuan/graduate/data/RE-datasetA/contrafold_train/3045.bpseq
[2108/2888] 正在预测序列: 3046
  ✓ 完成: /home/bingxing2/home/scx7auf/Shihaoxuan/graduate/data/RE-datasetA/contrafold_train/3046.bpseq
[2109/2888] 正在预测序列: 3047
  ✓ 完成: /home/bingxing2/home/scx7auf/Shihaoxuan/graduate/data/RE-datasetA/contrafold_train/3047.bpseq
[2110/2888] 正在预测序列: 3048
  ✓ 完成: /home/bingxing2/home/scx7auf/Shihaoxuan/graduate/data/RE-datasetA/contrafold_train/3048.bpseq
[2111/2888] 正在预测序列: 3049
  ✓ 完成: /home/bingxing2/home/scx7auf/Shihaoxuan/graduate/data/RE-datasetA/contrafold_train/3049.bpseq
[2112/2888] 正在预测序列: 3050
  ✓ 完成: /home/bingxing2/home/scx7auf/Shihaoxuan/graduate/data/RE-datasetA/contrafold_train/3050.bpseq
[2113/2888] 正在预测序列: 3051
  ✓ 完成: /home/bingxing2/home/scx7auf/Shihaoxuan/graduate/data/RE-datasetA/contrafold_train/3051.bpseq
[2114/2888] 正在预测序列: 3052
  ✓ 完成: /home/bingxing2/home/scx7auf/Shihaoxuan/graduate/data/RE-datasetA/contrafold_train/3052.bpseq
[2115/2888] 正在预测序列: 3053
  ✓ 完成: /home/bingxing2/home/scx7auf/Shihaoxuan/graduate/data/RE-datasetA/contrafold_train/3053.bpseq
[2116/2888] 正在预测序列: 3054
  ✓ 完成: /home/bingxing2/home/scx7auf/Shihaoxuan/graduate/data/RE-datasetA/contrafold_train/3054.bpseq
[2117/2888] 正在预测序列: 3055
  ✓ 完成: /home/bingxing2/home/scx7auf/Shihaoxuan/graduate/data/RE-datasetA/contrafold_train/3055.bpseq
[2118/2888] 正在预测序列: 3056
  ✓ 完成: /home/bingxing2/home/scx7auf/Shihaoxuan/graduate/data/RE-datasetA/contrafold_train/3056.bpseq
[2119/2888] 正在预测序列: 3057
  ✓ 完成: /home/bingxing2/home/scx7auf/Shihaoxuan/graduate/data/RE-datasetA/contrafold_train/3057.bpseq
[2120/2888] 正在预测序列: 3058
  ✓ 完成: /home/bingxing2/home/scx7auf/Shihaoxuan/graduate/data/RE-datasetA/contrafold_train/3058.bpseq
[2121/2888] 正在预测序列: 3059
  ✓ 完成: /home/bingxing2/home/scx7auf/Shihaoxuan/graduate/data/RE-datasetA/contrafold_train/3059.bpseq
[2122/2888] 正在预测序列: 305
  ✓ 完成: /home/bingxing2/home/scx7auf/Shihaoxuan/graduate/data/RE-datasetA/contrafold_train/305.bpseq
[2123/2888] 正在预测序列: 3060
  ✓ 完成: /home/bingxing2/home/scx7auf/Shihaoxuan/graduate/data/RE-datasetA/contrafold_train/3060.bpseq
[2124/2888] 正在预测序列: 3061
  ✓ 完成: /home/bingxing2/home/scx7auf/Shihaoxuan/graduate/data/RE-datasetA/contrafold_train/3061.bpseq
[2125/2888] 正在预测序列: 3062
  ✓ 完成: /home/bingxing2/home/scx7auf/Shihaoxuan/graduate/data/RE-datasetA/contrafold_train/3062.bpseq
[2126/2888] 正在预测序列: 3063
  ✓ 完成: /home/bingxing2/home/scx7auf/Shihaoxuan/graduate/data/RE-datasetA/contrafold_train/3063.bpseq
[2127/2888] 正在预测序列: 3064
  ✓ 完成: /home/bingxing2/home/scx7auf/Shihaoxuan/graduate/data/RE-datasetA/contrafold_train/3064.bpseq
[2128/2888] 正在预测序列: 3065
  ✓ 完成: /home/bingxing2/home/scx7auf/Shihaoxuan/graduate/data/RE-datasetA/contrafold_train/3065.bpseq
[2129/2888] 正在预测序列: 3066
  ✓ 完成: /home/bingxing2/home/scx7auf/Shihaoxuan/graduate/data/RE-datasetA/contrafold_train/3066.bpseq
[2130/2888] 正在预测序列: 3067
  ✓ 完成: /home/bingxing2/home/scx7auf/Shihaoxuan/graduate/data/RE-datasetA/contrafold_train/3067.bpseq
[2131/2888] 正在预测序列: 3068
  ✓ 完成: /home/bingxing2/home/scx7auf/Shihaoxuan/graduate/data/RE-datasetA/contrafold_train/3068.bpseq
[2132/2888] 正在预测序列: 3069
  ✓ 完成: /home/bingxing2/home/scx7auf/Shihaoxuan/graduate/data/RE-datasetA/contrafold_train/3069.bpseq
[2133/2888] 正在预测序列: 306
  ✓ 完成: /home/bingxing2/home/scx7auf/Shihaoxuan/graduate/data/RE-datasetA/contrafold_train/306.bpseq
[2134/2888] 正在预测序列: 3070
  ✓ 完成: /home/bingxing2/home/scx7auf/Shihaoxuan/graduate/data/RE-datasetA/contrafold_train/3070.bpseq
[2135/2888] 正在预测序列: 3071
  ✓ 完成: /home/bingxing2/home/scx7auf/Shihaoxuan/graduate/data/RE-datasetA/contrafold_train/3071.bpseq
[2136/2888] 正在预测序列: 3072
  ✓ 完成: /home/bingxing2/home/scx7auf/Shihaoxuan/graduate/data/RE-datasetA/contrafold_train/3072.bpseq
[2137/2888] 正在预测序列: 3073
  ✓ 完成: /home/bingxing2/home/scx7auf/Shihaoxuan/graduate/data/RE-datasetA/contrafold_train/3073.bpseq
[2138/2888] 正在预测序列: 3074
  ✓ 完成: /home/bingxing2/home/scx7auf/Shihaoxuan/graduate/data/RE-datasetA/contrafold_train/3074.bpseq
[2139/2888] 正在预测序列: 3075
  ✓ 完成: /home/bingxing2/home/scx7auf/Shihaoxuan/graduate/data/RE-datasetA/contrafold_train/3075.bpseq
[2140/2888] 正在预测序列: 3076
  ✓ 完成: /home/bingxing2/home/scx7auf/Shihaoxuan/graduate/data/RE-datasetA/contrafold_train/3076.bpseq
[2141/2888] 正在预测序列: 3077
  ✓ 完成: /home/bingxing2/home/scx7auf/Shihaoxuan/graduate/data/RE-datasetA/contrafold_train/3077.bpseq
[2142/2888] 正在预测序列: 3078
  ✓ 完成: /home/bingxing2/home/scx7auf/Shihaoxuan/graduate/data/RE-datasetA/contrafold_train/3078.bpseq
[2143/2888] 正在预测序列: 3079
  ✓ 完成: /home/bingxing2/home/scx7auf/Shihaoxuan/graduate/data/RE-datasetA/contrafold_train/3079.bpseq
[2144/2888] 正在预测序列: 307
  ✓ 完成: /home/bingxing2/home/scx7auf/Shihaoxuan/graduate/data/RE-datasetA/contrafold_train/307.bpseq
[2145/2888] 正在预测序列: 3080
  ✓ 完成: /home/bingxing2/home/scx7auf/Shihaoxuan/graduate/data/RE-datasetA/contrafold_train/3080.bpseq
[2146/2888] 正在预测序列: 3081
  ✓ 完成: /home/bingxing2/home/scx7auf/Shihaoxuan/graduate/data/RE-datasetA/contrafold_train/3081.bpseq
[2147/2888] 正在预测序列: 3082
  ✓ 完成: /home/bingxing2/home/scx7auf/Shihaoxuan/graduate/data/RE-datasetA/contrafold_train/3082.bpseq
[2148/2888] 正在预测序列: 3083
  ✓ 完成: /home/bingxing2/home/scx7auf/Shihaoxuan/graduate/data/RE-datasetA/contrafold_train/3083.bpseq
[2149/2888] 正在预测序列: 3084
  ✓ 完成: /home/bingxing2/home/scx7auf/Shihaoxuan/graduate/data/RE-datasetA/contrafold_train/3084.bpseq
[2150/2888] 正在预测序列: 3085
  ✓ 完成: /home/bingxing2/home/scx7auf/Shihaoxuan/graduate/data/RE-datasetA/contrafold_train/3085.bpseq
[2151/2888] 正在预测序列: 3086
  ✓ 完成: /home/bingxing2/home/scx7auf/Shihaoxuan/graduate/data/RE-datasetA/contrafold_train/3086.bpseq
[2152/2888] 正在预测序列: 3087
  ✓ 完成: /home/bingxing2/home/scx7auf/Shihaoxuan/graduate/data/RE-datasetA/contrafold_train/3087.bpseq
[2153/2888] 正在预测序列: 3088
  ✓ 完成: /home/bingxing2/home/scx7auf/Shihaoxuan/graduate/data/RE-datasetA/contrafold_train/3088.bpseq
[2154/2888] 正在预测序列: 3089
  ✓ 完成: /home/bingxing2/home/scx7auf/Shihaoxuan/graduate/data/RE-datasetA/contrafold_train/3089.bpseq
[2155/2888] 正在预测序列: 3090
  ✓ 完成: /home/bingxing2/home/scx7auf/Shihaoxuan/graduate/data/RE-datasetA/contrafold_train/3090.bpseq
[2156/2888] 正在预测序列: 3091
  ✓ 完成: /home/bingxing2/home/scx7auf/Shihaoxuan/graduate/data/RE-datasetA/contrafold_train/3091.bpseq
[2157/2888] 正在预测序列: 3092
  ✓ 完成: /home/bingxing2/home/scx7auf/Shihaoxuan/graduate/data/RE-datasetA/contrafold_train/3092.bpseq
[2158/2888] 正在预测序列: 3093
  ✓ 完成: /home/bingxing2/home/scx7auf/Shihaoxuan/graduate/data/RE-datasetA/contrafold_train/3093.bpseq
[2159/2888] 正在预测序列: 3094
  ✓ 完成: /home/bingxing2/home/scx7auf/Shihaoxuan/graduate/data/RE-datasetA/contrafold_train/3094.bpseq
[2160/2888] 正在预测序列: 3095
  ✓ 完成: /home/bingxing2/home/scx7auf/Shihaoxuan/graduate/data/RE-datasetA/contrafold_train/3095.bpseq
[2161/2888] 正在预测序列: 3096
  ✓ 完成: /home/bingxing2/home/scx7auf/Shihaoxuan/graduate/data/RE-datasetA/contrafold_train/3096.bpseq
[2162/2888] 正在预测序列: 3097
  ✓ 完成: /home/bingxing2/home/scx7auf/Shihaoxuan/graduate/data/RE-datasetA/contrafold_train/3097.bpseq
[2163/2888] 正在预测序列: 3098
  ✓ 完成: /home/bingxing2/home/scx7auf/Shihaoxuan/graduate/data/RE-datasetA/contrafold_train/3098.bpseq
[2164/2888] 正在预测序列: 3099
  ✓ 完成: /home/bingxing2/home/scx7auf/Shihaoxuan/graduate/data/RE-datasetA/contrafold_train/3099.bpseq
[2165/2888] 正在预测序列: 309
  ✓ 完成: /home/bingxing2/home/scx7auf/Shihaoxuan/graduate/data/RE-datasetA/contrafold_train/309.bpseq
[2166/2888] 正在预测序列: 30
  ✓ 完成: /home/bingxing2/home/scx7auf/Shihaoxuan/graduate/data/RE-datasetA/contrafold_train/30.bpseq
[2167/2888] 正在预测序列: 3100
  ✓ 完成: /home/bingxing2/home/scx7auf/Shihaoxuan/graduate/data/RE-datasetA/contrafold_train/3100.bpseq
[2168/2888] 正在预测序列: 3101
  ✓ 完成: /home/bingxing2/home/scx7auf/Shihaoxuan/graduate/data/RE-datasetA/contrafold_train/3101.bpseq
[2169/2888] 正在预测序列: 3102
  ✓ 完成: /home/bingxing2/home/scx7auf/Shihaoxuan/graduate/data/RE-datasetA/contrafold_train/3102.bpseq
[2170/2888] 正在预测序列: 3103
  ✓ 完成: /home/bingxing2/home/scx7auf/Shihaoxuan/graduate/data/RE-datasetA/contrafold_train/3103.bpseq
[2171/2888] 正在预测序列: 3104
  ✓ 完成: /home/bingxing2/home/scx7auf/Shihaoxuan/graduate/data/RE-datasetA/contrafold_train/3104.bpseq
[2172/2888] 正在预测序列: 3105
  ✓ 完成: /home/bingxing2/home/scx7auf/Shihaoxuan/graduate/data/RE-datasetA/contrafold_train/3105.bpseq
[2173/2888] 正在预测序列: 3106
  ✓ 完成: /home/bingxing2/home/scx7auf/Shihaoxuan/graduate/data/RE-datasetA/contrafold_train/3106.bpseq
[2174/2888] 正在预测序列: 3107
  ✓ 完成: /home/bingxing2/home/scx7auf/Shihaoxuan/graduate/data/RE-datasetA/contrafold_train/3107.bpseq
[2175/2888] 正在预测序列: 3108
  ✓ 完成: /home/bingxing2/home/scx7auf/Shihaoxuan/graduate/data/RE-datasetA/contrafold_train/3108.bpseq
[2176/2888] 正在预测序列: 3109
  ✓ 完成: /home/bingxing2/home/scx7auf/Shihaoxuan/graduate/data/RE-datasetA/contrafold_train/3109.bpseq
[2177/2888] 正在预测序列: 310
  ✓ 完成: /home/bingxing2/home/scx7auf/Shihaoxuan/graduate/data/RE-datasetA/contrafold_train/310.bpseq
[2178/2888] 正在预测序列: 3110
  ✓ 完成: /home/bingxing2/home/scx7auf/Shihaoxuan/graduate/data/RE-datasetA/contrafold_train/3110.bpseq
[2179/2888] 正在预测序列: 3111
  ✓ 完成: /home/bingxing2/home/scx7auf/Shihaoxuan/graduate/data/RE-datasetA/contrafold_train/3111.bpseq
[2180/2888] 正在预测序列: 3112
  ✓ 完成: /home/bingxing2/home/scx7auf/Shihaoxuan/graduate/data/RE-datasetA/contrafold_train/3112.bpseq
[2181/2888] 正在预测序列: 3113
  ✓ 完成: /home/bingxing2/home/scx7auf/Shihaoxuan/graduate/data/RE-datasetA/contrafold_train/3113.bpseq
[2182/2888] 正在预测序列: 3114
  ✓ 完成: /home/bingxing2/home/scx7auf/Shihaoxuan/graduate/data/RE-datasetA/contrafold_train/3114.bpseq
[2183/2888] 正在预测序列: 3115
  ✓ 完成: /home/bingxing2/home/scx7auf/Shihaoxuan/graduate/data/RE-datasetA/contrafold_train/3115.bpseq
[2184/2888] 正在预测序列: 3116
  ✓ 完成: /home/bingxing2/home/scx7auf/Shihaoxuan/graduate/data/RE-datasetA/contrafold_train/3116.bpseq
[2185/2888] 正在预测序列: 3117
  ✓ 完成: /home/bingxing2/home/scx7auf/Shihaoxuan/graduate/data/RE-datasetA/contrafold_train/3117.bpseq
[2186/2888] 正在预测序列: 3118
  ✓ 完成: /home/bingxing2/home/scx7auf/Shihaoxuan/graduate/data/RE-datasetA/contrafold_train/3118.bpseq
[2187/2888] 正在预测序列: 3119
  ✓ 完成: /home/bingxing2/home/scx7auf/Shihaoxuan/graduate/data/RE-datasetA/contrafold_train/3119.bpseq
[2188/2888] 正在预测序列: 311
  ✓ 完成: /home/bingxing2/home/scx7auf/Shihaoxuan/graduate/data/RE-datasetA/contrafold_train/311.bpseq
[2189/2888] 正在预测序列: 3120
  ✓ 完成: /home/bingxing2/home/scx7auf/Shihaoxuan/graduate/data/RE-datasetA/contrafold_train/3120.bpseq
[2190/2888] 正在预测序列: 3121
  ✓ 完成: /home/bingxing2/home/scx7auf/Shihaoxuan/graduate/data/RE-datasetA/contrafold_train/3121.bpseq
[2191/2888] 正在预测序列: 3122
  ✓ 完成: /home/bingxing2/home/scx7auf/Shihaoxuan/graduate/data/RE-datasetA/contrafold_train/3122.bpseq
[2192/2888] 正在预测序列: 3123
  ✓ 完成: /home/bingxing2/home/scx7auf/Shihaoxuan/graduate/data/RE-datasetA/contrafold_train/3123.bpseq
[2193/2888] 正在预测序列: 3124
  ✓ 完成: /home/bingxing2/home/scx7auf/Shihaoxuan/graduate/data/RE-datasetA/contrafold_train/3124.bpseq
[2194/2888] 正在预测序列: 3125
  ✓ 完成: /home/bingxing2/home/scx7auf/Shihaoxuan/graduate/data/RE-datasetA/contrafold_train/3125.bpseq
[2195/2888] 正在预测序列: 3126
  ✓ 完成: /home/bingxing2/home/scx7auf/Shihaoxuan/graduate/data/RE-datasetA/contrafold_train/3126.bpseq
[2196/2888] 正在预测序列: 3127
  ✓ 完成: /home/bingxing2/home/scx7auf/Shihaoxuan/graduate/data/RE-datasetA/contrafold_train/3127.bpseq
[2197/2888] 正在预测序列: 3128
  ✓ 完成: /home/bingxing2/home/scx7auf/Shihaoxuan/graduate/data/RE-datasetA/contrafold_train/3128.bpseq
[2198/2888] 正在预测序列: 3129
  ✓ 完成: /home/bingxing2/home/scx7auf/Shihaoxuan/graduate/data/RE-datasetA/contrafold_train/3129.bpseq
[2199/2888] 正在预测序列: 312
  ✓ 完成: /home/bingxing2/home/scx7auf/Shihaoxuan/graduate/data/RE-datasetA/contrafold_train/312.bpseq
[2200/2888] 正在预测序列: 3130
  ✓ 完成: /home/bingxing2/home/scx7auf/Shihaoxuan/graduate/data/RE-datasetA/contrafold_train/3130.bpseq
[2201/2888] 正在预测序列: 3131
  ✓ 完成: /home/bingxing2/home/scx7auf/Shihaoxuan/graduate/data/RE-datasetA/contrafold_train/3131.bpseq
[2202/2888] 正在预测序列: 3132
  ✓ 完成: /home/bingxing2/home/scx7auf/Shihaoxuan/graduate/data/RE-datasetA/contrafold_train/3132.bpseq
[2203/2888] 正在预测序列: 3133
  ✓ 完成: /home/bingxing2/home/scx7auf/Shihaoxuan/graduate/data/RE-datasetA/contrafold_train/3133.bpseq
[2204/2888] 正在预测序列: 3134
  ✓ 完成: /home/bingxing2/home/scx7auf/Shihaoxuan/graduate/data/RE-datasetA/contrafold_train/3134.bpseq
[2205/2888] 正在预测序列: 3135
  ✓ 完成: /home/bingxing2/home/scx7auf/Shihaoxuan/graduate/data/RE-datasetA/contrafold_train/3135.bpseq
[2206/2888] 正在预测序列: 3136
  ✓ 完成: /home/bingxing2/home/scx7auf/Shihaoxuan/graduate/data/RE-datasetA/contrafold_train/3136.bpseq
[2207/2888] 正在预测序列: 3137
  ✓ 完成: /home/bingxing2/home/scx7auf/Shihaoxuan/graduate/data/RE-datasetA/contrafold_train/3137.bpseq
[2208/2888] 正在预测序列: 3138
  ✓ 完成: /home/bingxing2/home/scx7auf/Shihaoxuan/graduate/data/RE-datasetA/contrafold_train/3138.bpseq
[2209/2888] 正在预测序列: 3139
  ✓ 完成: /home/bingxing2/home/scx7auf/Shihaoxuan/graduate/data/RE-datasetA/contrafold_train/3139.bpseq
[2210/2888] 正在预测序列: 3140
  ✓ 完成: /home/bingxing2/home/scx7auf/Shihaoxuan/graduate/data/RE-datasetA/contrafold_train/3140.bpseq
[2211/2888] 正在预测序列: 3141
  ✓ 完成: /home/bingxing2/home/scx7auf/Shihaoxuan/graduate/data/RE-datasetA/contrafold_train/3141.bpseq
[2212/2888] 正在预测序列: 3142
  ✓ 完成: /home/bingxing2/home/scx7auf/Shihaoxuan/graduate/data/RE-datasetA/contrafold_train/3142.bpseq
[2213/2888] 正在预测序列: 3143
  ✓ 完成: /home/bingxing2/home/scx7auf/Shihaoxuan/graduate/data/RE-datasetA/contrafold_train/3143.bpseq
[2214/2888] 正在预测序列: 3144
  ✓ 完成: /home/bingxing2/home/scx7auf/Shihaoxuan/graduate/data/RE-datasetA/contrafold_train/3144.bpseq
[2215/2888] 正在预测序列: 3145
  ✓ 完成: /home/bingxing2/home/scx7auf/Shihaoxuan/graduate/data/RE-datasetA/contrafold_train/3145.bpseq
[2216/2888] 正在预测序列: 3146
  ✓ 完成: /home/bingxing2/home/scx7auf/Shihaoxuan/graduate/data/RE-datasetA/contrafold_train/3146.bpseq
[2217/2888] 正在预测序列: 3147
  ✓ 完成: /home/bingxing2/home/scx7auf/Shihaoxuan/graduate/data/RE-datasetA/contrafold_train/3147.bpseq
[2218/2888] 正在预测序列: 3148
  ✓ 完成: /home/bingxing2/home/scx7auf/Shihaoxuan/graduate/data/RE-datasetA/contrafold_train/3148.bpseq
[2219/2888] 正在预测序列: 3149
  ✓ 完成: /home/bingxing2/home/scx7auf/Shihaoxuan/graduate/data/RE-datasetA/contrafold_train/3149.bpseq
[2220/2888] 正在预测序列: 314
  ✓ 完成: /home/bingxing2/home/scx7auf/Shihaoxuan/graduate/data/RE-datasetA/contrafold_train/314.bpseq
[2221/2888] 正在预测序列: 3151
  ✓ 完成: /home/bingxing2/home/scx7auf/Shihaoxuan/graduate/data/RE-datasetA/contrafold_train/3151.bpseq
[2222/2888] 正在预测序列: 3152
  ✓ 完成: /home/bingxing2/home/scx7auf/Shihaoxuan/graduate/data/RE-datasetA/contrafold_train/3152.bpseq
[2223/2888] 正在预测序列: 3153
  ✓ 完成: /home/bingxing2/home/scx7auf/Shihaoxuan/graduate/data/RE-datasetA/contrafold_train/3153.bpseq
[2224/2888] 正在预测序列: 3154
  ✓ 完成: /home/bingxing2/home/scx7auf/Shihaoxuan/graduate/data/RE-datasetA/contrafold_train/3154.bpseq
[2225/2888] 正在预测序列: 3155
  ✓ 完成: /home/bingxing2/home/scx7auf/Shihaoxuan/graduate/data/RE-datasetA/contrafold_train/3155.bpseq
[2226/2888] 正在预测序列: 3156
  ✓ 完成: /home/bingxing2/home/scx7auf/Shihaoxuan/graduate/data/RE-datasetA/contrafold_train/3156.bpseq
[2227/2888] 正在预测序列: 3157
  ✓ 完成: /home/bingxing2/home/scx7auf/Shihaoxuan/graduate/data/RE-datasetA/contrafold_train/3157.bpseq
[2228/2888] 正在预测序列: 3158
  ✓ 完成: /home/bingxing2/home/scx7auf/Shihaoxuan/graduate/data/RE-datasetA/contrafold_train/3158.bpseq
[2229/2888] 正在预测序列: 3159
  ✓ 完成: /home/bingxing2/home/scx7auf/Shihaoxuan/graduate/data/RE-datasetA/contrafold_train/3159.bpseq
[2230/2888] 正在预测序列: 315
  ✓ 完成: /home/bingxing2/home/scx7auf/Shihaoxuan/graduate/data/RE-datasetA/contrafold_train/315.bpseq
[2231/2888] 正在预测序列: 3160
  ✓ 完成: /home/bingxing2/home/scx7auf/Shihaoxuan/graduate/data/RE-datasetA/contrafold_train/3160.bpseq
[2232/2888] 正在预测序列: 3161
  ✓ 完成: /home/bingxing2/home/scx7auf/Shihaoxuan/graduate/data/RE-datasetA/contrafold_train/3161.bpseq
[2233/2888] 正在预测序列: 3162
  ✓ 完成: /home/bingxing2/home/scx7auf/Shihaoxuan/graduate/data/RE-datasetA/contrafold_train/3162.bpseq
[2234/2888] 正在预测序列: 3163
  ✓ 完成: /home/bingxing2/home/scx7auf/Shihaoxuan/graduate/data/RE-datasetA/contrafold_train/3163.bpseq
[2235/2888] 正在预测序列: 3164
  ✓ 完成: /home/bingxing2/home/scx7auf/Shihaoxuan/graduate/data/RE-datasetA/contrafold_train/3164.bpseq
[2236/2888] 正在预测序列: 3165
  ✓ 完成: /home/bingxing2/home/scx7auf/Shihaoxuan/graduate/data/RE-datasetA/contrafold_train/3165.bpseq
[2237/2888] 正在预测序列: 316
  ✓ 完成: /home/bingxing2/home/scx7auf/Shihaoxuan/graduate/data/RE-datasetA/contrafold_train/316.bpseq
[2238/2888] 正在预测序列: 317
  ✓ 完成: /home/bingxing2/home/scx7auf/Shihaoxuan/graduate/data/RE-datasetA/contrafold_train/317.bpseq
[2239/2888] 正在预测序列: 318
  ✓ 完成: /home/bingxing2/home/scx7auf/Shihaoxuan/graduate/data/RE-datasetA/contrafold_train/318.bpseq
[2240/2888] 正在预测序列: 319
  ✓ 完成: /home/bingxing2/home/scx7auf/Shihaoxuan/graduate/data/RE-datasetA/contrafold_train/319.bpseq
[2241/2888] 正在预测序列: 31
  ✓ 完成: /home/bingxing2/home/scx7auf/Shihaoxuan/graduate/data/RE-datasetA/contrafold_train/31.bpseq
[2242/2888] 正在预测序列: 322
  ✓ 完成: /home/bingxing2/home/scx7auf/Shihaoxuan/graduate/data/RE-datasetA/contrafold_train/322.bpseq
[2243/2888] 正在预测序列: 323
  ✓ 完成: /home/bingxing2/home/scx7auf/Shihaoxuan/graduate/data/RE-datasetA/contrafold_train/323.bpseq
[2244/2888] 正在预测序列: 324
  ✓ 完成: /home/bingxing2/home/scx7auf/Shihaoxuan/graduate/data/RE-datasetA/contrafold_train/324.bpseq
[2245/2888] 正在预测序列: 325
  ✓ 完成: /home/bingxing2/home/scx7auf/Shihaoxuan/graduate/data/RE-datasetA/contrafold_train/325.bpseq
[2246/2888] 正在预测序列: 326
  ✓ 完成: /home/bingxing2/home/scx7auf/Shihaoxuan/graduate/data/RE-datasetA/contrafold_train/326.bpseq
[2247/2888] 正在预测序列: 327
  ✓ 完成: /home/bingxing2/home/scx7auf/Shihaoxuan/graduate/data/RE-datasetA/contrafold_train/327.bpseq
[2248/2888] 正在预测序列: 328
  ✓ 完成: /home/bingxing2/home/scx7auf/Shihaoxuan/graduate/data/RE-datasetA/contrafold_train/328.bpseq
[2249/2888] 正在预测序列: 32
  ✓ 完成: /home/bingxing2/home/scx7auf/Shihaoxuan/graduate/data/RE-datasetA/contrafold_train/32.bpseq
[2250/2888] 正在预测序列: 331
  ✓ 完成: /home/bingxing2/home/scx7auf/Shihaoxuan/graduate/data/RE-datasetA/contrafold_train/331.bpseq
[2251/2888] 正在预测序列: 333
  ✓ 完成: /home/bingxing2/home/scx7auf/Shihaoxuan/graduate/data/RE-datasetA/contrafold_train/333.bpseq
[2252/2888] 正在预测序列: 334
  ✓ 完成: /home/bingxing2/home/scx7auf/Shihaoxuan/graduate/data/RE-datasetA/contrafold_train/334.bpseq
[2253/2888] 正在预测序列: 335
  ✓ 完成: /home/bingxing2/home/scx7auf/Shihaoxuan/graduate/data/RE-datasetA/contrafold_train/335.bpseq
[2254/2888] 正在预测序列: 336
  ✓ 完成: /home/bingxing2/home/scx7auf/Shihaoxuan/graduate/data/RE-datasetA/contrafold_train/336.bpseq
[2255/2888] 正在预测序列: 338
  ✓ 完成: /home/bingxing2/home/scx7auf/Shihaoxuan/graduate/data/RE-datasetA/contrafold_train/338.bpseq
[2256/2888] 正在预测序列: 33
  ✓ 完成: /home/bingxing2/home/scx7auf/Shihaoxuan/graduate/data/RE-datasetA/contrafold_train/33.bpseq
[2257/2888] 正在预测序列: 340
  ✓ 完成: /home/bingxing2/home/scx7auf/Shihaoxuan/graduate/data/RE-datasetA/contrafold_train/340.bpseq
[2258/2888] 正在预测序列: 341
  ✓ 完成: /home/bingxing2/home/scx7auf/Shihaoxuan/graduate/data/RE-datasetA/contrafold_train/341.bpseq
[2259/2888] 正在预测序列: 342
  ✓ 完成: /home/bingxing2/home/scx7auf/Shihaoxuan/graduate/data/RE-datasetA/contrafold_train/342.bpseq
[2260/2888] 正在预测序列: 343
  ✓ 完成: /home/bingxing2/home/scx7auf/Shihaoxuan/graduate/data/RE-datasetA/contrafold_train/343.bpseq
[2261/2888] 正在预测序列: 344
  ✓ 完成: /home/bingxing2/home/scx7auf/Shihaoxuan/graduate/data/RE-datasetA/contrafold_train/344.bpseq
[2262/2888] 正在预测序列: 345
  ✓ 完成: /home/bingxing2/home/scx7auf/Shihaoxuan/graduate/data/RE-datasetA/contrafold_train/345.bpseq
[2263/2888] 正在预测序列: 349
  ✓ 完成: /home/bingxing2/home/scx7auf/Shihaoxuan/graduate/data/RE-datasetA/contrafold_train/349.bpseq
[2264/2888] 正在预测序列: 34
  ✓ 完成: /home/bingxing2/home/scx7auf/Shihaoxuan/graduate/data/RE-datasetA/contrafold_train/34.bpseq
[2265/2888] 正在预测序列: 350
  ✓ 完成: /home/bingxing2/home/scx7auf/Shihaoxuan/graduate/data/RE-datasetA/contrafold_train/350.bpseq
[2266/2888] 正在预测序列: 351
  ✓ 完成: /home/bingxing2/home/scx7auf/Shihaoxuan/graduate/data/RE-datasetA/contrafold_train/351.bpseq
[2267/2888] 正在预测序列: 352
  ✓ 完成: /home/bingxing2/home/scx7auf/Shihaoxuan/graduate/data/RE-datasetA/contrafold_train/352.bpseq
[2268/2888] 正在预测序列: 356
  ✓ 完成: /home/bingxing2/home/scx7auf/Shihaoxuan/graduate/data/RE-datasetA/contrafold_train/356.bpseq
[2269/2888] 正在预测序列: 357
  ✓ 完成: /home/bingxing2/home/scx7auf/Shihaoxuan/graduate/data/RE-datasetA/contrafold_train/357.bpseq
[2270/2888] 正在预测序列: 35
  ✓ 完成: /home/bingxing2/home/scx7auf/Shihaoxuan/graduate/data/RE-datasetA/contrafold_train/35.bpseq
[2271/2888] 正在预测序列: 360
  ✓ 完成: /home/bingxing2/home/scx7auf/Shihaoxuan/graduate/data/RE-datasetA/contrafold_train/360.bpseq
[2272/2888] 正在预测序列: 361
  ✓ 完成: /home/bingxing2/home/scx7auf/Shihaoxuan/graduate/data/RE-datasetA/contrafold_train/361.bpseq
[2273/2888] 正在预测序列: 363
  ✓ 完成: /home/bingxing2/home/scx7auf/Shihaoxuan/graduate/data/RE-datasetA/contrafold_train/363.bpseq
[2274/2888] 正在预测序列: 364
  ✓ 完成: /home/bingxing2/home/scx7auf/Shihaoxuan/graduate/data/RE-datasetA/contrafold_train/364.bpseq
[2275/2888] 正在预测序列: 365
  ✓ 完成: /home/bingxing2/home/scx7auf/Shihaoxuan/graduate/data/RE-datasetA/contrafold_train/365.bpseq
[2276/2888] 正在预测序列: 366
  ✓ 完成: /home/bingxing2/home/scx7auf/Shihaoxuan/graduate/data/RE-datasetA/contrafold_train/366.bpseq
[2277/2888] 正在预测序列: 367
  ✓ 完成: /home/bingxing2/home/scx7auf/Shihaoxuan/graduate/data/RE-datasetA/contrafold_train/367.bpseq
[2278/2888] 正在预测序列: 368
  ✓ 完成: /home/bingxing2/home/scx7auf/Shihaoxuan/graduate/data/RE-datasetA/contrafold_train/368.bpseq
[2279/2888] 正在预测序列: 369
  ✓ 完成: /home/bingxing2/home/scx7auf/Shihaoxuan/graduate/data/RE-datasetA/contrafold_train/369.bpseq
[2280/2888] 正在预测序列: 36
  ✓ 完成: /home/bingxing2/home/scx7auf/Shihaoxuan/graduate/data/RE-datasetA/contrafold_train/36.bpseq
[2281/2888] 正在预测序列: 370
  ✓ 完成: /home/bingxing2/home/scx7auf/Shihaoxuan/graduate/data/RE-datasetA/contrafold_train/370.bpseq
[2282/2888] 正在预测序列: 371
  ✓ 完成: /home/bingxing2/home/scx7auf/Shihaoxuan/graduate/data/RE-datasetA/contrafold_train/371.bpseq
[2283/2888] 正在预测序列: 372
  ✓ 完成: /home/bingxing2/home/scx7auf/Shihaoxuan/graduate/data/RE-datasetA/contrafold_train/372.bpseq
[2284/2888] 正在预测序列: 374
  ✓ 完成: /home/bingxing2/home/scx7auf/Shihaoxuan/graduate/data/RE-datasetA/contrafold_train/374.bpseq
[2285/2888] 正在预测序列: 375
  ✓ 完成: /home/bingxing2/home/scx7auf/Shihaoxuan/graduate/data/RE-datasetA/contrafold_train/375.bpseq
[2286/2888] 正在预测序列: 376
  ✓ 完成: /home/bingxing2/home/scx7auf/Shihaoxuan/graduate/data/RE-datasetA/contrafold_train/376.bpseq
[2287/2888] 正在预测序列: 377
  ✓ 完成: /home/bingxing2/home/scx7auf/Shihaoxuan/graduate/data/RE-datasetA/contrafold_train/377.bpseq
[2288/2888] 正在预测序列: 378
  ✓ 完成: /home/bingxing2/home/scx7auf/Shihaoxuan/graduate/data/RE-datasetA/contrafold_train/378.bpseq
[2289/2888] 正在预测序列: 379
  ✓ 完成: /home/bingxing2/home/scx7auf/Shihaoxuan/graduate/data/RE-datasetA/contrafold_train/379.bpseq
[2290/2888] 正在预测序列: 37
  ✓ 完成: /home/bingxing2/home/scx7auf/Shihaoxuan/graduate/data/RE-datasetA/contrafold_train/37.bpseq
[2291/2888] 正在预测序列: 380
  ✓ 完成: /home/bingxing2/home/scx7auf/Shihaoxuan/graduate/data/RE-datasetA/contrafold_train/380.bpseq
[2292/2888] 正在预测序列: 382
  ✓ 完成: /home/bingxing2/home/scx7auf/Shihaoxuan/graduate/data/RE-datasetA/contrafold_train/382.bpseq
[2293/2888] 正在预测序列: 385
  ✓ 完成: /home/bingxing2/home/scx7auf/Shihaoxuan/graduate/data/RE-datasetA/contrafold_train/385.bpseq
[2294/2888] 正在预测序列: 386
  ✓ 完成: /home/bingxing2/home/scx7auf/Shihaoxuan/graduate/data/RE-datasetA/contrafold_train/386.bpseq
[2295/2888] 正在预测序列: 387
  ✓ 完成: /home/bingxing2/home/scx7auf/Shihaoxuan/graduate/data/RE-datasetA/contrafold_train/387.bpseq
[2296/2888] 正在预测序列: 388
  ✓ 完成: /home/bingxing2/home/scx7auf/Shihaoxuan/graduate/data/RE-datasetA/contrafold_train/388.bpseq
[2297/2888] 正在预测序列: 389
  ✓ 完成: /home/bingxing2/home/scx7auf/Shihaoxuan/graduate/data/RE-datasetA/contrafold_train/389.bpseq
[2298/2888] 正在预测序列: 38
  ✓ 完成: /home/bingxing2/home/scx7auf/Shihaoxuan/graduate/data/RE-datasetA/contrafold_train/38.bpseq
[2299/2888] 正在预测序列: 390
  ✓ 完成: /home/bingxing2/home/scx7auf/Shihaoxuan/graduate/data/RE-datasetA/contrafold_train/390.bpseq
[2300/2888] 正在预测序列: 391
  ✓ 完成: /home/bingxing2/home/scx7auf/Shihaoxuan/graduate/data/RE-datasetA/contrafold_train/391.bpseq
[2301/2888] 正在预测序列: 392
  ✓ 完成: /home/bingxing2/home/scx7auf/Shihaoxuan/graduate/data/RE-datasetA/contrafold_train/392.bpseq
[2302/2888] 正在预测序列: 394
  ✓ 完成: /home/bingxing2/home/scx7auf/Shihaoxuan/graduate/data/RE-datasetA/contrafold_train/394.bpseq
[2303/2888] 正在预测序列: 395
  ✓ 完成: /home/bingxing2/home/scx7auf/Shihaoxuan/graduate/data/RE-datasetA/contrafold_train/395.bpseq
[2304/2888] 正在预测序列: 396
  ✓ 完成: /home/bingxing2/home/scx7auf/Shihaoxuan/graduate/data/RE-datasetA/contrafold_train/396.bpseq
[2305/2888] 正在预测序列: 39
  ✓ 完成: /home/bingxing2/home/scx7auf/Shihaoxuan/graduate/data/RE-datasetA/contrafold_train/39.bpseq
[2306/2888] 正在预测序列: 3
  ✓ 完成: /home/bingxing2/home/scx7auf/Shihaoxuan/graduate/data/RE-datasetA/contrafold_train/3.bpseq
[2307/2888] 正在预测序列: 401
  ✓ 完成: /home/bingxing2/home/scx7auf/Shihaoxuan/graduate/data/RE-datasetA/contrafold_train/401.bpseq
[2308/2888] 正在预测序列: 403
  ✓ 完成: /home/bingxing2/home/scx7auf/Shihaoxuan/graduate/data/RE-datasetA/contrafold_train/403.bpseq
[2309/2888] 正在预测序列: 404
  ✓ 完成: /home/bingxing2/home/scx7auf/Shihaoxuan/graduate/data/RE-datasetA/contrafold_train/404.bpseq
[2310/2888] 正在预测序列: 405
  ✓ 完成: /home/bingxing2/home/scx7auf/Shihaoxuan/graduate/data/RE-datasetA/contrafold_train/405.bpseq
[2311/2888] 正在预测序列: 407
  ✓ 完成: /home/bingxing2/home/scx7auf/Shihaoxuan/graduate/data/RE-datasetA/contrafold_train/407.bpseq
[2312/2888] 正在预测序列: 408
  ✓ 完成: /home/bingxing2/home/scx7auf/Shihaoxuan/graduate/data/RE-datasetA/contrafold_train/408.bpseq
[2313/2888] 正在预测序列: 409
  ✓ 完成: /home/bingxing2/home/scx7auf/Shihaoxuan/graduate/data/RE-datasetA/contrafold_train/409.bpseq
[2314/2888] 正在预测序列: 40
  ✓ 完成: /home/bingxing2/home/scx7auf/Shihaoxuan/graduate/data/RE-datasetA/contrafold_train/40.bpseq
[2315/2888] 正在预测序列: 412
  ✓ 完成: /home/bingxing2/home/scx7auf/Shihaoxuan/graduate/data/RE-datasetA/contrafold_train/412.bpseq
[2316/2888] 正在预测序列: 413
  ✓ 完成: /home/bingxing2/home/scx7auf/Shihaoxuan/graduate/data/RE-datasetA/contrafold_train/413.bpseq
[2317/2888] 正在预测序列: 415
  ✓ 完成: /home/bingxing2/home/scx7auf/Shihaoxuan/graduate/data/RE-datasetA/contrafold_train/415.bpseq
[2318/2888] 正在预测序列: 417
  ✓ 完成: /home/bingxing2/home/scx7auf/Shihaoxuan/graduate/data/RE-datasetA/contrafold_train/417.bpseq
[2319/2888] 正在预测序列: 419
  ✓ 完成: /home/bingxing2/home/scx7auf/Shihaoxuan/graduate/data/RE-datasetA/contrafold_train/419.bpseq
[2320/2888] 正在预测序列: 41
  ✓ 完成: /home/bingxing2/home/scx7auf/Shihaoxuan/graduate/data/RE-datasetA/contrafold_train/41.bpseq
[2321/2888] 正在预测序列: 421
  ✓ 完成: /home/bingxing2/home/scx7auf/Shihaoxuan/graduate/data/RE-datasetA/contrafold_train/421.bpseq
[2322/2888] 正在预测序列: 423
  ✓ 完成: /home/bingxing2/home/scx7auf/Shihaoxuan/graduate/data/RE-datasetA/contrafold_train/423.bpseq
[2323/2888] 正在预测序列: 424
  ✓ 完成: /home/bingxing2/home/scx7auf/Shihaoxuan/graduate/data/RE-datasetA/contrafold_train/424.bpseq
[2324/2888] 正在预测序列: 426
  ✓ 完成: /home/bingxing2/home/scx7auf/Shihaoxuan/graduate/data/RE-datasetA/contrafold_train/426.bpseq
[2325/2888] 正在预测序列: 427
  ✓ 完成: /home/bingxing2/home/scx7auf/Shihaoxuan/graduate/data/RE-datasetA/contrafold_train/427.bpseq
[2326/2888] 正在预测序列: 428
  ✓ 完成: /home/bingxing2/home/scx7auf/Shihaoxuan/graduate/data/RE-datasetA/contrafold_train/428.bpseq
[2327/2888] 正在预测序列: 42
  ✓ 完成: /home/bingxing2/home/scx7auf/Shihaoxuan/graduate/data/RE-datasetA/contrafold_train/42.bpseq
[2328/2888] 正在预测序列: 430
  ✓ 完成: /home/bingxing2/home/scx7auf/Shihaoxuan/graduate/data/RE-datasetA/contrafold_train/430.bpseq
[2329/2888] 正在预测序列: 431
  ✓ 完成: /home/bingxing2/home/scx7auf/Shihaoxuan/graduate/data/RE-datasetA/contrafold_train/431.bpseq
[2330/2888] 正在预测序列: 432
  ✓ 完成: /home/bingxing2/home/scx7auf/Shihaoxuan/graduate/data/RE-datasetA/contrafold_train/432.bpseq
[2331/2888] 正在预测序列: 433
  ✓ 完成: /home/bingxing2/home/scx7auf/Shihaoxuan/graduate/data/RE-datasetA/contrafold_train/433.bpseq
[2332/2888] 正在预测序列: 438
  ✓ 完成: /home/bingxing2/home/scx7auf/Shihaoxuan/graduate/data/RE-datasetA/contrafold_train/438.bpseq
[2333/2888] 正在预测序列: 439
  ✓ 完成: /home/bingxing2/home/scx7auf/Shihaoxuan/graduate/data/RE-datasetA/contrafold_train/439.bpseq
[2334/2888] 正在预测序列: 43
  ✓ 完成: /home/bingxing2/home/scx7auf/Shihaoxuan/graduate/data/RE-datasetA/contrafold_train/43.bpseq
[2335/2888] 正在预测序列: 441
  ✓ 完成: /home/bingxing2/home/scx7auf/Shihaoxuan/graduate/data/RE-datasetA/contrafold_train/441.bpseq
[2336/2888] 正在预测序列: 442
  ✓ 完成: /home/bingxing2/home/scx7auf/Shihaoxuan/graduate/data/RE-datasetA/contrafold_train/442.bpseq
[2337/2888] 正在预测序列: 443
  ✓ 完成: /home/bingxing2/home/scx7auf/Shihaoxuan/graduate/data/RE-datasetA/contrafold_train/443.bpseq
[2338/2888] 正在预测序列: 444
  ✓ 完成: /home/bingxing2/home/scx7auf/Shihaoxuan/graduate/data/RE-datasetA/contrafold_train/444.bpseq
[2339/2888] 正在预测序列: 445
  ✓ 完成: /home/bingxing2/home/scx7auf/Shihaoxuan/graduate/data/RE-datasetA/contrafold_train/445.bpseq
[2340/2888] 正在预测序列: 448
  ✓ 完成: /home/bingxing2/home/scx7auf/Shihaoxuan/graduate/data/RE-datasetA/contrafold_train/448.bpseq
[2341/2888] 正在预测序列: 44
  ✓ 完成: /home/bingxing2/home/scx7auf/Shihaoxuan/graduate/data/RE-datasetA/contrafold_train/44.bpseq
[2342/2888] 正在预测序列: 452
  ✓ 完成: /home/bingxing2/home/scx7auf/Shihaoxuan/graduate/data/RE-datasetA/contrafold_train/452.bpseq
[2343/2888] 正在预测序列: 453
  ✓ 完成: /home/bingxing2/home/scx7auf/Shihaoxuan/graduate/data/RE-datasetA/contrafold_train/453.bpseq
[2344/2888] 正在预测序列: 454
  ✓ 完成: /home/bingxing2/home/scx7auf/Shihaoxuan/graduate/data/RE-datasetA/contrafold_train/454.bpseq
[2345/2888] 正在预测序列: 457
  ✓ 完成: /home/bingxing2/home/scx7auf/Shihaoxuan/graduate/data/RE-datasetA/contrafold_train/457.bpseq
[2346/2888] 正在预测序列: 458
  ✓ 完成: /home/bingxing2/home/scx7auf/Shihaoxuan/graduate/data/RE-datasetA/contrafold_train/458.bpseq
[2347/2888] 正在预测序列: 459
  ✓ 完成: /home/bingxing2/home/scx7auf/Shihaoxuan/graduate/data/RE-datasetA/contrafold_train/459.bpseq
[2348/2888] 正在预测序列: 45
  ✓ 完成: /home/bingxing2/home/scx7auf/Shihaoxuan/graduate/data/RE-datasetA/contrafold_train/45.bpseq
[2349/2888] 正在预测序列: 461
  ✓ 完成: /home/bingxing2/home/scx7auf/Shihaoxuan/graduate/data/RE-datasetA/contrafold_train/461.bpseq
[2350/2888] 正在预测序列: 462
  ✓ 完成: /home/bingxing2/home/scx7auf/Shihaoxuan/graduate/data/RE-datasetA/contrafold_train/462.bpseq
[2351/2888] 正在预测序列: 463
  ✓ 完成: /home/bingxing2/home/scx7auf/Shihaoxuan/graduate/data/RE-datasetA/contrafold_train/463.bpseq
[2352/2888] 正在预测序列: 464
  ✓ 完成: /home/bingxing2/home/scx7auf/Shihaoxuan/graduate/data/RE-datasetA/contrafold_train/464.bpseq
[2353/2888] 正在预测序列: 465
  ✓ 完成: /home/bingxing2/home/scx7auf/Shihaoxuan/graduate/data/RE-datasetA/contrafold_train/465.bpseq
[2354/2888] 正在预测序列: 469
  ✓ 完成: /home/bingxing2/home/scx7auf/Shihaoxuan/graduate/data/RE-datasetA/contrafold_train/469.bpseq
[2355/2888] 正在预测序列: 46
  ✓ 完成: /home/bingxing2/home/scx7auf/Shihaoxuan/graduate/data/RE-datasetA/contrafold_train/46.bpseq
[2356/2888] 正在预测序列: 470
  ✓ 完成: /home/bingxing2/home/scx7auf/Shihaoxuan/graduate/data/RE-datasetA/contrafold_train/470.bpseq
[2357/2888] 正在预测序列: 471
  ✓ 完成: /home/bingxing2/home/scx7auf/Shihaoxuan/graduate/data/RE-datasetA/contrafold_train/471.bpseq
[2358/2888] 正在预测序列: 472
  ✓ 完成: /home/bingxing2/home/scx7auf/Shihaoxuan/graduate/data/RE-datasetA/contrafold_train/472.bpseq
[2359/2888] 正在预测序列: 473
  ✓ 完成: /home/bingxing2/home/scx7auf/Shihaoxuan/graduate/data/RE-datasetA/contrafold_train/473.bpseq
[2360/2888] 正在预测序列: 475
  ✓ 完成: /home/bingxing2/home/scx7auf/Shihaoxuan/graduate/data/RE-datasetA/contrafold_train/475.bpseq
[2361/2888] 正在预测序列: 477
  ✓ 完成: /home/bingxing2/home/scx7auf/Shihaoxuan/graduate/data/RE-datasetA/contrafold_train/477.bpseq
[2362/2888] 正在预测序列: 478
  ✓ 完成: /home/bingxing2/home/scx7auf/Shihaoxuan/graduate/data/RE-datasetA/contrafold_train/478.bpseq
[2363/2888] 正在预测序列: 479
  ✓ 完成: /home/bingxing2/home/scx7auf/Shihaoxuan/graduate/data/RE-datasetA/contrafold_train/479.bpseq
[2364/2888] 正在预测序列: 47
  ✓ 完成: /home/bingxing2/home/scx7auf/Shihaoxuan/graduate/data/RE-datasetA/contrafold_train/47.bpseq
[2365/2888] 正在预测序列: 480
  ✓ 完成: /home/bingxing2/home/scx7auf/Shihaoxuan/graduate/data/RE-datasetA/contrafold_train/480.bpseq
[2366/2888] 正在预测序列: 481
  ✓ 完成: /home/bingxing2/home/scx7auf/Shihaoxuan/graduate/data/RE-datasetA/contrafold_train/481.bpseq
[2367/2888] 正在预测序列: 482
  ✓ 完成: /home/bingxing2/home/scx7auf/Shihaoxuan/graduate/data/RE-datasetA/contrafold_train/482.bpseq
[2368/2888] 正在预测序列: 483
  ✓ 完成: /home/bingxing2/home/scx7auf/Shihaoxuan/graduate/data/RE-datasetA/contrafold_train/483.bpseq
[2369/2888] 正在预测序列: 484
  ✓ 完成: /home/bingxing2/home/scx7auf/Shihaoxuan/graduate/data/RE-datasetA/contrafold_train/484.bpseq
[2370/2888] 正在预测序列: 485
  ✓ 完成: /home/bingxing2/home/scx7auf/Shihaoxuan/graduate/data/RE-datasetA/contrafold_train/485.bpseq
[2371/2888] 正在预测序列: 486
  ✓ 完成: /home/bingxing2/home/scx7auf/Shihaoxuan/graduate/data/RE-datasetA/contrafold_train/486.bpseq
[2372/2888] 正在预测序列: 487
  ✓ 完成: /home/bingxing2/home/scx7auf/Shihaoxuan/graduate/data/RE-datasetA/contrafold_train/487.bpseq
[2373/2888] 正在预测序列: 488
  ✓ 完成: /home/bingxing2/home/scx7auf/Shihaoxuan/graduate/data/RE-datasetA/contrafold_train/488.bpseq
[2374/2888] 正在预测序列: 489
  ✓ 完成: /home/bingxing2/home/scx7auf/Shihaoxuan/graduate/data/RE-datasetA/contrafold_train/489.bpseq
[2375/2888] 正在预测序列: 48
  ✓ 完成: /home/bingxing2/home/scx7auf/Shihaoxuan/graduate/data/RE-datasetA/contrafold_train/48.bpseq
[2376/2888] 正在预测序列: 490
  ✓ 完成: /home/bingxing2/home/scx7auf/Shihaoxuan/graduate/data/RE-datasetA/contrafold_train/490.bpseq
[2377/2888] 正在预测序列: 491
  ✓ 完成: /home/bingxing2/home/scx7auf/Shihaoxuan/graduate/data/RE-datasetA/contrafold_train/491.bpseq
[2378/2888] 正在预测序列: 493
  ✓ 完成: /home/bingxing2/home/scx7auf/Shihaoxuan/graduate/data/RE-datasetA/contrafold_train/493.bpseq
[2379/2888] 正在预测序列: 494
  ✓ 完成: /home/bingxing2/home/scx7auf/Shihaoxuan/graduate/data/RE-datasetA/contrafold_train/494.bpseq
[2380/2888] 正在预测序列: 495
  ✓ 完成: /home/bingxing2/home/scx7auf/Shihaoxuan/graduate/data/RE-datasetA/contrafold_train/495.bpseq
[2381/2888] 正在预测序列: 497
  ✓ 完成: /home/bingxing2/home/scx7auf/Shihaoxuan/graduate/data/RE-datasetA/contrafold_train/497.bpseq
[2382/2888] 正在预测序列: 498
  ✓ 完成: /home/bingxing2/home/scx7auf/Shihaoxuan/graduate/data/RE-datasetA/contrafold_train/498.bpseq
[2383/2888] 正在预测序列: 499
  ✓ 完成: /home/bingxing2/home/scx7auf/Shihaoxuan/graduate/data/RE-datasetA/contrafold_train/499.bpseq
[2384/2888] 正在预测序列: 49
  ✓ 完成: /home/bingxing2/home/scx7auf/Shihaoxuan/graduate/data/RE-datasetA/contrafold_train/49.bpseq
[2385/2888] 正在预测序列: 4
  ✓ 完成: /home/bingxing2/home/scx7auf/Shihaoxuan/graduate/data/RE-datasetA/contrafold_train/4.bpseq
[2386/2888] 正在预测序列: 500
  ✓ 完成: /home/bingxing2/home/scx7auf/Shihaoxuan/graduate/data/RE-datasetA/contrafold_train/500.bpseq
[2387/2888] 正在预测序列: 501
  ✓ 完成: /home/bingxing2/home/scx7auf/Shihaoxuan/graduate/data/RE-datasetA/contrafold_train/501.bpseq
[2388/2888] 正在预测序列: 503
  ✓ 完成: /home/bingxing2/home/scx7auf/Shihaoxuan/graduate/data/RE-datasetA/contrafold_train/503.bpseq
[2389/2888] 正在预测序列: 506
  ✓ 完成: /home/bingxing2/home/scx7auf/Shihaoxuan/graduate/data/RE-datasetA/contrafold_train/506.bpseq
[2390/2888] 正在预测序列: 507
  ✓ 完成: /home/bingxing2/home/scx7auf/Shihaoxuan/graduate/data/RE-datasetA/contrafold_train/507.bpseq
[2391/2888] 正在预测序列: 508
  ✓ 完成: /home/bingxing2/home/scx7auf/Shihaoxuan/graduate/data/RE-datasetA/contrafold_train/508.bpseq
[2392/2888] 正在预测序列: 50
  ✓ 完成: /home/bingxing2/home/scx7auf/Shihaoxuan/graduate/data/RE-datasetA/contrafold_train/50.bpseq
[2393/2888] 正在预测序列: 511
  ✓ 完成: /home/bingxing2/home/scx7auf/Shihaoxuan/graduate/data/RE-datasetA/contrafold_train/511.bpseq
[2394/2888] 正在预测序列: 512
  ✓ 完成: /home/bingxing2/home/scx7auf/Shihaoxuan/graduate/data/RE-datasetA/contrafold_train/512.bpseq
[2395/2888] 正在预测序列: 513
  ✓ 完成: /home/bingxing2/home/scx7auf/Shihaoxuan/graduate/data/RE-datasetA/contrafold_train/513.bpseq
[2396/2888] 正在预测序列: 514
  ✓ 完成: /home/bingxing2/home/scx7auf/Shihaoxuan/graduate/data/RE-datasetA/contrafold_train/514.bpseq
[2397/2888] 正在预测序列: 515
  ✓ 完成: /home/bingxing2/home/scx7auf/Shihaoxuan/graduate/data/RE-datasetA/contrafold_train/515.bpseq
[2398/2888] 正在预测序列: 516
  ✓ 完成: /home/bingxing2/home/scx7auf/Shihaoxuan/graduate/data/RE-datasetA/contrafold_train/516.bpseq
[2399/2888] 正在预测序列: 517
  ✓ 完成: /home/bingxing2/home/scx7auf/Shihaoxuan/graduate/data/RE-datasetA/contrafold_train/517.bpseq
[2400/2888] 正在预测序列: 519
  ✓ 完成: /home/bingxing2/home/scx7auf/Shihaoxuan/graduate/data/RE-datasetA/contrafold_train/519.bpseq
[2401/2888] 正在预测序列: 51
  ✓ 完成: /home/bingxing2/home/scx7auf/Shihaoxuan/graduate/data/RE-datasetA/contrafold_train/51.bpseq
[2402/2888] 正在预测序列: 520
  ✓ 完成: /home/bingxing2/home/scx7auf/Shihaoxuan/graduate/data/RE-datasetA/contrafold_train/520.bpseq
[2403/2888] 正在预测序列: 521
  ✓ 完成: /home/bingxing2/home/scx7auf/Shihaoxuan/graduate/data/RE-datasetA/contrafold_train/521.bpseq
[2404/2888] 正在预测序列: 522
  ✓ 完成: /home/bingxing2/home/scx7auf/Shihaoxuan/graduate/data/RE-datasetA/contrafold_train/522.bpseq
[2405/2888] 正在预测序列: 523
  ✓ 完成: /home/bingxing2/home/scx7auf/Shihaoxuan/graduate/data/RE-datasetA/contrafold_train/523.bpseq
[2406/2888] 正在预测序列: 524
  ✓ 完成: /home/bingxing2/home/scx7auf/Shihaoxuan/graduate/data/RE-datasetA/contrafold_train/524.bpseq
[2407/2888] 正在预测序列: 526
  ✓ 完成: /home/bingxing2/home/scx7auf/Shihaoxuan/graduate/data/RE-datasetA/contrafold_train/526.bpseq
[2408/2888] 正在预测序列: 528
  ✓ 完成: /home/bingxing2/home/scx7auf/Shihaoxuan/graduate/data/RE-datasetA/contrafold_train/528.bpseq
[2409/2888] 正在预测序列: 529
  ✓ 完成: /home/bingxing2/home/scx7auf/Shihaoxuan/graduate/data/RE-datasetA/contrafold_train/529.bpseq
[2410/2888] 正在预测序列: 52
  ✓ 完成: /home/bingxing2/home/scx7auf/Shihaoxuan/graduate/data/RE-datasetA/contrafold_train/52.bpseq
[2411/2888] 正在预测序列: 530
  ✓ 完成: /home/bingxing2/home/scx7auf/Shihaoxuan/graduate/data/RE-datasetA/contrafold_train/530.bpseq
[2412/2888] 正在预测序列: 532
  ✓ 完成: /home/bingxing2/home/scx7auf/Shihaoxuan/graduate/data/RE-datasetA/contrafold_train/532.bpseq
[2413/2888] 正在预测序列: 534
  ✓ 完成: /home/bingxing2/home/scx7auf/Shihaoxuan/graduate/data/RE-datasetA/contrafold_train/534.bpseq
[2414/2888] 正在预测序列: 535
  ✓ 完成: /home/bingxing2/home/scx7auf/Shihaoxuan/graduate/data/RE-datasetA/contrafold_train/535.bpseq
[2415/2888] 正在预测序列: 536
  ✓ 完成: /home/bingxing2/home/scx7auf/Shihaoxuan/graduate/data/RE-datasetA/contrafold_train/536.bpseq
[2416/2888] 正在预测序列: 537
  ✓ 完成: /home/bingxing2/home/scx7auf/Shihaoxuan/graduate/data/RE-datasetA/contrafold_train/537.bpseq
[2417/2888] 正在预测序列: 538
  ✓ 完成: /home/bingxing2/home/scx7auf/Shihaoxuan/graduate/data/RE-datasetA/contrafold_train/538.bpseq
[2418/2888] 正在预测序列: 539
  ✓ 完成: /home/bingxing2/home/scx7auf/Shihaoxuan/graduate/data/RE-datasetA/contrafold_train/539.bpseq
[2419/2888] 正在预测序列: 53
  ✓ 完成: /home/bingxing2/home/scx7auf/Shihaoxuan/graduate/data/RE-datasetA/contrafold_train/53.bpseq
[2420/2888] 正在预测序列: 540
  ✓ 完成: /home/bingxing2/home/scx7auf/Shihaoxuan/graduate/data/RE-datasetA/contrafold_train/540.bpseq
[2421/2888] 正在预测序列: 541
  ✓ 完成: /home/bingxing2/home/scx7auf/Shihaoxuan/graduate/data/RE-datasetA/contrafold_train/541.bpseq
[2422/2888] 正在预测序列: 542
  ✓ 完成: /home/bingxing2/home/scx7auf/Shihaoxuan/graduate/data/RE-datasetA/contrafold_train/542.bpseq
[2423/2888] 正在预测序列: 543
  ✓ 完成: /home/bingxing2/home/scx7auf/Shihaoxuan/graduate/data/RE-datasetA/contrafold_train/543.bpseq
[2424/2888] 正在预测序列: 544
  ✓ 完成: /home/bingxing2/home/scx7auf/Shihaoxuan/graduate/data/RE-datasetA/contrafold_train/544.bpseq
[2425/2888] 正在预测序列: 545
  ✓ 完成: /home/bingxing2/home/scx7auf/Shihaoxuan/graduate/data/RE-datasetA/contrafold_train/545.bpseq
[2426/2888] 正在预测序列: 546
  ✓ 完成: /home/bingxing2/home/scx7auf/Shihaoxuan/graduate/data/RE-datasetA/contrafold_train/546.bpseq
[2427/2888] 正在预测序列: 548
  ✓ 完成: /home/bingxing2/home/scx7auf/Shihaoxuan/graduate/data/RE-datasetA/contrafold_train/548.bpseq
[2428/2888] 正在预测序列: 549
  ✓ 完成: /home/bingxing2/home/scx7auf/Shihaoxuan/graduate/data/RE-datasetA/contrafold_train/549.bpseq
[2429/2888] 正在预测序列: 54
  ✓ 完成: /home/bingxing2/home/scx7auf/Shihaoxuan/graduate/data/RE-datasetA/contrafold_train/54.bpseq
[2430/2888] 正在预测序列: 550
  ✓ 完成: /home/bingxing2/home/scx7auf/Shihaoxuan/graduate/data/RE-datasetA/contrafold_train/550.bpseq
[2431/2888] 正在预测序列: 552
  ✓ 完成: /home/bingxing2/home/scx7auf/Shihaoxuan/graduate/data/RE-datasetA/contrafold_train/552.bpseq
[2432/2888] 正在预测序列: 553
  ✓ 完成: /home/bingxing2/home/scx7auf/Shihaoxuan/graduate/data/RE-datasetA/contrafold_train/553.bpseq
[2433/2888] 正在预测序列: 554
  ✓ 完成: /home/bingxing2/home/scx7auf/Shihaoxuan/graduate/data/RE-datasetA/contrafold_train/554.bpseq
[2434/2888] 正在预测序列: 555
  ✓ 完成: /home/bingxing2/home/scx7auf/Shihaoxuan/graduate/data/RE-datasetA/contrafold_train/555.bpseq
[2435/2888] 正在预测序列: 556
  ✓ 完成: /home/bingxing2/home/scx7auf/Shihaoxuan/graduate/data/RE-datasetA/contrafold_train/556.bpseq
[2436/2888] 正在预测序列: 557
  ✓ 完成: /home/bingxing2/home/scx7auf/Shihaoxuan/graduate/data/RE-datasetA/contrafold_train/557.bpseq
[2437/2888] 正在预测序列: 558
  ✓ 完成: /home/bingxing2/home/scx7auf/Shihaoxuan/graduate/data/RE-datasetA/contrafold_train/558.bpseq
[2438/2888] 正在预测序列: 559
  ✓ 完成: /home/bingxing2/home/scx7auf/Shihaoxuan/graduate/data/RE-datasetA/contrafold_train/559.bpseq
[2439/2888] 正在预测序列: 55
  ✓ 完成: /home/bingxing2/home/scx7auf/Shihaoxuan/graduate/data/RE-datasetA/contrafold_train/55.bpseq
[2440/2888] 正在预测序列: 560
  ✓ 完成: /home/bingxing2/home/scx7auf/Shihaoxuan/graduate/data/RE-datasetA/contrafold_train/560.bpseq
[2441/2888] 正在预测序列: 561
  ✓ 完成: /home/bingxing2/home/scx7auf/Shihaoxuan/graduate/data/RE-datasetA/contrafold_train/561.bpseq
[2442/2888] 正在预测序列: 562
  ✓ 完成: /home/bingxing2/home/scx7auf/Shihaoxuan/graduate/data/RE-datasetA/contrafold_train/562.bpseq
[2443/2888] 正在预测序列: 563
  ✓ 完成: /home/bingxing2/home/scx7auf/Shihaoxuan/graduate/data/RE-datasetA/contrafold_train/563.bpseq
[2444/2888] 正在预测序列: 564
  ✓ 完成: /home/bingxing2/home/scx7auf/Shihaoxuan/graduate/data/RE-datasetA/contrafold_train/564.bpseq
[2445/2888] 正在预测序列: 565
  ✓ 完成: /home/bingxing2/home/scx7auf/Shihaoxuan/graduate/data/RE-datasetA/contrafold_train/565.bpseq
[2446/2888] 正在预测序列: 566
  ✓ 完成: /home/bingxing2/home/scx7auf/Shihaoxuan/graduate/data/RE-datasetA/contrafold_train/566.bpseq
[2447/2888] 正在预测序列: 567
  ✓ 完成: /home/bingxing2/home/scx7auf/Shihaoxuan/graduate/data/RE-datasetA/contrafold_train/567.bpseq
[2448/2888] 正在预测序列: 568
  ✓ 完成: /home/bingxing2/home/scx7auf/Shihaoxuan/graduate/data/RE-datasetA/contrafold_train/568.bpseq
[2449/2888] 正在预测序列: 569
  ✓ 完成: /home/bingxing2/home/scx7auf/Shihaoxuan/graduate/data/RE-datasetA/contrafold_train/569.bpseq
[2450/2888] 正在预测序列: 56
  ✓ 完成: /home/bingxing2/home/scx7auf/Shihaoxuan/graduate/data/RE-datasetA/contrafold_train/56.bpseq
[2451/2888] 正在预测序列: 570
  ✓ 完成: /home/bingxing2/home/scx7auf/Shihaoxuan/graduate/data/RE-datasetA/contrafold_train/570.bpseq
[2452/2888] 正在预测序列: 571
  ✓ 完成: /home/bingxing2/home/scx7auf/Shihaoxuan/graduate/data/RE-datasetA/contrafold_train/571.bpseq
[2453/2888] 正在预测序列: 572
  ✓ 完成: /home/bingxing2/home/scx7auf/Shihaoxuan/graduate/data/RE-datasetA/contrafold_train/572.bpseq
[2454/2888] 正在预测序列: 573
  ✓ 完成: /home/bingxing2/home/scx7auf/Shihaoxuan/graduate/data/RE-datasetA/contrafold_train/573.bpseq
[2455/2888] 正在预测序列: 574
  ✓ 完成: /home/bingxing2/home/scx7auf/Shihaoxuan/graduate/data/RE-datasetA/contrafold_train/574.bpseq
[2456/2888] 正在预测序列: 575
  ✓ 完成: /home/bingxing2/home/scx7auf/Shihaoxuan/graduate/data/RE-datasetA/contrafold_train/575.bpseq
[2457/2888] 正在预测序列: 576
  ✓ 完成: /home/bingxing2/home/scx7auf/Shihaoxuan/graduate/data/RE-datasetA/contrafold_train/576.bpseq
[2458/2888] 正在预测序列: 577
  ✓ 完成: /home/bingxing2/home/scx7auf/Shihaoxuan/graduate/data/RE-datasetA/contrafold_train/577.bpseq
[2459/2888] 正在预测序列: 578
  ✓ 完成: /home/bingxing2/home/scx7auf/Shihaoxuan/graduate/data/RE-datasetA/contrafold_train/578.bpseq
[2460/2888] 正在预测序列: 579
  ✓ 完成: /home/bingxing2/home/scx7auf/Shihaoxuan/graduate/data/RE-datasetA/contrafold_train/579.bpseq
[2461/2888] 正在预测序列: 57
  ✓ 完成: /home/bingxing2/home/scx7auf/Shihaoxuan/graduate/data/RE-datasetA/contrafold_train/57.bpseq
[2462/2888] 正在预测序列: 580
  ✓ 完成: /home/bingxing2/home/scx7auf/Shihaoxuan/graduate/data/RE-datasetA/contrafold_train/580.bpseq
[2463/2888] 正在预测序列: 581
  ✓ 完成: /home/bingxing2/home/scx7auf/Shihaoxuan/graduate/data/RE-datasetA/contrafold_train/581.bpseq
[2464/2888] 正在预测序列: 582
  ✓ 完成: /home/bingxing2/home/scx7auf/Shihaoxuan/graduate/data/RE-datasetA/contrafold_train/582.bpseq
[2465/2888] 正在预测序列: 583
  ✓ 完成: /home/bingxing2/home/scx7auf/Shihaoxuan/graduate/data/RE-datasetA/contrafold_train/583.bpseq
[2466/2888] 正在预测序列: 584
  ✓ 完成: /home/bingxing2/home/scx7auf/Shihaoxuan/graduate/data/RE-datasetA/contrafold_train/584.bpseq
[2467/2888] 正在预测序列: 585
  ✓ 完成: /home/bingxing2/home/scx7auf/Shihaoxuan/graduate/data/RE-datasetA/contrafold_train/585.bpseq
[2468/2888] 正在预测序列: 586
  ✓ 完成: /home/bingxing2/home/scx7auf/Shihaoxuan/graduate/data/RE-datasetA/contrafold_train/586.bpseq
[2469/2888] 正在预测序列: 589
  ✓ 完成: /home/bingxing2/home/scx7auf/Shihaoxuan/graduate/data/RE-datasetA/contrafold_train/589.bpseq
[2470/2888] 正在预测序列: 58
  ✓ 完成: /home/bingxing2/home/scx7auf/Shihaoxuan/graduate/data/RE-datasetA/contrafold_train/58.bpseq
[2471/2888] 正在预测序列: 590
  ✓ 完成: /home/bingxing2/home/scx7auf/Shihaoxuan/graduate/data/RE-datasetA/contrafold_train/590.bpseq
[2472/2888] 正在预测序列: 591
  ✓ 完成: /home/bingxing2/home/scx7auf/Shihaoxuan/graduate/data/RE-datasetA/contrafold_train/591.bpseq
[2473/2888] 正在预测序列: 592
  ✓ 完成: /home/bingxing2/home/scx7auf/Shihaoxuan/graduate/data/RE-datasetA/contrafold_train/592.bpseq
[2474/2888] 正在预测序列: 593
  ✓ 完成: /home/bingxing2/home/scx7auf/Shihaoxuan/graduate/data/RE-datasetA/contrafold_train/593.bpseq
[2475/2888] 正在预测序列: 594
  ✓ 完成: /home/bingxing2/home/scx7auf/Shihaoxuan/graduate/data/RE-datasetA/contrafold_train/594.bpseq
[2476/2888] 正在预测序列: 595
  ✓ 完成: /home/bingxing2/home/scx7auf/Shihaoxuan/graduate/data/RE-datasetA/contrafold_train/595.bpseq
[2477/2888] 正在预测序列: 596
  ✓ 完成: /home/bingxing2/home/scx7auf/Shihaoxuan/graduate/data/RE-datasetA/contrafold_train/596.bpseq
[2478/2888] 正在预测序列: 597
  ✓ 完成: /home/bingxing2/home/scx7auf/Shihaoxuan/graduate/data/RE-datasetA/contrafold_train/597.bpseq
[2479/2888] 正在预测序列: 598
  ✓ 完成: /home/bingxing2/home/scx7auf/Shihaoxuan/graduate/data/RE-datasetA/contrafold_train/598.bpseq
[2480/2888] 正在预测序列: 599
  ✓ 完成: /home/bingxing2/home/scx7auf/Shihaoxuan/graduate/data/RE-datasetA/contrafold_train/599.bpseq
[2481/2888] 正在预测序列: 59
  ✓ 完成: /home/bingxing2/home/scx7auf/Shihaoxuan/graduate/data/RE-datasetA/contrafold_train/59.bpseq
[2482/2888] 正在预测序列: 5
  ✓ 完成: /home/bingxing2/home/scx7auf/Shihaoxuan/graduate/data/RE-datasetA/contrafold_train/5.bpseq
[2483/2888] 正在预测序列: 600
  ✓ 完成: /home/bingxing2/home/scx7auf/Shihaoxuan/graduate/data/RE-datasetA/contrafold_train/600.bpseq
[2484/2888] 正在预测序列: 601
  ✓ 完成: /home/bingxing2/home/scx7auf/Shihaoxuan/graduate/data/RE-datasetA/contrafold_train/601.bpseq
[2485/2888] 正在预测序列: 602
  ✓ 完成: /home/bingxing2/home/scx7auf/Shihaoxuan/graduate/data/RE-datasetA/contrafold_train/602.bpseq
[2486/2888] 正在预测序列: 603
  ✓ 完成: /home/bingxing2/home/scx7auf/Shihaoxuan/graduate/data/RE-datasetA/contrafold_train/603.bpseq
[2487/2888] 正在预测序列: 604
  ✓ 完成: /home/bingxing2/home/scx7auf/Shihaoxuan/graduate/data/RE-datasetA/contrafold_train/604.bpseq
[2488/2888] 正在预测序列: 605
  ✓ 完成: /home/bingxing2/home/scx7auf/Shihaoxuan/graduate/data/RE-datasetA/contrafold_train/605.bpseq
[2489/2888] 正在预测序列: 607
  ✓ 完成: /home/bingxing2/home/scx7auf/Shihaoxuan/graduate/data/RE-datasetA/contrafold_train/607.bpseq
[2490/2888] 正在预测序列: 608
  ✓ 完成: /home/bingxing2/home/scx7auf/Shihaoxuan/graduate/data/RE-datasetA/contrafold_train/608.bpseq
[2491/2888] 正在预测序列: 609
  ✓ 完成: /home/bingxing2/home/scx7auf/Shihaoxuan/graduate/data/RE-datasetA/contrafold_train/609.bpseq
[2492/2888] 正在预测序列: 60
  ✓ 完成: /home/bingxing2/home/scx7auf/Shihaoxuan/graduate/data/RE-datasetA/contrafold_train/60.bpseq
[2493/2888] 正在预测序列: 610
  ✓ 完成: /home/bingxing2/home/scx7auf/Shihaoxuan/graduate/data/RE-datasetA/contrafold_train/610.bpseq
[2494/2888] 正在预测序列: 612
  ✓ 完成: /home/bingxing2/home/scx7auf/Shihaoxuan/graduate/data/RE-datasetA/contrafold_train/612.bpseq
[2495/2888] 正在预测序列: 613
  ✓ 完成: /home/bingxing2/home/scx7auf/Shihaoxuan/graduate/data/RE-datasetA/contrafold_train/613.bpseq
[2496/2888] 正在预测序列: 614
  ✓ 完成: /home/bingxing2/home/scx7auf/Shihaoxuan/graduate/data/RE-datasetA/contrafold_train/614.bpseq
[2497/2888] 正在预测序列: 615
  ✓ 完成: /home/bingxing2/home/scx7auf/Shihaoxuan/graduate/data/RE-datasetA/contrafold_train/615.bpseq
[2498/2888] 正在预测序列: 617
  ✓ 完成: /home/bingxing2/home/scx7auf/Shihaoxuan/graduate/data/RE-datasetA/contrafold_train/617.bpseq
[2499/2888] 正在预测序列: 618
  ✓ 完成: /home/bingxing2/home/scx7auf/Shihaoxuan/graduate/data/RE-datasetA/contrafold_train/618.bpseq
[2500/2888] 正在预测序列: 619
  ✓ 完成: /home/bingxing2/home/scx7auf/Shihaoxuan/graduate/data/RE-datasetA/contrafold_train/619.bpseq
[2501/2888] 正在预测序列: 61
  ✓ 完成: /home/bingxing2/home/scx7auf/Shihaoxuan/graduate/data/RE-datasetA/contrafold_train/61.bpseq
[2502/2888] 正在预测序列: 621
  ✓ 完成: /home/bingxing2/home/scx7auf/Shihaoxuan/graduate/data/RE-datasetA/contrafold_train/621.bpseq
[2503/2888] 正在预测序列: 622
  ✓ 完成: /home/bingxing2/home/scx7auf/Shihaoxuan/graduate/data/RE-datasetA/contrafold_train/622.bpseq
[2504/2888] 正在预测序列: 623
  ✓ 完成: /home/bingxing2/home/scx7auf/Shihaoxuan/graduate/data/RE-datasetA/contrafold_train/623.bpseq
[2505/2888] 正在预测序列: 624
  ✓ 完成: /home/bingxing2/home/scx7auf/Shihaoxuan/graduate/data/RE-datasetA/contrafold_train/624.bpseq
[2506/2888] 正在预测序列: 625
  ✓ 完成: /home/bingxing2/home/scx7auf/Shihaoxuan/graduate/data/RE-datasetA/contrafold_train/625.bpseq
[2507/2888] 正在预测序列: 626
  ✓ 完成: /home/bingxing2/home/scx7auf/Shihaoxuan/graduate/data/RE-datasetA/contrafold_train/626.bpseq
[2508/2888] 正在预测序列: 627
  ✓ 完成: /home/bingxing2/home/scx7auf/Shihaoxuan/graduate/data/RE-datasetA/contrafold_train/627.bpseq
[2509/2888] 正在预测序列: 628
  ✓ 完成: /home/bingxing2/home/scx7auf/Shihaoxuan/graduate/data/RE-datasetA/contrafold_train/628.bpseq
[2510/2888] 正在预测序列: 62
  ✓ 完成: /home/bingxing2/home/scx7auf/Shihaoxuan/graduate/data/RE-datasetA/contrafold_train/62.bpseq
[2511/2888] 正在预测序列: 630
  ✓ 完成: /home/bingxing2/home/scx7auf/Shihaoxuan/graduate/data/RE-datasetA/contrafold_train/630.bpseq
[2512/2888] 正在预测序列: 633
  ✓ 完成: /home/bingxing2/home/scx7auf/Shihaoxuan/graduate/data/RE-datasetA/contrafold_train/633.bpseq
[2513/2888] 正在预测序列: 635
  ✓ 完成: /home/bingxing2/home/scx7auf/Shihaoxuan/graduate/data/RE-datasetA/contrafold_train/635.bpseq
[2514/2888] 正在预测序列: 636
  ✓ 完成: /home/bingxing2/home/scx7auf/Shihaoxuan/graduate/data/RE-datasetA/contrafold_train/636.bpseq
[2515/2888] 正在预测序列: 639
  ✓ 完成: /home/bingxing2/home/scx7auf/Shihaoxuan/graduate/data/RE-datasetA/contrafold_train/639.bpseq
[2516/2888] 正在预测序列: 63
  ✓ 完成: /home/bingxing2/home/scx7auf/Shihaoxuan/graduate/data/RE-datasetA/contrafold_train/63.bpseq
[2517/2888] 正在预测序列: 640
  ✓ 完成: /home/bingxing2/home/scx7auf/Shihaoxuan/graduate/data/RE-datasetA/contrafold_train/640.bpseq
[2518/2888] 正在预测序列: 641
  ✓ 完成: /home/bingxing2/home/scx7auf/Shihaoxuan/graduate/data/RE-datasetA/contrafold_train/641.bpseq
[2519/2888] 正在预测序列: 642
  ✓ 完成: /home/bingxing2/home/scx7auf/Shihaoxuan/graduate/data/RE-datasetA/contrafold_train/642.bpseq
[2520/2888] 正在预测序列: 643
  ✓ 完成: /home/bingxing2/home/scx7auf/Shihaoxuan/graduate/data/RE-datasetA/contrafold_train/643.bpseq
[2521/2888] 正在预测序列: 644
  ✓ 完成: /home/bingxing2/home/scx7auf/Shihaoxuan/graduate/data/RE-datasetA/contrafold_train/644.bpseq
[2522/2888] 正在预测序列: 645
  ✓ 完成: /home/bingxing2/home/scx7auf/Shihaoxuan/graduate/data/RE-datasetA/contrafold_train/645.bpseq
[2523/2888] 正在预测序列: 646
  ✓ 完成: /home/bingxing2/home/scx7auf/Shihaoxuan/graduate/data/RE-datasetA/contrafold_train/646.bpseq
[2524/2888] 正在预测序列: 647
  ✓ 完成: /home/bingxing2/home/scx7auf/Shihaoxuan/graduate/data/RE-datasetA/contrafold_train/647.bpseq
[2525/2888] 正在预测序列: 648
  ✓ 完成: /home/bingxing2/home/scx7auf/Shihaoxuan/graduate/data/RE-datasetA/contrafold_train/648.bpseq
[2526/2888] 正在预测序列: 649
  ✓ 完成: /home/bingxing2/home/scx7auf/Shihaoxuan/graduate/data/RE-datasetA/contrafold_train/649.bpseq
[2527/2888] 正在预测序列: 64
  ✓ 完成: /home/bingxing2/home/scx7auf/Shihaoxuan/graduate/data/RE-datasetA/contrafold_train/64.bpseq
[2528/2888] 正在预测序列: 650
  ✓ 完成: /home/bingxing2/home/scx7auf/Shihaoxuan/graduate/data/RE-datasetA/contrafold_train/650.bpseq
[2529/2888] 正在预测序列: 651
  ✓ 完成: /home/bingxing2/home/scx7auf/Shihaoxuan/graduate/data/RE-datasetA/contrafold_train/651.bpseq
[2530/2888] 正在预测序列: 652
  ✓ 完成: /home/bingxing2/home/scx7auf/Shihaoxuan/graduate/data/RE-datasetA/contrafold_train/652.bpseq
[2531/2888] 正在预测序列: 653
  ✓ 完成: /home/bingxing2/home/scx7auf/Shihaoxuan/graduate/data/RE-datasetA/contrafold_train/653.bpseq
[2532/2888] 正在预测序列: 654
  ✓ 完成: /home/bingxing2/home/scx7auf/Shihaoxuan/graduate/data/RE-datasetA/contrafold_train/654.bpseq
[2533/2888] 正在预测序列: 658
  ✓ 完成: /home/bingxing2/home/scx7auf/Shihaoxuan/graduate/data/RE-datasetA/contrafold_train/658.bpseq
[2534/2888] 正在预测序列: 659
  ✓ 完成: /home/bingxing2/home/scx7auf/Shihaoxuan/graduate/data/RE-datasetA/contrafold_train/659.bpseq
[2535/2888] 正在预测序列: 65
  ✓ 完成: /home/bingxing2/home/scx7auf/Shihaoxuan/graduate/data/RE-datasetA/contrafold_train/65.bpseq
[2536/2888] 正在预测序列: 660
  ✓ 完成: /home/bingxing2/home/scx7auf/Shihaoxuan/graduate/data/RE-datasetA/contrafold_train/660.bpseq
[2537/2888] 正在预测序列: 661
  ✓ 完成: /home/bingxing2/home/scx7auf/Shihaoxuan/graduate/data/RE-datasetA/contrafold_train/661.bpseq
[2538/2888] 正在预测序列: 663
  ✓ 完成: /home/bingxing2/home/scx7auf/Shihaoxuan/graduate/data/RE-datasetA/contrafold_train/663.bpseq
[2539/2888] 正在预测序列: 664
  ✓ 完成: /home/bingxing2/home/scx7auf/Shihaoxuan/graduate/data/RE-datasetA/contrafold_train/664.bpseq
[2540/2888] 正在预测序列: 665
  ✓ 完成: /home/bingxing2/home/scx7auf/Shihaoxuan/graduate/data/RE-datasetA/contrafold_train/665.bpseq
[2541/2888] 正在预测序列: 666
  ✓ 完成: /home/bingxing2/home/scx7auf/Shihaoxuan/graduate/data/RE-datasetA/contrafold_train/666.bpseq
[2542/2888] 正在预测序列: 667
  ✓ 完成: /home/bingxing2/home/scx7auf/Shihaoxuan/graduate/data/RE-datasetA/contrafold_train/667.bpseq
[2543/2888] 正在预测序列: 668
  ✓ 完成: /home/bingxing2/home/scx7auf/Shihaoxuan/graduate/data/RE-datasetA/contrafold_train/668.bpseq
[2544/2888] 正在预测序列: 669
  ✓ 完成: /home/bingxing2/home/scx7auf/Shihaoxuan/graduate/data/RE-datasetA/contrafold_train/669.bpseq
[2545/2888] 正在预测序列: 66
  ✓ 完成: /home/bingxing2/home/scx7auf/Shihaoxuan/graduate/data/RE-datasetA/contrafold_train/66.bpseq
[2546/2888] 正在预测序列: 670
  ✓ 完成: /home/bingxing2/home/scx7auf/Shihaoxuan/graduate/data/RE-datasetA/contrafold_train/670.bpseq
[2547/2888] 正在预测序列: 672
  ✓ 完成: /home/bingxing2/home/scx7auf/Shihaoxuan/graduate/data/RE-datasetA/contrafold_train/672.bpseq
[2548/2888] 正在预测序列: 673
  ✓ 完成: /home/bingxing2/home/scx7auf/Shihaoxuan/graduate/data/RE-datasetA/contrafold_train/673.bpseq
[2549/2888] 正在预测序列: 674
  ✓ 完成: /home/bingxing2/home/scx7auf/Shihaoxuan/graduate/data/RE-datasetA/contrafold_train/674.bpseq
[2550/2888] 正在预测序列: 675
  ✓ 完成: /home/bingxing2/home/scx7auf/Shihaoxuan/graduate/data/RE-datasetA/contrafold_train/675.bpseq
[2551/2888] 正在预测序列: 677
  ✓ 完成: /home/bingxing2/home/scx7auf/Shihaoxuan/graduate/data/RE-datasetA/contrafold_train/677.bpseq
[2552/2888] 正在预测序列: 67
  ✓ 完成: /home/bingxing2/home/scx7auf/Shihaoxuan/graduate/data/RE-datasetA/contrafold_train/67.bpseq
[2553/2888] 正在预测序列: 680
  ✓ 完成: /home/bingxing2/home/scx7auf/Shihaoxuan/graduate/data/RE-datasetA/contrafold_train/680.bpseq
[2554/2888] 正在预测序列: 681
  ✓ 完成: /home/bingxing2/home/scx7auf/Shihaoxuan/graduate/data/RE-datasetA/contrafold_train/681.bpseq
[2555/2888] 正在预测序列: 682
  ✓ 完成: /home/bingxing2/home/scx7auf/Shihaoxuan/graduate/data/RE-datasetA/contrafold_train/682.bpseq
[2556/2888] 正在预测序列: 683
  ✓ 完成: /home/bingxing2/home/scx7auf/Shihaoxuan/graduate/data/RE-datasetA/contrafold_train/683.bpseq
[2557/2888] 正在预测序列: 684
  ✓ 完成: /home/bingxing2/home/scx7auf/Shihaoxuan/graduate/data/RE-datasetA/contrafold_train/684.bpseq
[2558/2888] 正在预测序列: 686
  ✓ 完成: /home/bingxing2/home/scx7auf/Shihaoxuan/graduate/data/RE-datasetA/contrafold_train/686.bpseq
[2559/2888] 正在预测序列: 687
  ✓ 完成: /home/bingxing2/home/scx7auf/Shihaoxuan/graduate/data/RE-datasetA/contrafold_train/687.bpseq
[2560/2888] 正在预测序列: 688
  ✓ 完成: /home/bingxing2/home/scx7auf/Shihaoxuan/graduate/data/RE-datasetA/contrafold_train/688.bpseq
[2561/2888] 正在预测序列: 689
  ✓ 完成: /home/bingxing2/home/scx7auf/Shihaoxuan/graduate/data/RE-datasetA/contrafold_train/689.bpseq
[2562/2888] 正在预测序列: 68
  ✓ 完成: /home/bingxing2/home/scx7auf/Shihaoxuan/graduate/data/RE-datasetA/contrafold_train/68.bpseq
[2563/2888] 正在预测序列: 690
  ✓ 完成: /home/bingxing2/home/scx7auf/Shihaoxuan/graduate/data/RE-datasetA/contrafold_train/690.bpseq
[2564/2888] 正在预测序列: 691
  ✓ 完成: /home/bingxing2/home/scx7auf/Shihaoxuan/graduate/data/RE-datasetA/contrafold_train/691.bpseq
[2565/2888] 正在预测序列: 692
  ✓ 完成: /home/bingxing2/home/scx7auf/Shihaoxuan/graduate/data/RE-datasetA/contrafold_train/692.bpseq
[2566/2888] 正在预测序列: 693
  ✓ 完成: /home/bingxing2/home/scx7auf/Shihaoxuan/graduate/data/RE-datasetA/contrafold_train/693.bpseq
[2567/2888] 正在预测序列: 694
  ✓ 完成: /home/bingxing2/home/scx7auf/Shihaoxuan/graduate/data/RE-datasetA/contrafold_train/694.bpseq
[2568/2888] 正在预测序列: 695
  ✓ 完成: /home/bingxing2/home/scx7auf/Shihaoxuan/graduate/data/RE-datasetA/contrafold_train/695.bpseq
[2569/2888] 正在预测序列: 696
  ✓ 完成: /home/bingxing2/home/scx7auf/Shihaoxuan/graduate/data/RE-datasetA/contrafold_train/696.bpseq
[2570/2888] 正在预测序列: 697
  ✓ 完成: /home/bingxing2/home/scx7auf/Shihaoxuan/graduate/data/RE-datasetA/contrafold_train/697.bpseq
[2571/2888] 正在预测序列: 698
  ✓ 完成: /home/bingxing2/home/scx7auf/Shihaoxuan/graduate/data/RE-datasetA/contrafold_train/698.bpseq
[2572/2888] 正在预测序列: 69
  ✓ 完成: /home/bingxing2/home/scx7auf/Shihaoxuan/graduate/data/RE-datasetA/contrafold_train/69.bpseq
[2573/2888] 正在预测序列: 6
  ✓ 完成: /home/bingxing2/home/scx7auf/Shihaoxuan/graduate/data/RE-datasetA/contrafold_train/6.bpseq
[2574/2888] 正在预测序列: 700
  ✓ 完成: /home/bingxing2/home/scx7auf/Shihaoxuan/graduate/data/RE-datasetA/contrafold_train/700.bpseq
[2575/2888] 正在预测序列: 701
  ✓ 完成: /home/bingxing2/home/scx7auf/Shihaoxuan/graduate/data/RE-datasetA/contrafold_train/701.bpseq
[2576/2888] 正在预测序列: 702
  ✓ 完成: /home/bingxing2/home/scx7auf/Shihaoxuan/graduate/data/RE-datasetA/contrafold_train/702.bpseq
[2577/2888] 正在预测序列: 703
  ✓ 完成: /home/bingxing2/home/scx7auf/Shihaoxuan/graduate/data/RE-datasetA/contrafold_train/703.bpseq
[2578/2888] 正在预测序列: 704
  ✓ 完成: /home/bingxing2/home/scx7auf/Shihaoxuan/graduate/data/RE-datasetA/contrafold_train/704.bpseq
[2579/2888] 正在预测序列: 707
  ✓ 完成: /home/bingxing2/home/scx7auf/Shihaoxuan/graduate/data/RE-datasetA/contrafold_train/707.bpseq
[2580/2888] 正在预测序列: 708
  ✓ 完成: /home/bingxing2/home/scx7auf/Shihaoxuan/graduate/data/RE-datasetA/contrafold_train/708.bpseq
[2581/2888] 正在预测序列: 709
  ✓ 完成: /home/bingxing2/home/scx7auf/Shihaoxuan/graduate/data/RE-datasetA/contrafold_train/709.bpseq
[2582/2888] 正在预测序列: 70
  ✓ 完成: /home/bingxing2/home/scx7auf/Shihaoxuan/graduate/data/RE-datasetA/contrafold_train/70.bpseq
[2583/2888] 正在预测序列: 710
  ✓ 完成: /home/bingxing2/home/scx7auf/Shihaoxuan/graduate/data/RE-datasetA/contrafold_train/710.bpseq
[2584/2888] 正在预测序列: 711
  ✓ 完成: /home/bingxing2/home/scx7auf/Shihaoxuan/graduate/data/RE-datasetA/contrafold_train/711.bpseq
[2585/2888] 正在预测序列: 712
  ✓ 完成: /home/bingxing2/home/scx7auf/Shihaoxuan/graduate/data/RE-datasetA/contrafold_train/712.bpseq
[2586/2888] 正在预测序列: 713
  ✓ 完成: /home/bingxing2/home/scx7auf/Shihaoxuan/graduate/data/RE-datasetA/contrafold_train/713.bpseq
[2587/2888] 正在预测序列: 714
  ✓ 完成: /home/bingxing2/home/scx7auf/Shihaoxuan/graduate/data/RE-datasetA/contrafold_train/714.bpseq
[2588/2888] 正在预测序列: 716
  ✓ 完成: /home/bingxing2/home/scx7auf/Shihaoxuan/graduate/data/RE-datasetA/contrafold_train/716.bpseq
[2589/2888] 正在预测序列: 717
  ✓ 完成: /home/bingxing2/home/scx7auf/Shihaoxuan/graduate/data/RE-datasetA/contrafold_train/717.bpseq
[2590/2888] 正在预测序列: 718
  ✓ 完成: /home/bingxing2/home/scx7auf/Shihaoxuan/graduate/data/RE-datasetA/contrafold_train/718.bpseq
[2591/2888] 正在预测序列: 719
  ✓ 完成: /home/bingxing2/home/scx7auf/Shihaoxuan/graduate/data/RE-datasetA/contrafold_train/719.bpseq
[2592/2888] 正在预测序列: 71
  ✓ 完成: /home/bingxing2/home/scx7auf/Shihaoxuan/graduate/data/RE-datasetA/contrafold_train/71.bpseq
[2593/2888] 正在预测序列: 720
  ✓ 完成: /home/bingxing2/home/scx7auf/Shihaoxuan/graduate/data/RE-datasetA/contrafold_train/720.bpseq
[2594/2888] 正在预测序列: 721
  ✓ 完成: /home/bingxing2/home/scx7auf/Shihaoxuan/graduate/data/RE-datasetA/contrafold_train/721.bpseq
[2595/2888] 正在预测序列: 722
  ✓ 完成: /home/bingxing2/home/scx7auf/Shihaoxuan/graduate/data/RE-datasetA/contrafold_train/722.bpseq
[2596/2888] 正在预测序列: 723
  ✓ 完成: /home/bingxing2/home/scx7auf/Shihaoxuan/graduate/data/RE-datasetA/contrafold_train/723.bpseq
[2597/2888] 正在预测序列: 724
  ✓ 完成: /home/bingxing2/home/scx7auf/Shihaoxuan/graduate/data/RE-datasetA/contrafold_train/724.bpseq
[2598/2888] 正在预测序列: 725
  ✓ 完成: /home/bingxing2/home/scx7auf/Shihaoxuan/graduate/data/RE-datasetA/contrafold_train/725.bpseq
[2599/2888] 正在预测序列: 726
  ✓ 完成: /home/bingxing2/home/scx7auf/Shihaoxuan/graduate/data/RE-datasetA/contrafold_train/726.bpseq
[2600/2888] 正在预测序列: 727
  ✓ 完成: /home/bingxing2/home/scx7auf/Shihaoxuan/graduate/data/RE-datasetA/contrafold_train/727.bpseq
[2601/2888] 正在预测序列: 728
  ✓ 完成: /home/bingxing2/home/scx7auf/Shihaoxuan/graduate/data/RE-datasetA/contrafold_train/728.bpseq
[2602/2888] 正在预测序列: 729
  ✓ 完成: /home/bingxing2/home/scx7auf/Shihaoxuan/graduate/data/RE-datasetA/contrafold_train/729.bpseq
[2603/2888] 正在预测序列: 72
  ✓ 完成: /home/bingxing2/home/scx7auf/Shihaoxuan/graduate/data/RE-datasetA/contrafold_train/72.bpseq
[2604/2888] 正在预测序列: 730
  ✓ 完成: /home/bingxing2/home/scx7auf/Shihaoxuan/graduate/data/RE-datasetA/contrafold_train/730.bpseq
[2605/2888] 正在预测序列: 731
  ✓ 完成: /home/bingxing2/home/scx7auf/Shihaoxuan/graduate/data/RE-datasetA/contrafold_train/731.bpseq
[2606/2888] 正在预测序列: 732
  ✓ 完成: /home/bingxing2/home/scx7auf/Shihaoxuan/graduate/data/RE-datasetA/contrafold_train/732.bpseq
[2607/2888] 正在预测序列: 733
  ✓ 完成: /home/bingxing2/home/scx7auf/Shihaoxuan/graduate/data/RE-datasetA/contrafold_train/733.bpseq
[2608/2888] 正在预测序列: 734
  ✓ 完成: /home/bingxing2/home/scx7auf/Shihaoxuan/graduate/data/RE-datasetA/contrafold_train/734.bpseq
[2609/2888] 正在预测序列: 735
  ✓ 完成: /home/bingxing2/home/scx7auf/Shihaoxuan/graduate/data/RE-datasetA/contrafold_train/735.bpseq
[2610/2888] 正在预测序列: 736
  ✓ 完成: /home/bingxing2/home/scx7auf/Shihaoxuan/graduate/data/RE-datasetA/contrafold_train/736.bpseq
[2611/2888] 正在预测序列: 737
  ✓ 完成: /home/bingxing2/home/scx7auf/Shihaoxuan/graduate/data/RE-datasetA/contrafold_train/737.bpseq
[2612/2888] 正在预测序列: 738
  ✓ 完成: /home/bingxing2/home/scx7auf/Shihaoxuan/graduate/data/RE-datasetA/contrafold_train/738.bpseq
[2613/2888] 正在预测序列: 739
  ✓ 完成: /home/bingxing2/home/scx7auf/Shihaoxuan/graduate/data/RE-datasetA/contrafold_train/739.bpseq
[2614/2888] 正在预测序列: 73
  ✓ 完成: /home/bingxing2/home/scx7auf/Shihaoxuan/graduate/data/RE-datasetA/contrafold_train/73.bpseq
[2615/2888] 正在预测序列: 740
  ✓ 完成: /home/bingxing2/home/scx7auf/Shihaoxuan/graduate/data/RE-datasetA/contrafold_train/740.bpseq
[2616/2888] 正在预测序列: 741
  ✓ 完成: /home/bingxing2/home/scx7auf/Shihaoxuan/graduate/data/RE-datasetA/contrafold_train/741.bpseq
[2617/2888] 正在预测序列: 742
  ✓ 完成: /home/bingxing2/home/scx7auf/Shihaoxuan/graduate/data/RE-datasetA/contrafold_train/742.bpseq
[2618/2888] 正在预测序列: 743
  ✓ 完成: /home/bingxing2/home/scx7auf/Shihaoxuan/graduate/data/RE-datasetA/contrafold_train/743.bpseq
[2619/2888] 正在预测序列: 744
  ✓ 完成: /home/bingxing2/home/scx7auf/Shihaoxuan/graduate/data/RE-datasetA/contrafold_train/744.bpseq
[2620/2888] 正在预测序列: 745
  ✓ 完成: /home/bingxing2/home/scx7auf/Shihaoxuan/graduate/data/RE-datasetA/contrafold_train/745.bpseq
[2621/2888] 正在预测序列: 746
  ✓ 完成: /home/bingxing2/home/scx7auf/Shihaoxuan/graduate/data/RE-datasetA/contrafold_train/746.bpseq
[2622/2888] 正在预测序列: 747
  ✓ 完成: /home/bingxing2/home/scx7auf/Shihaoxuan/graduate/data/RE-datasetA/contrafold_train/747.bpseq
[2623/2888] 正在预测序列: 748
  ✓ 完成: /home/bingxing2/home/scx7auf/Shihaoxuan/graduate/data/RE-datasetA/contrafold_train/748.bpseq
[2624/2888] 正在预测序列: 749
  ✓ 完成: /home/bingxing2/home/scx7auf/Shihaoxuan/graduate/data/RE-datasetA/contrafold_train/749.bpseq
[2625/2888] 正在预测序列: 74
  ✓ 完成: /home/bingxing2/home/scx7auf/Shihaoxuan/graduate/data/RE-datasetA/contrafold_train/74.bpseq
[2626/2888] 正在预测序列: 750
  ✓ 完成: /home/bingxing2/home/scx7auf/Shihaoxuan/graduate/data/RE-datasetA/contrafold_train/750.bpseq
[2627/2888] 正在预测序列: 751
  ✓ 完成: /home/bingxing2/home/scx7auf/Shihaoxuan/graduate/data/RE-datasetA/contrafold_train/751.bpseq
[2628/2888] 正在预测序列: 752
  ✓ 完成: /home/bingxing2/home/scx7auf/Shihaoxuan/graduate/data/RE-datasetA/contrafold_train/752.bpseq
[2629/2888] 正在预测序列: 753
  ✓ 完成: /home/bingxing2/home/scx7auf/Shihaoxuan/graduate/data/RE-datasetA/contrafold_train/753.bpseq
[2630/2888] 正在预测序列: 754
  ✓ 完成: /home/bingxing2/home/scx7auf/Shihaoxuan/graduate/data/RE-datasetA/contrafold_train/754.bpseq
[2631/2888] 正在预测序列: 755
  ✓ 完成: /home/bingxing2/home/scx7auf/Shihaoxuan/graduate/data/RE-datasetA/contrafold_train/755.bpseq
[2632/2888] 正在预测序列: 756
  ✓ 完成: /home/bingxing2/home/scx7auf/Shihaoxuan/graduate/data/RE-datasetA/contrafold_train/756.bpseq
[2633/2888] 正在预测序列: 757
  ✓ 完成: /home/bingxing2/home/scx7auf/Shihaoxuan/graduate/data/RE-datasetA/contrafold_train/757.bpseq
[2634/2888] 正在预测序列: 758
  ✓ 完成: /home/bingxing2/home/scx7auf/Shihaoxuan/graduate/data/RE-datasetA/contrafold_train/758.bpseq
[2635/2888] 正在预测序列: 759
  ✓ 完成: /home/bingxing2/home/scx7auf/Shihaoxuan/graduate/data/RE-datasetA/contrafold_train/759.bpseq
[2636/2888] 正在预测序列: 75
  ✓ 完成: /home/bingxing2/home/scx7auf/Shihaoxuan/graduate/data/RE-datasetA/contrafold_train/75.bpseq
[2637/2888] 正在预测序列: 760
  ✓ 完成: /home/bingxing2/home/scx7auf/Shihaoxuan/graduate/data/RE-datasetA/contrafold_train/760.bpseq
[2638/2888] 正在预测序列: 761
  ✓ 完成: /home/bingxing2/home/scx7auf/Shihaoxuan/graduate/data/RE-datasetA/contrafold_train/761.bpseq
[2639/2888] 正在预测序列: 762
  ✓ 完成: /home/bingxing2/home/scx7auf/Shihaoxuan/graduate/data/RE-datasetA/contrafold_train/762.bpseq
[2640/2888] 正在预测序列: 763
  ✓ 完成: /home/bingxing2/home/scx7auf/Shihaoxuan/graduate/data/RE-datasetA/contrafold_train/763.bpseq
[2641/2888] 正在预测序列: 764
  ✓ 完成: /home/bingxing2/home/scx7auf/Shihaoxuan/graduate/data/RE-datasetA/contrafold_train/764.bpseq
[2642/2888] 正在预测序列: 765
  ✓ 完成: /home/bingxing2/home/scx7auf/Shihaoxuan/graduate/data/RE-datasetA/contrafold_train/765.bpseq
[2643/2888] 正在预测序列: 766
  ✓ 完成: /home/bingxing2/home/scx7auf/Shihaoxuan/graduate/data/RE-datasetA/contrafold_train/766.bpseq
[2644/2888] 正在预测序列: 767
  ✓ 完成: /home/bingxing2/home/scx7auf/Shihaoxuan/graduate/data/RE-datasetA/contrafold_train/767.bpseq
[2645/2888] 正在预测序列: 768
  ✓ 完成: /home/bingxing2/home/scx7auf/Shihaoxuan/graduate/data/RE-datasetA/contrafold_train/768.bpseq
[2646/2888] 正在预测序列: 769
  ✓ 完成: /home/bingxing2/home/scx7auf/Shihaoxuan/graduate/data/RE-datasetA/contrafold_train/769.bpseq
[2647/2888] 正在预测序列: 76
  ✓ 完成: /home/bingxing2/home/scx7auf/Shihaoxuan/graduate/data/RE-datasetA/contrafold_train/76.bpseq
[2648/2888] 正在预测序列: 770
  ✓ 完成: /home/bingxing2/home/scx7auf/Shihaoxuan/graduate/data/RE-datasetA/contrafold_train/770.bpseq
[2649/2888] 正在预测序列: 771
  ✓ 完成: /home/bingxing2/home/scx7auf/Shihaoxuan/graduate/data/RE-datasetA/contrafold_train/771.bpseq
[2650/2888] 正在预测序列: 772
  ✓ 完成: /home/bingxing2/home/scx7auf/Shihaoxuan/graduate/data/RE-datasetA/contrafold_train/772.bpseq
[2651/2888] 正在预测序列: 773
  ✓ 完成: /home/bingxing2/home/scx7auf/Shihaoxuan/graduate/data/RE-datasetA/contrafold_train/773.bpseq
[2652/2888] 正在预测序列: 774
  ✓ 完成: /home/bingxing2/home/scx7auf/Shihaoxuan/graduate/data/RE-datasetA/contrafold_train/774.bpseq
[2653/2888] 正在预测序列: 775
  ✓ 完成: /home/bingxing2/home/scx7auf/Shihaoxuan/graduate/data/RE-datasetA/contrafold_train/775.bpseq
[2654/2888] 正在预测序列: 776
  ✓ 完成: /home/bingxing2/home/scx7auf/Shihaoxuan/graduate/data/RE-datasetA/contrafold_train/776.bpseq
[2655/2888] 正在预测序列: 777
  ✓ 完成: /home/bingxing2/home/scx7auf/Shihaoxuan/graduate/data/RE-datasetA/contrafold_train/777.bpseq
[2656/2888] 正在预测序列: 779
  ✓ 完成: /home/bingxing2/home/scx7auf/Shihaoxuan/graduate/data/RE-datasetA/contrafold_train/779.bpseq
[2657/2888] 正在预测序列: 77
  ✓ 完成: /home/bingxing2/home/scx7auf/Shihaoxuan/graduate/data/RE-datasetA/contrafold_train/77.bpseq
[2658/2888] 正在预测序列: 780
  ✓ 完成: /home/bingxing2/home/scx7auf/Shihaoxuan/graduate/data/RE-datasetA/contrafold_train/780.bpseq
[2659/2888] 正在预测序列: 781
  ✓ 完成: /home/bingxing2/home/scx7auf/Shihaoxuan/graduate/data/RE-datasetA/contrafold_train/781.bpseq
[2660/2888] 正在预测序列: 783
  ✓ 完成: /home/bingxing2/home/scx7auf/Shihaoxuan/graduate/data/RE-datasetA/contrafold_train/783.bpseq
[2661/2888] 正在预测序列: 784
  ✓ 完成: /home/bingxing2/home/scx7auf/Shihaoxuan/graduate/data/RE-datasetA/contrafold_train/784.bpseq
[2662/2888] 正在预测序列: 785
  ✓ 完成: /home/bingxing2/home/scx7auf/Shihaoxuan/graduate/data/RE-datasetA/contrafold_train/785.bpseq
[2663/2888] 正在预测序列: 786
  ✓ 完成: /home/bingxing2/home/scx7auf/Shihaoxuan/graduate/data/RE-datasetA/contrafold_train/786.bpseq
[2664/2888] 正在预测序列: 787
  ✓ 完成: /home/bingxing2/home/scx7auf/Shihaoxuan/graduate/data/RE-datasetA/contrafold_train/787.bpseq
[2665/2888] 正在预测序列: 788
  ✓ 完成: /home/bingxing2/home/scx7auf/Shihaoxuan/graduate/data/RE-datasetA/contrafold_train/788.bpseq
[2666/2888] 正在预测序列: 789
  ✓ 完成: /home/bingxing2/home/scx7auf/Shihaoxuan/graduate/data/RE-datasetA/contrafold_train/789.bpseq
[2667/2888] 正在预测序列: 78
  ✓ 完成: /home/bingxing2/home/scx7auf/Shihaoxuan/graduate/data/RE-datasetA/contrafold_train/78.bpseq
[2668/2888] 正在预测序列: 790
  ✓ 完成: /home/bingxing2/home/scx7auf/Shihaoxuan/graduate/data/RE-datasetA/contrafold_train/790.bpseq
[2669/2888] 正在预测序列: 791
  ✓ 完成: /home/bingxing2/home/scx7auf/Shihaoxuan/graduate/data/RE-datasetA/contrafold_train/791.bpseq
[2670/2888] 正在预测序列: 792
  ✓ 完成: /home/bingxing2/home/scx7auf/Shihaoxuan/graduate/data/RE-datasetA/contrafold_train/792.bpseq
[2671/2888] 正在预测序列: 793
  ✓ 完成: /home/bingxing2/home/scx7auf/Shihaoxuan/graduate/data/RE-datasetA/contrafold_train/793.bpseq
[2672/2888] 正在预测序列: 794
  ✓ 完成: /home/bingxing2/home/scx7auf/Shihaoxuan/graduate/data/RE-datasetA/contrafold_train/794.bpseq
[2673/2888] 正在预测序列: 795
  ✓ 完成: /home/bingxing2/home/scx7auf/Shihaoxuan/graduate/data/RE-datasetA/contrafold_train/795.bpseq
[2674/2888] 正在预测序列: 797
  ✓ 完成: /home/bingxing2/home/scx7auf/Shihaoxuan/graduate/data/RE-datasetA/contrafold_train/797.bpseq
[2675/2888] 正在预测序列: 798
  ✓ 完成: /home/bingxing2/home/scx7auf/Shihaoxuan/graduate/data/RE-datasetA/contrafold_train/798.bpseq
[2676/2888] 正在预测序列: 799
  ✓ 完成: /home/bingxing2/home/scx7auf/Shihaoxuan/graduate/data/RE-datasetA/contrafold_train/799.bpseq
[2677/2888] 正在预测序列: 79
  ✓ 完成: /home/bingxing2/home/scx7auf/Shihaoxuan/graduate/data/RE-datasetA/contrafold_train/79.bpseq
[2678/2888] 正在预测序列: 7
  ✓ 完成: /home/bingxing2/home/scx7auf/Shihaoxuan/graduate/data/RE-datasetA/contrafold_train/7.bpseq
[2679/2888] 正在预测序列: 800
  ✓ 完成: /home/bingxing2/home/scx7auf/Shihaoxuan/graduate/data/RE-datasetA/contrafold_train/800.bpseq
[2680/2888] 正在预测序列: 801
  ✓ 完成: /home/bingxing2/home/scx7auf/Shihaoxuan/graduate/data/RE-datasetA/contrafold_train/801.bpseq
[2681/2888] 正在预测序列: 802
  ✓ 完成: /home/bingxing2/home/scx7auf/Shihaoxuan/graduate/data/RE-datasetA/contrafold_train/802.bpseq
[2682/2888] 正在预测序列: 803
  ✓ 完成: /home/bingxing2/home/scx7auf/Shihaoxuan/graduate/data/RE-datasetA/contrafold_train/803.bpseq
[2683/2888] 正在预测序列: 804
  ✓ 完成: /home/bingxing2/home/scx7auf/Shihaoxuan/graduate/data/RE-datasetA/contrafold_train/804.bpseq
[2684/2888] 正在预测序列: 805
  ✓ 完成: /home/bingxing2/home/scx7auf/Shihaoxuan/graduate/data/RE-datasetA/contrafold_train/805.bpseq
[2685/2888] 正在预测序列: 806
  ✓ 完成: /home/bingxing2/home/scx7auf/Shihaoxuan/graduate/data/RE-datasetA/contrafold_train/806.bpseq
[2686/2888] 正在预测序列: 807
  ✓ 完成: /home/bingxing2/home/scx7auf/Shihaoxuan/graduate/data/RE-datasetA/contrafold_train/807.bpseq
[2687/2888] 正在预测序列: 808
  ✓ 完成: /home/bingxing2/home/scx7auf/Shihaoxuan/graduate/data/RE-datasetA/contrafold_train/808.bpseq
[2688/2888] 正在预测序列: 809
  ✓ 完成: /home/bingxing2/home/scx7auf/Shihaoxuan/graduate/data/RE-datasetA/contrafold_train/809.bpseq
[2689/2888] 正在预测序列: 80
  ✓ 完成: /home/bingxing2/home/scx7auf/Shihaoxuan/graduate/data/RE-datasetA/contrafold_train/80.bpseq
[2690/2888] 正在预测序列: 810
  ✓ 完成: /home/bingxing2/home/scx7auf/Shihaoxuan/graduate/data/RE-datasetA/contrafold_train/810.bpseq
[2691/2888] 正在预测序列: 811
  ✓ 完成: /home/bingxing2/home/scx7auf/Shihaoxuan/graduate/data/RE-datasetA/contrafold_train/811.bpseq
[2692/2888] 正在预测序列: 812
  ✓ 完成: /home/bingxing2/home/scx7auf/Shihaoxuan/graduate/data/RE-datasetA/contrafold_train/812.bpseq
[2693/2888] 正在预测序列: 813
  ✓ 完成: /home/bingxing2/home/scx7auf/Shihaoxuan/graduate/data/RE-datasetA/contrafold_train/813.bpseq
[2694/2888] 正在预测序列: 814
  ✓ 完成: /home/bingxing2/home/scx7auf/Shihaoxuan/graduate/data/RE-datasetA/contrafold_train/814.bpseq
[2695/2888] 正在预测序列: 815
  ✓ 完成: /home/bingxing2/home/scx7auf/Shihaoxuan/graduate/data/RE-datasetA/contrafold_train/815.bpseq
[2696/2888] 正在预测序列: 816
  ✓ 完成: /home/bingxing2/home/scx7auf/Shihaoxuan/graduate/data/RE-datasetA/contrafold_train/816.bpseq
[2697/2888] 正在预测序列: 817
  ✓ 完成: /home/bingxing2/home/scx7auf/Shihaoxuan/graduate/data/RE-datasetA/contrafold_train/817.bpseq
[2698/2888] 正在预测序列: 818
  ✓ 完成: /home/bingxing2/home/scx7auf/Shihaoxuan/graduate/data/RE-datasetA/contrafold_train/818.bpseq
[2699/2888] 正在预测序列: 819
  ✓ 完成: /home/bingxing2/home/scx7auf/Shihaoxuan/graduate/data/RE-datasetA/contrafold_train/819.bpseq
[2700/2888] 正在预测序列: 81
  ✓ 完成: /home/bingxing2/home/scx7auf/Shihaoxuan/graduate/data/RE-datasetA/contrafold_train/81.bpseq
[2701/2888] 正在预测序列: 820
  ✓ 完成: /home/bingxing2/home/scx7auf/Shihaoxuan/graduate/data/RE-datasetA/contrafold_train/820.bpseq
[2702/2888] 正在预测序列: 821
  ✓ 完成: /home/bingxing2/home/scx7auf/Shihaoxuan/graduate/data/RE-datasetA/contrafold_train/821.bpseq
[2703/2888] 正在预测序列: 822
  ✓ 完成: /home/bingxing2/home/scx7auf/Shihaoxuan/graduate/data/RE-datasetA/contrafold_train/822.bpseq
[2704/2888] 正在预测序列: 824
  ✓ 完成: /home/bingxing2/home/scx7auf/Shihaoxuan/graduate/data/RE-datasetA/contrafold_train/824.bpseq
[2705/2888] 正在预测序列: 825
  ✓ 完成: /home/bingxing2/home/scx7auf/Shihaoxuan/graduate/data/RE-datasetA/contrafold_train/825.bpseq
[2706/2888] 正在预测序列: 826
  ✓ 完成: /home/bingxing2/home/scx7auf/Shihaoxuan/graduate/data/RE-datasetA/contrafold_train/826.bpseq
[2707/2888] 正在预测序列: 827
  ✓ 完成: /home/bingxing2/home/scx7auf/Shihaoxuan/graduate/data/RE-datasetA/contrafold_train/827.bpseq
[2708/2888] 正在预测序列: 828
  ✓ 完成: /home/bingxing2/home/scx7auf/Shihaoxuan/graduate/data/RE-datasetA/contrafold_train/828.bpseq
[2709/2888] 正在预测序列: 829
  ✓ 完成: /home/bingxing2/home/scx7auf/Shihaoxuan/graduate/data/RE-datasetA/contrafold_train/829.bpseq
[2710/2888] 正在预测序列: 82
  ✓ 完成: /home/bingxing2/home/scx7auf/Shihaoxuan/graduate/data/RE-datasetA/contrafold_train/82.bpseq
[2711/2888] 正在预测序列: 830
  ✓ 完成: /home/bingxing2/home/scx7auf/Shihaoxuan/graduate/data/RE-datasetA/contrafold_train/830.bpseq
[2712/2888] 正在预测序列: 831
  ✓ 完成: /home/bingxing2/home/scx7auf/Shihaoxuan/graduate/data/RE-datasetA/contrafold_train/831.bpseq
[2713/2888] 正在预测序列: 832
  ✓ 完成: /home/bingxing2/home/scx7auf/Shihaoxuan/graduate/data/RE-datasetA/contrafold_train/832.bpseq
[2714/2888] 正在预测序列: 834
  ✓ 完成: /home/bingxing2/home/scx7auf/Shihaoxuan/graduate/data/RE-datasetA/contrafold_train/834.bpseq
[2715/2888] 正在预测序列: 835
  ✓ 完成: /home/bingxing2/home/scx7auf/Shihaoxuan/graduate/data/RE-datasetA/contrafold_train/835.bpseq
[2716/2888] 正在预测序列: 836
  ✓ 完成: /home/bingxing2/home/scx7auf/Shihaoxuan/graduate/data/RE-datasetA/contrafold_train/836.bpseq
[2717/2888] 正在预测序列: 837
  ✓ 完成: /home/bingxing2/home/scx7auf/Shihaoxuan/graduate/data/RE-datasetA/contrafold_train/837.bpseq
[2718/2888] 正在预测序列: 838
  ✓ 完成: /home/bingxing2/home/scx7auf/Shihaoxuan/graduate/data/RE-datasetA/contrafold_train/838.bpseq
[2719/2888] 正在预测序列: 839
  ✓ 完成: /home/bingxing2/home/scx7auf/Shihaoxuan/graduate/data/RE-datasetA/contrafold_train/839.bpseq
[2720/2888] 正在预测序列: 83
  ✓ 完成: /home/bingxing2/home/scx7auf/Shihaoxuan/graduate/data/RE-datasetA/contrafold_train/83.bpseq
[2721/2888] 正在预测序列: 840
  ✓ 完成: /home/bingxing2/home/scx7auf/Shihaoxuan/graduate/data/RE-datasetA/contrafold_train/840.bpseq
[2722/2888] 正在预测序列: 841
  ✓ 完成: /home/bingxing2/home/scx7auf/Shihaoxuan/graduate/data/RE-datasetA/contrafold_train/841.bpseq
[2723/2888] 正在预测序列: 842
  ✓ 完成: /home/bingxing2/home/scx7auf/Shihaoxuan/graduate/data/RE-datasetA/contrafold_train/842.bpseq
[2724/2888] 正在预测序列: 843
  ✓ 完成: /home/bingxing2/home/scx7auf/Shihaoxuan/graduate/data/RE-datasetA/contrafold_train/843.bpseq
[2725/2888] 正在预测序列: 844
  ✓ 完成: /home/bingxing2/home/scx7auf/Shihaoxuan/graduate/data/RE-datasetA/contrafold_train/844.bpseq
[2726/2888] 正在预测序列: 846
  ✓ 完成: /home/bingxing2/home/scx7auf/Shihaoxuan/graduate/data/RE-datasetA/contrafold_train/846.bpseq
[2727/2888] 正在预测序列: 847
  ✓ 完成: /home/bingxing2/home/scx7auf/Shihaoxuan/graduate/data/RE-datasetA/contrafold_train/847.bpseq
[2728/2888] 正在预测序列: 848
  ✓ 完成: /home/bingxing2/home/scx7auf/Shihaoxuan/graduate/data/RE-datasetA/contrafold_train/848.bpseq
[2729/2888] 正在预测序列: 849
  ✓ 完成: /home/bingxing2/home/scx7auf/Shihaoxuan/graduate/data/RE-datasetA/contrafold_train/849.bpseq
[2730/2888] 正在预测序列: 84
  ✓ 完成: /home/bingxing2/home/scx7auf/Shihaoxuan/graduate/data/RE-datasetA/contrafold_train/84.bpseq
[2731/2888] 正在预测序列: 850
  ✓ 完成: /home/bingxing2/home/scx7auf/Shihaoxuan/graduate/data/RE-datasetA/contrafold_train/850.bpseq
[2732/2888] 正在预测序列: 851
  ✓ 完成: /home/bingxing2/home/scx7auf/Shihaoxuan/graduate/data/RE-datasetA/contrafold_train/851.bpseq
[2733/2888] 正在预测序列: 852
  ✓ 完成: /home/bingxing2/home/scx7auf/Shihaoxuan/graduate/data/RE-datasetA/contrafold_train/852.bpseq
[2734/2888] 正在预测序列: 853
  ✓ 完成: /home/bingxing2/home/scx7auf/Shihaoxuan/graduate/data/RE-datasetA/contrafold_train/853.bpseq
[2735/2888] 正在预测序列: 855
  ✓ 完成: /home/bingxing2/home/scx7auf/Shihaoxuan/graduate/data/RE-datasetA/contrafold_train/855.bpseq
[2736/2888] 正在预测序列: 856
  ✓ 完成: /home/bingxing2/home/scx7auf/Shihaoxuan/graduate/data/RE-datasetA/contrafold_train/856.bpseq
[2737/2888] 正在预测序列: 858
  ✓ 完成: /home/bingxing2/home/scx7auf/Shihaoxuan/graduate/data/RE-datasetA/contrafold_train/858.bpseq
[2738/2888] 正在预测序列: 859
  ✓ 完成: /home/bingxing2/home/scx7auf/Shihaoxuan/graduate/data/RE-datasetA/contrafold_train/859.bpseq
[2739/2888] 正在预测序列: 85
  ✓ 完成: /home/bingxing2/home/scx7auf/Shihaoxuan/graduate/data/RE-datasetA/contrafold_train/85.bpseq
[2740/2888] 正在预测序列: 860
  ✓ 完成: /home/bingxing2/home/scx7auf/Shihaoxuan/graduate/data/RE-datasetA/contrafold_train/860.bpseq
[2741/2888] 正在预测序列: 861
  ✓ 完成: /home/bingxing2/home/scx7auf/Shihaoxuan/graduate/data/RE-datasetA/contrafold_train/861.bpseq
[2742/2888] 正在预测序列: 863
  ✓ 完成: /home/bingxing2/home/scx7auf/Shihaoxuan/graduate/data/RE-datasetA/contrafold_train/863.bpseq
[2743/2888] 正在预测序列: 864
  ✓ 完成: /home/bingxing2/home/scx7auf/Shihaoxuan/graduate/data/RE-datasetA/contrafold_train/864.bpseq
[2744/2888] 正在预测序列: 865
  ✓ 完成: /home/bingxing2/home/scx7auf/Shihaoxuan/graduate/data/RE-datasetA/contrafold_train/865.bpseq
[2745/2888] 正在预测序列: 866
  ✓ 完成: /home/bingxing2/home/scx7auf/Shihaoxuan/graduate/data/RE-datasetA/contrafold_train/866.bpseq
[2746/2888] 正在预测序列: 867
  ✓ 完成: /home/bingxing2/home/scx7auf/Shihaoxuan/graduate/data/RE-datasetA/contrafold_train/867.bpseq
[2747/2888] 正在预测序列: 868
  ✓ 完成: /home/bingxing2/home/scx7auf/Shihaoxuan/graduate/data/RE-datasetA/contrafold_train/868.bpseq
[2748/2888] 正在预测序列: 869
  ✓ 完成: /home/bingxing2/home/scx7auf/Shihaoxuan/graduate/data/RE-datasetA/contrafold_train/869.bpseq
[2749/2888] 正在预测序列: 86
  ✓ 完成: /home/bingxing2/home/scx7auf/Shihaoxuan/graduate/data/RE-datasetA/contrafold_train/86.bpseq
[2750/2888] 正在预测序列: 870
  ✓ 完成: /home/bingxing2/home/scx7auf/Shihaoxuan/graduate/data/RE-datasetA/contrafold_train/870.bpseq
[2751/2888] 正在预测序列: 873
  ✓ 完成: /home/bingxing2/home/scx7auf/Shihaoxuan/graduate/data/RE-datasetA/contrafold_train/873.bpseq
[2752/2888] 正在预测序列: 875
  ✓ 完成: /home/bingxing2/home/scx7auf/Shihaoxuan/graduate/data/RE-datasetA/contrafold_train/875.bpseq
[2753/2888] 正在预测序列: 876
  ✓ 完成: /home/bingxing2/home/scx7auf/Shihaoxuan/graduate/data/RE-datasetA/contrafold_train/876.bpseq
[2754/2888] 正在预测序列: 877
  ✓ 完成: /home/bingxing2/home/scx7auf/Shihaoxuan/graduate/data/RE-datasetA/contrafold_train/877.bpseq
[2755/2888] 正在预测序列: 879
  ✓ 完成: /home/bingxing2/home/scx7auf/Shihaoxuan/graduate/data/RE-datasetA/contrafold_train/879.bpseq
[2756/2888] 正在预测序列: 87
  ✓ 完成: /home/bingxing2/home/scx7auf/Shihaoxuan/graduate/data/RE-datasetA/contrafold_train/87.bpseq
[2757/2888] 正在预测序列: 880
  ✓ 完成: /home/bingxing2/home/scx7auf/Shihaoxuan/graduate/data/RE-datasetA/contrafold_train/880.bpseq
[2758/2888] 正在预测序列: 881
  ✓ 完成: /home/bingxing2/home/scx7auf/Shihaoxuan/graduate/data/RE-datasetA/contrafold_train/881.bpseq
[2759/2888] 正在预测序列: 882
  ✓ 完成: /home/bingxing2/home/scx7auf/Shihaoxuan/graduate/data/RE-datasetA/contrafold_train/882.bpseq
[2760/2888] 正在预测序列: 883
  ✓ 完成: /home/bingxing2/home/scx7auf/Shihaoxuan/graduate/data/RE-datasetA/contrafold_train/883.bpseq
[2761/2888] 正在预测序列: 884
  ✓ 完成: /home/bingxing2/home/scx7auf/Shihaoxuan/graduate/data/RE-datasetA/contrafold_train/884.bpseq
[2762/2888] 正在预测序列: 885
  ✓ 完成: /home/bingxing2/home/scx7auf/Shihaoxuan/graduate/data/RE-datasetA/contrafold_train/885.bpseq
[2763/2888] 正在预测序列: 886
  ✓ 完成: /home/bingxing2/home/scx7auf/Shihaoxuan/graduate/data/RE-datasetA/contrafold_train/886.bpseq
[2764/2888] 正在预测序列: 887
  ✓ 完成: /home/bingxing2/home/scx7auf/Shihaoxuan/graduate/data/RE-datasetA/contrafold_train/887.bpseq
[2765/2888] 正在预测序列: 888
  ✓ 完成: /home/bingxing2/home/scx7auf/Shihaoxuan/graduate/data/RE-datasetA/contrafold_train/888.bpseq
[2766/2888] 正在预测序列: 889
  ✓ 完成: /home/bingxing2/home/scx7auf/Shihaoxuan/graduate/data/RE-datasetA/contrafold_train/889.bpseq
[2767/2888] 正在预测序列: 88
  ✓ 完成: /home/bingxing2/home/scx7auf/Shihaoxuan/graduate/data/RE-datasetA/contrafold_train/88.bpseq
[2768/2888] 正在预测序列: 890
  ✓ 完成: /home/bingxing2/home/scx7auf/Shihaoxuan/graduate/data/RE-datasetA/contrafold_train/890.bpseq
[2769/2888] 正在预测序列: 891
  ✓ 完成: /home/bingxing2/home/scx7auf/Shihaoxuan/graduate/data/RE-datasetA/contrafold_train/891.bpseq
[2770/2888] 正在预测序列: 892
  ✓ 完成: /home/bingxing2/home/scx7auf/Shihaoxuan/graduate/data/RE-datasetA/contrafold_train/892.bpseq
[2771/2888] 正在预测序列: 893
  ✓ 完成: /home/bingxing2/home/scx7auf/Shihaoxuan/graduate/data/RE-datasetA/contrafold_train/893.bpseq
[2772/2888] 正在预测序列: 894
  ✓ 完成: /home/bingxing2/home/scx7auf/Shihaoxuan/graduate/data/RE-datasetA/contrafold_train/894.bpseq
[2773/2888] 正在预测序列: 895
  ✓ 完成: /home/bingxing2/home/scx7auf/Shihaoxuan/graduate/data/RE-datasetA/contrafold_train/895.bpseq
[2774/2888] 正在预测序列: 896
  ✓ 完成: /home/bingxing2/home/scx7auf/Shihaoxuan/graduate/data/RE-datasetA/contrafold_train/896.bpseq
[2775/2888] 正在预测序列: 897
  ✓ 完成: /home/bingxing2/home/scx7auf/Shihaoxuan/graduate/data/RE-datasetA/contrafold_train/897.bpseq
[2776/2888] 正在预测序列: 898
  ✓ 完成: /home/bingxing2/home/scx7auf/Shihaoxuan/graduate/data/RE-datasetA/contrafold_train/898.bpseq
[2777/2888] 正在预测序列: 899
  ✓ 完成: /home/bingxing2/home/scx7auf/Shihaoxuan/graduate/data/RE-datasetA/contrafold_train/899.bpseq
[2778/2888] 正在预测序列: 89
  ✓ 完成: /home/bingxing2/home/scx7auf/Shihaoxuan/graduate/data/RE-datasetA/contrafold_train/89.bpseq
[2779/2888] 正在预测序列: 8
  ✓ 完成: /home/bingxing2/home/scx7auf/Shihaoxuan/graduate/data/RE-datasetA/contrafold_train/8.bpseq
[2780/2888] 正在预测序列: 900
  ✓ 完成: /home/bingxing2/home/scx7auf/Shihaoxuan/graduate/data/RE-datasetA/contrafold_train/900.bpseq
[2781/2888] 正在预测序列: 901
  ✓ 完成: /home/bingxing2/home/scx7auf/Shihaoxuan/graduate/data/RE-datasetA/contrafold_train/901.bpseq
[2782/2888] 正在预测序列: 902
  ✓ 完成: /home/bingxing2/home/scx7auf/Shihaoxuan/graduate/data/RE-datasetA/contrafold_train/902.bpseq
[2783/2888] 正在预测序列: 903
  ✓ 完成: /home/bingxing2/home/scx7auf/Shihaoxuan/graduate/data/RE-datasetA/contrafold_train/903.bpseq
[2784/2888] 正在预测序列: 904
  ✓ 完成: /home/bingxing2/home/scx7auf/Shihaoxuan/graduate/data/RE-datasetA/contrafold_train/904.bpseq
[2785/2888] 正在预测序列: 905
  ✓ 完成: /home/bingxing2/home/scx7auf/Shihaoxuan/graduate/data/RE-datasetA/contrafold_train/905.bpseq
[2786/2888] 正在预测序列: 906
  ✓ 完成: /home/bingxing2/home/scx7auf/Shihaoxuan/graduate/data/RE-datasetA/contrafold_train/906.bpseq
[2787/2888] 正在预测序列: 907
  ✓ 完成: /home/bingxing2/home/scx7auf/Shihaoxuan/graduate/data/RE-datasetA/contrafold_train/907.bpseq
[2788/2888] 正在预测序列: 908
  ✓ 完成: /home/bingxing2/home/scx7auf/Shihaoxuan/graduate/data/RE-datasetA/contrafold_train/908.bpseq
[2789/2888] 正在预测序列: 90
  ✓ 完成: /home/bingxing2/home/scx7auf/Shihaoxuan/graduate/data/RE-datasetA/contrafold_train/90.bpseq
[2790/2888] 正在预测序列: 910
  ✓ 完成: /home/bingxing2/home/scx7auf/Shihaoxuan/graduate/data/RE-datasetA/contrafold_train/910.bpseq
[2791/2888] 正在预测序列: 911
  ✓ 完成: /home/bingxing2/home/scx7auf/Shihaoxuan/graduate/data/RE-datasetA/contrafold_train/911.bpseq
[2792/2888] 正在预测序列: 912
  ✓ 完成: /home/bingxing2/home/scx7auf/Shihaoxuan/graduate/data/RE-datasetA/contrafold_train/912.bpseq
[2793/2888] 正在预测序列: 913
  ✓ 完成: /home/bingxing2/home/scx7auf/Shihaoxuan/graduate/data/RE-datasetA/contrafold_train/913.bpseq
[2794/2888] 正在预测序列: 914
  ✓ 完成: /home/bingxing2/home/scx7auf/Shihaoxuan/graduate/data/RE-datasetA/contrafold_train/914.bpseq
[2795/2888] 正在预测序列: 915
  ✓ 完成: /home/bingxing2/home/scx7auf/Shihaoxuan/graduate/data/RE-datasetA/contrafold_train/915.bpseq
[2796/2888] 正在预测序列: 916
  ✓ 完成: /home/bingxing2/home/scx7auf/Shihaoxuan/graduate/data/RE-datasetA/contrafold_train/916.bpseq
[2797/2888] 正在预测序列: 917
  ✓ 完成: /home/bingxing2/home/scx7auf/Shihaoxuan/graduate/data/RE-datasetA/contrafold_train/917.bpseq
[2798/2888] 正在预测序列: 918
  ✓ 完成: /home/bingxing2/home/scx7auf/Shihaoxuan/graduate/data/RE-datasetA/contrafold_train/918.bpseq
[2799/2888] 正在预测序列: 919
  ✓ 完成: /home/bingxing2/home/scx7auf/Shihaoxuan/graduate/data/RE-datasetA/contrafold_train/919.bpseq
[2800/2888] 正在预测序列: 91
  ✓ 完成: /home/bingxing2/home/scx7auf/Shihaoxuan/graduate/data/RE-datasetA/contrafold_train/91.bpseq
[2801/2888] 正在预测序列: 920
  ✓ 完成: /home/bingxing2/home/scx7auf/Shihaoxuan/graduate/data/RE-datasetA/contrafold_train/920.bpseq
[2802/2888] 正在预测序列: 921
  ✓ 完成: /home/bingxing2/home/scx7auf/Shihaoxuan/graduate/data/RE-datasetA/contrafold_train/921.bpseq
[2803/2888] 正在预测序列: 922
  ✓ 完成: /home/bingxing2/home/scx7auf/Shihaoxuan/graduate/data/RE-datasetA/contrafold_train/922.bpseq
[2804/2888] 正在预测序列: 923
  ✓ 完成: /home/bingxing2/home/scx7auf/Shihaoxuan/graduate/data/RE-datasetA/contrafold_train/923.bpseq
[2805/2888] 正在预测序列: 924
  ✓ 完成: /home/bingxing2/home/scx7auf/Shihaoxuan/graduate/data/RE-datasetA/contrafold_train/924.bpseq
[2806/2888] 正在预测序列: 925
  ✓ 完成: /home/bingxing2/home/scx7auf/Shihaoxuan/graduate/data/RE-datasetA/contrafold_train/925.bpseq
[2807/2888] 正在预测序列: 926
  ✓ 完成: /home/bingxing2/home/scx7auf/Shihaoxuan/graduate/data/RE-datasetA/contrafold_train/926.bpseq
[2808/2888] 正在预测序列: 927
  ✓ 完成: /home/bingxing2/home/scx7auf/Shihaoxuan/graduate/data/RE-datasetA/contrafold_train/927.bpseq
[2809/2888] 正在预测序列: 928
  ✓ 完成: /home/bingxing2/home/scx7auf/Shihaoxuan/graduate/data/RE-datasetA/contrafold_train/928.bpseq
[2810/2888] 正在预测序列: 929
  ✓ 完成: /home/bingxing2/home/scx7auf/Shihaoxuan/graduate/data/RE-datasetA/contrafold_train/929.bpseq
[2811/2888] 正在预测序列: 92
  ✓ 完成: /home/bingxing2/home/scx7auf/Shihaoxuan/graduate/data/RE-datasetA/contrafold_train/92.bpseq
[2812/2888] 正在预测序列: 931
  ✓ 完成: /home/bingxing2/home/scx7auf/Shihaoxuan/graduate/data/RE-datasetA/contrafold_train/931.bpseq
[2813/2888] 正在预测序列: 932
  ✓ 完成: /home/bingxing2/home/scx7auf/Shihaoxuan/graduate/data/RE-datasetA/contrafold_train/932.bpseq
[2814/2888] 正在预测序列: 933
  ✓ 完成: /home/bingxing2/home/scx7auf/Shihaoxuan/graduate/data/RE-datasetA/contrafold_train/933.bpseq
[2815/2888] 正在预测序列: 934
  ✓ 完成: /home/bingxing2/home/scx7auf/Shihaoxuan/graduate/data/RE-datasetA/contrafold_train/934.bpseq
[2816/2888] 正在预测序列: 935
  ✓ 完成: /home/bingxing2/home/scx7auf/Shihaoxuan/graduate/data/RE-datasetA/contrafold_train/935.bpseq
[2817/2888] 正在预测序列: 936
  ✓ 完成: /home/bingxing2/home/scx7auf/Shihaoxuan/graduate/data/RE-datasetA/contrafold_train/936.bpseq
[2818/2888] 正在预测序列: 937
  ✓ 完成: /home/bingxing2/home/scx7auf/Shihaoxuan/graduate/data/RE-datasetA/contrafold_train/937.bpseq
[2819/2888] 正在预测序列: 938
  ✓ 完成: /home/bingxing2/home/scx7auf/Shihaoxuan/graduate/data/RE-datasetA/contrafold_train/938.bpseq
[2820/2888] 正在预测序列: 939
  ✓ 完成: /home/bingxing2/home/scx7auf/Shihaoxuan/graduate/data/RE-datasetA/contrafold_train/939.bpseq
[2821/2888] 正在预测序列: 93
  ✓ 完成: /home/bingxing2/home/scx7auf/Shihaoxuan/graduate/data/RE-datasetA/contrafold_train/93.bpseq
[2822/2888] 正在预测序列: 940
  ✓ 完成: /home/bingxing2/home/scx7auf/Shihaoxuan/graduate/data/RE-datasetA/contrafold_train/940.bpseq
[2823/2888] 正在预测序列: 941
  ✓ 完成: /home/bingxing2/home/scx7auf/Shihaoxuan/graduate/data/RE-datasetA/contrafold_train/941.bpseq
[2824/2888] 正在预测序列: 942
  ✓ 完成: /home/bingxing2/home/scx7auf/Shihaoxuan/graduate/data/RE-datasetA/contrafold_train/942.bpseq
[2825/2888] 正在预测序列: 943
  ✓ 完成: /home/bingxing2/home/scx7auf/Shihaoxuan/graduate/data/RE-datasetA/contrafold_train/943.bpseq
[2826/2888] 正在预测序列: 944
  ✓ 完成: /home/bingxing2/home/scx7auf/Shihaoxuan/graduate/data/RE-datasetA/contrafold_train/944.bpseq
[2827/2888] 正在预测序列: 945
  ✓ 完成: /home/bingxing2/home/scx7auf/Shihaoxuan/graduate/data/RE-datasetA/contrafold_train/945.bpseq
[2828/2888] 正在预测序列: 946
  ✓ 完成: /home/bingxing2/home/scx7auf/Shihaoxuan/graduate/data/RE-datasetA/contrafold_train/946.bpseq
[2829/2888] 正在预测序列: 947
  ✓ 完成: /home/bingxing2/home/scx7auf/Shihaoxuan/graduate/data/RE-datasetA/contrafold_train/947.bpseq
[2830/2888] 正在预测序列: 948
  ✓ 完成: /home/bingxing2/home/scx7auf/Shihaoxuan/graduate/data/RE-datasetA/contrafold_train/948.bpseq
[2831/2888] 正在预测序列: 949
  ✓ 完成: /home/bingxing2/home/scx7auf/Shihaoxuan/graduate/data/RE-datasetA/contrafold_train/949.bpseq
[2832/2888] 正在预测序列: 94
  ✓ 完成: /home/bingxing2/home/scx7auf/Shihaoxuan/graduate/data/RE-datasetA/contrafold_train/94.bpseq
[2833/2888] 正在预测序列: 950
  ✓ 完成: /home/bingxing2/home/scx7auf/Shihaoxuan/graduate/data/RE-datasetA/contrafold_train/950.bpseq
[2834/2888] 正在预测序列: 951
  ✓ 完成: /home/bingxing2/home/scx7auf/Shihaoxuan/graduate/data/RE-datasetA/contrafold_train/951.bpseq
[2835/2888] 正在预测序列: 952
  ✓ 完成: /home/bingxing2/home/scx7auf/Shihaoxuan/graduate/data/RE-datasetA/contrafold_train/952.bpseq
[2836/2888] 正在预测序列: 953
  ✓ 完成: /home/bingxing2/home/scx7auf/Shihaoxuan/graduate/data/RE-datasetA/contrafold_train/953.bpseq
[2837/2888] 正在预测序列: 954
  ✓ 完成: /home/bingxing2/home/scx7auf/Shihaoxuan/graduate/data/RE-datasetA/contrafold_train/954.bpseq
[2838/2888] 正在预测序列: 955
  ✓ 完成: /home/bingxing2/home/scx7auf/Shihaoxuan/graduate/data/RE-datasetA/contrafold_train/955.bpseq
[2839/2888] 正在预测序列: 956
  ✓ 完成: /home/bingxing2/home/scx7auf/Shihaoxuan/graduate/data/RE-datasetA/contrafold_train/956.bpseq
[2840/2888] 正在预测序列: 957
  ✓ 完成: /home/bingxing2/home/scx7auf/Shihaoxuan/graduate/data/RE-datasetA/contrafold_train/957.bpseq
[2841/2888] 正在预测序列: 958
  ✓ 完成: /home/bingxing2/home/scx7auf/Shihaoxuan/graduate/data/RE-datasetA/contrafold_train/958.bpseq
[2842/2888] 正在预测序列: 959
  ✓ 完成: /home/bingxing2/home/scx7auf/Shihaoxuan/graduate/data/RE-datasetA/contrafold_train/959.bpseq
[2843/2888] 正在预测序列: 95
  ✓ 完成: /home/bingxing2/home/scx7auf/Shihaoxuan/graduate/data/RE-datasetA/contrafold_train/95.bpseq
[2844/2888] 正在预测序列: 960
  ✓ 完成: /home/bingxing2/home/scx7auf/Shihaoxuan/graduate/data/RE-datasetA/contrafold_train/960.bpseq
[2845/2888] 正在预测序列: 961
  ✓ 完成: /home/bingxing2/home/scx7auf/Shihaoxuan/graduate/data/RE-datasetA/contrafold_train/961.bpseq
[2846/2888] 正在预测序列: 962
  ✓ 完成: /home/bingxing2/home/scx7auf/Shihaoxuan/graduate/data/RE-datasetA/contrafold_train/962.bpseq
[2847/2888] 正在预测序列: 963
  ✓ 完成: /home/bingxing2/home/scx7auf/Shihaoxuan/graduate/data/RE-datasetA/contrafold_train/963.bpseq
[2848/2888] 正在预测序列: 964
  ✓ 完成: /home/bingxing2/home/scx7auf/Shihaoxuan/graduate/data/RE-datasetA/contrafold_train/964.bpseq
[2849/2888] 正在预测序列: 965
  ✓ 完成: /home/bingxing2/home/scx7auf/Shihaoxuan/graduate/data/RE-datasetA/contrafold_train/965.bpseq
[2850/2888] 正在预测序列: 966
  ✓ 完成: /home/bingxing2/home/scx7auf/Shihaoxuan/graduate/data/RE-datasetA/contrafold_train/966.bpseq
[2851/2888] 正在预测序列: 967
  ✓ 完成: /home/bingxing2/home/scx7auf/Shihaoxuan/graduate/data/RE-datasetA/contrafold_train/967.bpseq
[2852/2888] 正在预测序列: 968
  ✓ 完成: /home/bingxing2/home/scx7auf/Shihaoxuan/graduate/data/RE-datasetA/contrafold_train/968.bpseq
[2853/2888] 正在预测序列: 969
  ✓ 完成: /home/bingxing2/home/scx7auf/Shihaoxuan/graduate/data/RE-datasetA/contrafold_train/969.bpseq
[2854/2888] 正在预测序列: 96
  ✓ 完成: /home/bingxing2/home/scx7auf/Shihaoxuan/graduate/data/RE-datasetA/contrafold_train/96.bpseq
[2855/2888] 正在预测序列: 970
  ✓ 完成: /home/bingxing2/home/scx7auf/Shihaoxuan/graduate/data/RE-datasetA/contrafold_train/970.bpseq
[2856/2888] 正在预测序列: 971
  ✓ 完成: /home/bingxing2/home/scx7auf/Shihaoxuan/graduate/data/RE-datasetA/contrafold_train/971.bpseq
[2857/2888] 正在预测序列: 972
  ✓ 完成: /home/bingxing2/home/scx7auf/Shihaoxuan/graduate/data/RE-datasetA/contrafold_train/972.bpseq
[2858/2888] 正在预测序列: 973
  ✓ 完成: /home/bingxing2/home/scx7auf/Shihaoxuan/graduate/data/RE-datasetA/contrafold_train/973.bpseq
[2859/2888] 正在预测序列: 974
  ✓ 完成: /home/bingxing2/home/scx7auf/Shihaoxuan/graduate/data/RE-datasetA/contrafold_train/974.bpseq
[2860/2888] 正在预测序列: 975
  ✓ 完成: /home/bingxing2/home/scx7auf/Shihaoxuan/graduate/data/RE-datasetA/contrafold_train/975.bpseq
[2861/2888] 正在预测序列: 976
  ✓ 完成: /home/bingxing2/home/scx7auf/Shihaoxuan/graduate/data/RE-datasetA/contrafold_train/976.bpseq
[2862/2888] 正在预测序列: 977
  ✓ 完成: /home/bingxing2/home/scx7auf/Shihaoxuan/graduate/data/RE-datasetA/contrafold_train/977.bpseq
[2863/2888] 正在预测序列: 978
  ✓ 完成: /home/bingxing2/home/scx7auf/Shihaoxuan/graduate/data/RE-datasetA/contrafold_train/978.bpseq
[2864/2888] 正在预测序列: 979
  ✓ 完成: /home/bingxing2/home/scx7auf/Shihaoxuan/graduate/data/RE-datasetA/contrafold_train/979.bpseq
[2865/2888] 正在预测序列: 97
  ✓ 完成: /home/bingxing2/home/scx7auf/Shihaoxuan/graduate/data/RE-datasetA/contrafold_train/97.bpseq
[2866/2888] 正在预测序列: 980
  ✓ 完成: /home/bingxing2/home/scx7auf/Shihaoxuan/graduate/data/RE-datasetA/contrafold_train/980.bpseq
[2867/2888] 正在预测序列: 981
  ✓ 完成: /home/bingxing2/home/scx7auf/Shihaoxuan/graduate/data/RE-datasetA/contrafold_train/981.bpseq
[2868/2888] 正在预测序列: 982
  ✓ 完成: /home/bingxing2/home/scx7auf/Shihaoxuan/graduate/data/RE-datasetA/contrafold_train/982.bpseq
[2869/2888] 正在预测序列: 983
  ✓ 完成: /home/bingxing2/home/scx7auf/Shihaoxuan/graduate/data/RE-datasetA/contrafold_train/983.bpseq
[2870/2888] 正在预测序列: 984
  ✓ 完成: /home/bingxing2/home/scx7auf/Shihaoxuan/graduate/data/RE-datasetA/contrafold_train/984.bpseq
[2871/2888] 正在预测序列: 985
  ✓ 完成: /home/bingxing2/home/scx7auf/Shihaoxuan/graduate/data/RE-datasetA/contrafold_train/985.bpseq
[2872/2888] 正在预测序列: 986
  ✓ 完成: /home/bingxing2/home/scx7auf/Shihaoxuan/graduate/data/RE-datasetA/contrafold_train/986.bpseq
[2873/2888] 正在预测序列: 987
  ✓ 完成: /home/bingxing2/home/scx7auf/Shihaoxuan/graduate/data/RE-datasetA/contrafold_train/987.bpseq
[2874/2888] 正在预测序列: 988
  ✓ 完成: /home/bingxing2/home/scx7auf/Shihaoxuan/graduate/data/RE-datasetA/contrafold_train/988.bpseq
[2875/2888] 正在预测序列: 989
  ✓ 完成: /home/bingxing2/home/scx7auf/Shihaoxuan/graduate/data/RE-datasetA/contrafold_train/989.bpseq
[2876/2888] 正在预测序列: 98
  ✓ 完成: /home/bingxing2/home/scx7auf/Shihaoxuan/graduate/data/RE-datasetA/contrafold_train/98.bpseq
[2877/2888] 正在预测序列: 990
  ✓ 完成: /home/bingxing2/home/scx7auf/Shihaoxuan/graduate/data/RE-datasetA/contrafold_train/990.bpseq
[2878/2888] 正在预测序列: 991
  ✓ 完成: /home/bingxing2/home/scx7auf/Shihaoxuan/graduate/data/RE-datasetA/contrafold_train/991.bpseq
[2879/2888] 正在预测序列: 992
  ✓ 完成: /home/bingxing2/home/scx7auf/Shihaoxuan/graduate/data/RE-datasetA/contrafold_train/992.bpseq
[2880/2888] 正在预测序列: 993
  ✓ 完成: /home/bingxing2/home/scx7auf/Shihaoxuan/graduate/data/RE-datasetA/contrafold_train/993.bpseq
[2881/2888] 正在预测序列: 994
  ✓ 完成: /home/bingxing2/home/scx7auf/Shihaoxuan/graduate/data/RE-datasetA/contrafold_train/994.bpseq
[2882/2888] 正在预测序列: 995
  ✓ 完成: /home/bingxing2/home/scx7auf/Shihaoxuan/graduate/data/RE-datasetA/contrafold_train/995.bpseq
[2883/2888] 正在预测序列: 996
  ✓ 完成: /home/bingxing2/home/scx7auf/Shihaoxuan/graduate/data/RE-datasetA/contrafold_train/996.bpseq
[2884/2888] 正在预测序列: 997
  ✓ 完成: /home/bingxing2/home/scx7auf/Shihaoxuan/graduate/data/RE-datasetA/contrafold_train/997.bpseq
[2885/2888] 正在预测序列: 998
  ✓ 完成: /home/bingxing2/home/scx7auf/Shihaoxuan/graduate/data/RE-datasetA/contrafold_train/998.bpseq
[2886/2888] 正在预测序列: 999
  ✓ 完成: /home/bingxing2/home/scx7auf/Shihaoxuan/graduate/data/RE-datasetA/contrafold_train/999.bpseq
[2887/2888] 正在预测序列: 99
  ✓ 完成: /home/bingxing2/home/scx7auf/Shihaoxuan/graduate/data/RE-datasetA/contrafold_train/99.bpseq
[2888/2888] 正在预测序列: 9
  ✓ 完成: /home/bingxing2/home/scx7auf/Shihaoxuan/graduate/data/RE-datasetA/contrafold_train/9.bpseq
批量预测完成！共处理 2888 条序列，结果保存在: /home/bingxing2/home/scx7auf/Shihaoxuan/graduate/data/RE-datasetA/contrafold_train



============ Job 1350460 Performance Details ============
JobID: 1350460
User: scx7auf
Nodes、GPU: N/A
Time Range: 2026-07-17 21:17:16 - 2026-07-17 21:40:28
Running time: 0d0H23M12S
Get GPU mapping information failed，can not perform performance query。
=========================================================
