subfolder,candidate_file,mcc_norm,energy
0,structure_11.bpseq,0.643853,-11.118609
0,structure_15.bpseq,0.399496,-14.838450
0,structure_18.bpseq,0.358150,-13.283510
0,structure_2.bpseq,0.882780,-10.924399
0,structure_21.bpseq,0.687101,-13.436820
0,structure_23.bpseq,0.365231,-13.136790
0,structure_25.bpseq,0.530420,-15.441820
0,structure_28.bpseq,0.455090,-19.883950
0,structure_4.bpseq,0.437960,-11.348412
0,structure_6.bpseq,0.597092,-14.693470
1,structure_1.bpseq,0.580090,-5.468700
1,structure_10.bpseq,0.623168,-9.965100
1,structure_12.bpseq,0.769480,-10.477540
1,structure_14.bpseq,0.729532,-6.119200
1,structure_17.bpseq,0.583059,-11.742660
1,structure_19.bpseq,0.636002,-11.632140
1,structure_21.bpseq,0.459360,-17.854110
1,structure_3.bpseq,0.973381,-5.167000
1,structure_5.bpseq,0.452797,-12.665500
1,structure_7.bpseq,0.608465,-10.624000
2,structure_1.bpseq,0.823644,-7.104800
2,structure_12.bpseq,0.766567,-8.320036
2,structure_14.bpseq,0.589406,-14.291850
2,structure_17.bpseq,0.432768,-16.713280
2,structure_19.bpseq,0.540169,-12.659940
2,structure_21.bpseq,0.594599,-11.727520
2,structure_3.bpseq,0.208348,-14.115680
2,structure_5.bpseq,0.553030,-9.835904
2,structure_7.bpseq,0.590922,-8.207210
2,structure_9.bpseq,0.560676,-8.677193
3,structure_1.bpseq,0.892581,-6.699790
3,structure_10.bpseq,0.589730,-13.961050
3,structure_11.bpseq,0.453461,-12.184580
3,structure_13.bpseq,0.507527,-13.115000
3,structure_14.bpseq,0.612807,-13.259190
3,structure_15.bpseq,0.405622,-17.362970
3,structure_18.bpseq,0.482919,-7.701800
3,structure_3.bpseq,0.559284,-7.359750
3,structure_5.bpseq,0.441279,-10.791193
3,structure_7.bpseq,0.598916,-9.161480
4,structure_1.bpseq,0.630784,-6.965880
4,structure_10.bpseq,0.576533,-11.880380
4,structure_11.bpseq,0.606727,-12.920090
4,structure_2.bpseq,0.654300,-6.859150
4,structure_3.bpseq,0.497415,-8.966720
4,structure_5.bpseq,0.224759,-5.001806
4,structure_6.bpseq,0.611993,-10.385360
4,structure_7.bpseq,0.636482,-11.142560
4,structure_8.bpseq,0.669312,-10.813620
4,structure_9.bpseq,0.623633,-11.506500
5,structure_1.bpseq,0.918116,-5.898770
5,structure_11.bpseq,0.603551,-12.207130
5,structure_13.bpseq,0.269044,-21.363800
5,structure_16.bpseq,0.553030,-9.795490
5,structure_18.bpseq,0.681149,-11.357848
5,structure_21.bpseq,0.627740,-12.538760
5,structure_22.bpseq,0.745773,-9.561720
5,structure_3.bpseq,0.753944,-6.904790
5,structure_5.bpseq,0.632948,-5.523510
5,structure_8.bpseq,0.454190,-12.035137
6,structure_1.bpseq,0.645443,-10.615340
6,structure_10.bpseq,0.203352,-10.646470
6,structure_11.bpseq,0.197275,-16.096800
6,structure_13.bpseq,0.416741,-12.636920
6,structure_16.bpseq,0.270584,-13.481610
6,structure_19.bpseq,0.451843,-13.224980
6,structure_3.bpseq,0.415385,-13.019590
6,structure_5.bpseq,0.455331,-13.685840
6,structure_7.bpseq,0.429325,-10.786670
6,structure_9.bpseq,0.144430,-9.507020
7,structure_1.bpseq,0.867406,-5.767200
7,structure_12.bpseq,0.601285,-13.109610
7,structure_14.bpseq,0.470434,-8.784000
7,structure_16.bpseq,0.450724,-11.568300
7,structure_18.bpseq,0.585434,-14.103730
7,structure_21.bpseq,0.583391,-16.629150
7,structure_23.bpseq,0.594609,-15.471310
7,structure_3.bpseq,0.660385,-6.900700
7,structure_6.bpseq,0.434133,-8.031400
7,structure_9.bpseq,0.715364,-11.136000
8,structure_1.bpseq,0.634013,-6.211030
8,structure_11.bpseq,0.408570,-12.867380
8,structure_13.bpseq,0.385417,-14.158740
8,structure_16.bpseq,0.640277,-13.817730
8,structure_18.bpseq,0.187171,-16.019320
8,structure_2.bpseq,0.388495,-7.014610
8,structure_20.bpseq,0.384863,-13.302480
8,structure_4.bpseq,0.670463,-11.703946
8,structure_6.bpseq,0.597720,-10.570895
8,structure_9.bpseq,0.628700,-17.129160
9,structure_1.bpseq,0.968961,-9.759080
9,structure_2.bpseq,0.690196,-7.315700
9,structure_3.bpseq,0.452542,-7.241440
9,structure_4.bpseq,0.724856,-7.311820
9,structure_5.bpseq,0.370901,-11.445810
9,structure_6.bpseq,0.702861,-9.969210
9,structure_7.bpseq,0.404377,-12.090250
9,structure_8.bpseq,0.421529,-11.456710
9,structure_9.bpseq,0.722700,-12.527650
10,structure_12.bpseq,0.364104,-10.421560
10,structure_15.bpseq,0.362901,-17.568560
10,structure_19.bpseq,0.538370,-15.245700
10,structure_2.bpseq,0.708831,-12.583420
10,structure_21.bpseq,0.523115,-18.192560
10,structure_23.bpseq,0.240167,-16.106000
10,structure_26.bpseq,0.409729,-18.087360
10,structure_4.bpseq,0.819458,-11.601610
10,structure_6.bpseq,0.537840,-12.042480
10,structure_9.bpseq,0.728245,-19.411560
11,structure_1.bpseq,0.917434,-6.359010
11,structure_10.bpseq,0.581111,-12.960878
11,structure_13.bpseq,0.565327,-15.122180
11,structure_15.bpseq,0.143179,-16.540600
11,structure_18.bpseq,0.666619,-13.447111
11,structure_22.bpseq,0.690267,-13.706535
11,structure_24.bpseq,0.540936,-14.854640
11,structure_26.bpseq,0.552923,-15.710260
11,structure_4.bpseq,0.565849,-10.808810
11,structure_8.bpseq,0.171835,-10.149340
12,structure_1.bpseq,0.770746,-4.411500
12,structure_11.bpseq,0.680784,-12.296880
12,structure_13.bpseq,0.313388,-18.074530
12,structure_15.bpseq,0.331179,-22.851880
12,structure_17.bpseq,0.549266,-14.546700
12,structure_19.bpseq,0.418494,-16.815330
12,structure_22.bpseq,0.437043,-17.937870
12,structure_4.bpseq,0.678198,-8.692600
12,structure_6.bpseq,0.659927,-9.704290
12,structure_9.bpseq,0.448054,-12.597390
13,structure_10.bpseq,0.430546,-7.313123
13,structure_12.bpseq,0.442523,-11.651360
13,structure_14.bpseq,0.505009,-14.858710
13,structure_16.bpseq,0.417544,-13.567330
13,structure_19.bpseq,0.531250,-13.716260
13,structure_2.bpseq,0.435897,-6.485235
13,structure_21.bpseq,0.444153,-16.610560
13,structure_24.bpseq,0.141431,-19.009540
13,structure_5.bpseq,0.908713,-12.225860
13,structure_7.bpseq,0.470356,-11.739960
14,structure_1.bpseq,0.630999,-4.806750
14,structure_10.bpseq,0.662169,-10.831190
14,structure_12.bpseq,0.834225,-15.469450
14,structure_14.bpseq,0.818331,-13.605779
14,structure_17.bpseq,0.395139,-12.783347
14,structure_20.bpseq,0.575032,-14.816130
14,structure_22.bpseq,0.225648,-11.822940
14,structure_25.bpseq,0.432755,-19.303450
14,structure_5.bpseq,0.858907,-10.141400
14,structure_8.bpseq,0.373306,-10.041950
15,structure_1.bpseq,0.745677,-5.382340
15,structure_10.bpseq,0.594424,-8.132420
15,structure_12.bpseq,0.605946,-11.451621
15,structure_15.bpseq,0.665635,-13.237510
15,structure_16.bpseq,0.634850,-12.405070
15,structure_17.bpseq,0.587093,-14.794310
15,structure_20.bpseq,0.421311,-14.811380
15,structure_3.bpseq,0.824596,-8.644730
15,structure_6.bpseq,0.617564,-10.882014
15,structure_8.bpseq,0.733737,-9.488320
16,structure_10.bpseq,0.638144,-10.344450
16,structure_11.bpseq,0.483628,-12.420752
16,structure_13.bpseq,0.513074,-16.449380
16,structure_16.bpseq,0.498465,-14.041700
16,structure_18.bpseq,0.219458,-13.143101
16,structure_2.bpseq,0.787340,-7.517740
16,structure_20.bpseq,0.483254,-17.566550
16,structure_4.bpseq,0.408488,-9.476650
16,structure_6.bpseq,0.651852,-9.317270
16,structure_8.bpseq,0.430940,-14.051130
17,structure_1.bpseq,0.664013,-6.100540
17,structure_11.bpseq,0.616401,-9.027350
17,structure_13.bpseq,0.670419,-15.271570
17,structure_15.bpseq,0.374690,-13.197430
17,structure_18.bpseq,0.727064,-9.295890
17,structure_20.bpseq,0.458637,-16.249400
17,structure_22.bpseq,0.449519,-18.117520
17,structure_4.bpseq,0.436385,-9.955760
17,structure_6.bpseq,0.616401,-9.247920
17,structure_8.bpseq,0.645996,-8.571599
18,structure_12.bpseq,0.609940,-13.187774
18,structure_17.bpseq,0.359525,-16.089670
18,structure_2.bpseq,0.508740,-7.377040
18,structure_20.bpseq,0.334229,-17.992910
18,structure_23.bpseq,0.363325,-15.198800
18,structure_25.bpseq,0.387667,-19.772270
18,structure_27.bpseq,0.641018,-17.594590
18,structure_5.bpseq,0.688406,-9.237190
18,structure_7.bpseq,0.362775,-11.007590
18,structure_9.bpseq,0.470209,-9.345170
19,structure_1.bpseq,0.525961,-7.662300
19,structure_12.bpseq,0.779992,-7.428900
19,structure_14.bpseq,0.487186,-12.526400
19,structure_16.bpseq,0.551865,-12.696700
19,structure_22.bpseq,0.592584,-22.345250
19,structure_27.bpseq,0.574324,-12.743190
19,structure_29.bpseq,0.717608,-20.627330
19,structure_4.bpseq,0.560314,-7.154300
19,structure_6.bpseq,0.362675,-8.071600
19,structure_8.bpseq,0.390056,-9.882830
20,structure_1.bpseq,0.539545,-8.205750
20,structure_10.bpseq,0.347576,-12.116762
20,structure_12.bpseq,0.326884,-11.521032
20,structure_13.bpseq,0.582923,-14.306990
20,structure_14.bpseq,0.448440,-14.175300
20,structure_16.bpseq,0.464821,-15.467380
20,structure_17.bpseq,0.418350,-15.465460
20,structure_4.bpseq,0.611485,-7.899270
20,structure_6.bpseq,0.301960,-12.042738
20,structure_8.bpseq,0.391339,-12.319326
21,structure_10.bpseq,0.630926,-7.790140
21,structure_12.bpseq,0.487507,-16.085250
21,structure_14.bpseq,0.383864,-13.790280
21,structure_16.bpseq,0.500765,-12.590210
21,structure_19.bpseq,0.414125,-10.279690
21,structure_21.bpseq,0.191655,-14.059510
21,structure_23.bpseq,0.181212,-15.944050
21,structure_3.bpseq,0.411433,-11.248040
21,structure_5.bpseq,0.575132,-10.820940
21,structure_7.bpseq,0.516364,-8.004220
22,structure_14.bpseq,0.619599,-13.315361
22,structure_17.bpseq,0.555709,-18.279040
22,structure_19.bpseq,0.555455,-11.571763
22,structure_21.bpseq,0.623207,-14.031590
22,structure_25.bpseq,0.606135,-15.238390
22,structure_28.bpseq,0.706474,-12.155652
22,structure_31.bpseq,0.279427,-21.595730
22,structure_4.bpseq,0.833643,-13.599770
22,structure_7.bpseq,0.555709,-15.090700
22,structure_9.bpseq,0.635701,-11.464817
23,structure_1.bpseq,0.740453,-5.048560
23,structure_11.bpseq,0.140418,-13.718300
23,structure_13.bpseq,0.624653,-13.694490
23,structure_15.bpseq,0.422894,-9.329690
23,structure_17.bpseq,0.192711,-13.119540
23,structure_19.bpseq,0.650512,-15.189690
23,structure_21.bpseq,0.147668,-19.853530
23,structure_3.bpseq,0.628180,-9.705946
23,structure_5.bpseq,0.603551,-6.453510
23,structure_8.bpseq,0.204032,-9.195740
24,structure_1.bpseq,0.570492,-9.451760
24,structure_11.bpseq,0.665567,-13.391310
24,structure_14.bpseq,0.167140,-9.724930
24,structure_16.bpseq,0.660203,-15.332870
24,structure_17.bpseq,0.439807,-11.233420
24,structure_19.bpseq,0.395413,-15.827240
24,structure_2.bpseq,0.971405,-9.689770
24,structure_4.bpseq,0.617358,-7.371038
24,structure_7.bpseq,0.769737,-13.498230
24,structure_9.bpseq,0.659064,-10.231020
25,structure_1.bpseq,0.903177,-9.882320
25,structure_10.bpseq,0.707472,-13.719890
25,structure_12.bpseq,0.616806,-16.045140
25,structure_14.bpseq,0.578293,-16.176180
25,structure_18.bpseq,0.595579,-14.755810
25,structure_20.bpseq,0.184937,-12.108370
25,structure_23.bpseq,0.213701,-15.834280
25,structure_4.bpseq,0.484544,-11.397980
25,structure_6.bpseq,0.386946,-13.416170
25,structure_8.bpseq,0.610979,-9.770680
26,structure_1.bpseq,0.946905,-6.657680
26,structure_11.bpseq,0.608333,-11.480100
26,structure_13.bpseq,0.663636,-10.026570
26,structure_15.bpseq,0.656084,-13.283030
26,structure_17.bpseq,0.632831,-12.132780
26,structure_19.bpseq,0.591377,-16.990280
26,structure_21.bpseq,0.723485,-11.677680
26,structure_23.bpseq,0.308943,-16.540080
26,structure_6.bpseq,0.835338,-10.706160
26,structure_9.bpseq,0.647479,-10.636190
27,structure_1.bpseq,0.716538,-8.780620
27,structure_10.bpseq,0.666020,-13.843260
27,structure_13.bpseq,0.608032,-10.461230
27,structure_15.bpseq,0.603449,-18.143110
27,structure_17.bpseq,0.559331,-21.875780
27,structure_19.bpseq,0.455963,-17.492395
27,structure_22.bpseq,0.469295,-22.199720
27,structure_3.bpseq,0.847821,-6.871240
27,structure_5.bpseq,0.467949,-14.768080
27,structure_8.bpseq,0.639591,-12.353930
28,structure_11.bpseq,0.447514,-7.599078
28,structure_13.bpseq,0.583907,-10.625560
28,structure_15.bpseq,0.382745,-15.040880
28,structure_17.bpseq,0.654497,-5.339810
28,structure_19.bpseq,0.462005,-15.964470
28,structure_21.bpseq,0.228262,-15.412090
28,structure_23.bpseq,0.469295,-17.678590
28,structure_3.bpseq,0.516364,-12.281150
28,structure_6.bpseq,0.393682,-12.519170
28,structure_8.bpseq,0.707586,-10.797870
29,structure_11.bpseq,0.631422,-13.529650
29,structure_13.bpseq,0.216824,-12.241660
29,structure_18.bpseq,0.376521,-18.197170
29,structure_2.bpseq,0.694745,-10.918720
29,structure_20.bpseq,0.336361,-20.397070
29,structure_22.bpseq,0.149370,-16.123590
29,structure_24.bpseq,0.390891,-24.223070
29,structure_5.bpseq,0.570076,-14.942020
29,structure_7.bpseq,0.410532,-15.624870
29,structure_9.bpseq,0.370685,-13.270870
30,structure_1.bpseq,0.450346,-6.146990
30,structure_11.bpseq,0.526005,-19.536090
30,structure_13.bpseq,0.176502,-17.740260
30,structure_14.bpseq,0.469584,-18.476490
30,structure_15.bpseq,0.359800,-10.603540
30,structure_16.bpseq,0.359512,-18.886690
30,structure_17.bpseq,0.418049,-17.985790
30,structure_3.bpseq,0.605465,-15.079000
30,structure_5.bpseq,0.441922,-9.395430
30,structure_8.bpseq,0.563538,-14.514270
31,structure_1.bpseq,0.726202,-8.682990
31,structure_12.bpseq,0.533224,-9.958350
31,structure_16.bpseq,0.533224,-10.353260
31,structure_19.bpseq,0.525397,-14.601280
31,structure_21.bpseq,0.451205,-16.310440
31,structure_23.bpseq,0.451819,-16.499520
31,structure_26.bpseq,0.533224,-15.144840
31,structure_29.bpseq,0.328924,-19.449280
31,structure_6.bpseq,0.886390,-8.490770
31,structure_9.bpseq,0.520633,-15.654030
32,structure_1.bpseq,0.972933,-3.536600
32,structure_10.bpseq,0.583907,-12.011250
32,structure_13.bpseq,0.598404,-11.273780
32,structure_14.bpseq,0.575176,-13.952760
32,structure_15.bpseq,0.444380,-11.708680
32,structure_17.bpseq,0.362775,-19.994350
32,structure_19.bpseq,0.537240,-18.871620
32,structure_3.bpseq,0.605541,-12.027010
32,structure_6.bpseq,0.821537,-9.530180
32,structure_8.bpseq,0.647479,-12.749050
33,structure_1.bpseq,0.556980,-8.570890
33,structure_12.bpseq,0.358981,-14.716510
33,structure_15.bpseq,0.372711,-15.534800
33,structure_17.bpseq,0.740554,-11.010980
33,structure_19.bpseq,0.364394,-16.799070
33,structure_21.bpseq,0.583090,-17.217870
33,structure_3.bpseq,0.824596,-9.575730
33,structure_5.bpseq,0.443981,-8.456830
33,structure_7.bpseq,0.449082,-7.853650
33,structure_9.bpseq,0.639104,-11.005470
34,structure_1.bpseq,0.844746,-7.724300
34,structure_11.bpseq,0.581567,-13.922810
34,structure_13.bpseq,0.430823,-17.996670
34,structure_14.bpseq,0.414928,-17.123530
34,structure_15.bpseq,0.415078,-18.535850
34,structure_2.bpseq,0.945840,-5.263790
34,structure_3.bpseq,0.597034,-6.679250
34,structure_4.bpseq,0.670419,-10.669490
34,structure_6.bpseq,0.676190,-10.837440
34,structure_9.bpseq,0.640065,-12.964785
35,structure_11.bpseq,0.638144,-12.311910
35,structure_14.bpseq,0.471899,-16.734170
35,structure_17.bpseq,0.620101,-16.309100
35,structure_2.bpseq,0.472688,-9.191940
35,structure_20.bpseq,0.235560,-16.128230
35,structure_22.bpseq,0.616123,-18.462440
35,structure_24.bpseq,0.470254,-15.658150
35,structure_4.bpseq,0.472688,-11.517210
35,structure_7.bpseq,0.651220,-9.200600
35,structure_9.bpseq,0.492054,-10.467000
36,structure_1.bpseq,0.973381,-3.443000
36,structure_12.bpseq,0.592656,-7.604030
36,structure_14.bpseq,0.641453,-10.142970
36,structure_16.bpseq,0.636002,-9.675410
36,structure_18.bpseq,0.645597,-12.283900
36,structure_2.bpseq,0.409606,-11.772220
36,structure_20.bpseq,0.607774,-12.107940
36,structure_4.bpseq,0.573966,-13.405930
36,structure_6.bpseq,0.729532,-4.423900
36,structure_9.bpseq,0.613385,-10.009040
37,structure_11.bpseq,0.818729,-10.750550
37,structure_14.bpseq,0.587093,-14.469550
37,structure_16.bpseq,0.522193,-12.339440
37,structure_19.bpseq,0.408056,-11.379460
37,structure_2.bpseq,0.622472,-9.288560
37,structure_21.bpseq,0.462972,-15.824660
37,structure_23.bpseq,0.628571,-17.899730
37,structure_4.bpseq,0.781560,-10.802710
37,structure_6.bpseq,0.584632,-9.248100
37,structure_8.bpseq,0.655875,-7.983030
38,structure_1.bpseq,0.534503,-6.680430
38,structure_12.bpseq,0.592606,-14.312412
38,structure_14.bpseq,0.568732,-15.428410
38,structure_16.bpseq,0.382255,-11.151280
38,structure_18.bpseq,0.624155,-16.100180
38,structure_20.bpseq,0.435682,-17.795890
38,structure_3.bpseq,0.585176,-6.467420
38,structure_5.bpseq,0.749664,-11.910920
38,structure_7.bpseq,0.583992,-7.862970
38,structure_9.bpseq,0.358085,-16.505100
39,structure_1.bpseq,0.869473,-14.151110
39,structure_10.bpseq,0.634630,-16.249910
39,structure_11.bpseq,0.484466,-17.326310
39,structure_3.bpseq,0.564327,-12.521920
39,structure_4.bpseq,0.592061,-10.306270
39,structure_5.bpseq,0.576533,-14.501010
39,structure_6.bpseq,0.391345,-13.139370
39,structure_7.bpseq,0.512267,-11.698990
39,structure_8.bpseq,0.650338,-11.117540
39,structure_9.bpseq,0.659270,-14.494610
40,structure_1.bpseq,0.845078,-7.845386
40,structure_11.bpseq,0.420338,-12.864980
40,structure_14.bpseq,0.476486,-14.582070
40,structure_16.bpseq,0.519391,-15.241280
40,structure_17.bpseq,0.666159,-12.944660
40,structure_18.bpseq,0.430398,-17.658220
40,structure_20.bpseq,0.603876,-14.516050
40,structure_4.bpseq,0.524806,-8.944596
40,structure_6.bpseq,0.313940,-9.188640
40,structure_8.bpseq,0.510306,-11.817300
41,structure_1.bpseq,0.632831,-7.481419
41,structure_12.bpseq,0.323579,-9.143980
41,structure_14.bpseq,0.324653,-17.935680
41,structure_16.bpseq,0.398343,-12.204780
41,structure_19.bpseq,0.150175,-13.560510
41,structure_22.bpseq,0.659611,-13.493500
41,structure_24.bpseq,0.514119,-18.702580
41,structure_4.bpseq,0.392473,-9.073380
41,structure_7.bpseq,0.781171,-9.712660
41,structure_9.bpseq,0.807927,-10.562890
42,structure_1.bpseq,0.678368,-5.583870
42,structure_10.bpseq,0.679741,-11.201090
42,structure_12.bpseq,0.615530,-10.511170
42,structure_13.bpseq,0.683670,-12.671930
42,structure_2.bpseq,1.000000,-6.360840
42,structure_3.bpseq,0.468791,-8.085780
42,structure_4.bpseq,0.471579,-12.708930
42,structure_6.bpseq,0.286429,-14.782060
42,structure_7.bpseq,0.723697,-9.447300
42,structure_9.bpseq,0.551521,-18.399760
43,structure_1.bpseq,0.972456,-6.708350
43,structure_11.bpseq,0.581973,-11.731400
43,structure_13.bpseq,0.172180,-16.457360
43,structure_15.bpseq,0.330237,-13.135230
43,structure_17.bpseq,0.579262,-16.846070
43,structure_19.bpseq,0.519764,-15.429706
43,structure_21.bpseq,0.496834,-22.410050
43,structure_4.bpseq,0.158435,-10.262970
43,structure_6.bpseq,0.542477,-10.152810
43,structure_8.bpseq,0.192059,-11.427730
44,structure_1.bpseq,0.765402,-6.282330
44,structure_10.bpseq,0.532485,-10.688918
44,structure_12.bpseq,0.599623,-14.621480
44,structure_14.bpseq,0.530126,-13.323090
44,structure_16.bpseq,0.223974,-17.842460
44,structure_18.bpseq,0.219288,-16.537150
44,structure_3.bpseq,0.508740,-10.309588
44,structure_4.bpseq,0.508740,-10.284972
44,structure_5.bpseq,0.610866,-8.229230
44,structure_7.bpseq,0.554560,-6.952640
45,structure_1.bpseq,0.972789,-7.527020
45,structure_11.bpseq,0.429648,-11.265520
45,structure_13.bpseq,0.149370,-18.674260
45,structure_16.bpseq,0.226941,-9.619320
45,structure_18.bpseq,0.465124,-8.771110
45,structure_20.bpseq,0.584515,-14.867120
45,structure_22.bpseq,0.413253,-19.314160
45,structure_4.bpseq,0.618750,-7.751160
45,structure_6.bpseq,0.587093,-16.171960
45,structure_8.bpseq,0.243505,-10.139950
46,structure_1.bpseq,0.766767,-10.301970
46,structure_10.bpseq,0.822072,-9.376361
46,structure_12.bpseq,0.488800,-9.154538
46,structure_14.bpseq,0.453183,-15.736740
46,structure_16.bpseq,0.823644,-14.586020
46,structure_18.bpseq,0.394564,-14.377110
46,structure_20.bpseq,0.193378,-19.274390
46,structure_4.bpseq,0.419267,-6.779120
46,structure_6.bpseq,0.633489,-12.399460
46,structure_8.bpseq,0.204032,-15.570330
47,structure_1.bpseq,0.285714,-7.624540
47,structure_11.bpseq,0.493927,-11.599550
47,structure_12.bpseq,0.265263,-13.524570
47,structure_13.bpseq,0.504279,-14.094550
47,structure_16.bpseq,0.430162,-16.663170
47,structure_3.bpseq,0.396251,-11.226400
47,structure_4.bpseq,0.265479,-12.880910
47,structure_7.bpseq,0.288689,-17.578270
47,structure_8.bpseq,0.654672,-6.675910
47,structure_9.bpseq,0.542234,-15.042210
48,structure_1.bpseq,0.828226,-3.890800
48,structure_11.bpseq,0.592283,-12.320150
48,structure_13.bpseq,0.222312,-21.119570
48,structure_15.bpseq,0.600098,-10.339990
48,structure_17.bpseq,0.411271,-17.394500
48,structure_20.bpseq,0.435345,-21.245070
48,structure_3.bpseq,0.557878,-6.110740
48,structure_5.bpseq,0.539045,-7.228840
48,structure_7.bpseq,0.577840,-5.817550
48,structure_9.bpseq,0.329998,-14.591140
49,structure_1.bpseq,0.942755,-3.119610
49,structure_10.bpseq,0.602986,-11.513740
49,structure_11.bpseq,0.622166,-12.544400
49,structure_12.bpseq,0.555847,-9.674946
49,structure_13.bpseq,0.535215,-15.813040
49,structure_14.bpseq,0.708333,-14.069790
49,structure_3.bpseq,0.764111,-6.815200
49,structure_6.bpseq,0.645833,-7.633180
49,structure_7.bpseq,0.763889,-8.275349
49,structure_8.bpseq,0.663543,-6.405090
50,structure_10.bpseq,0.367102,-11.560970
50,structure_11.bpseq,0.385413,-12.909810
50,structure_12.bpseq,0.129651,-14.204860
50,structure_13.bpseq,0.343043,-14.686620
50,structure_2.bpseq,0.531497,-8.589990
50,structure_3.bpseq,0.969612,-9.043260
50,structure_4.bpseq,0.425464,-9.092530
50,structure_5.bpseq,0.425464,-9.922940
50,structure_6.bpseq,0.696691,-9.339690
50,structure_9.bpseq,0.526060,-10.774990
51,structure_1.bpseq,0.929638,-5.544220
51,structure_11.bpseq,0.718750,-12.944800
51,structure_13.bpseq,0.376096,-18.634320
51,structure_15.bpseq,0.382436,-12.652580
51,structure_17.bpseq,0.624274,-9.450410
51,structure_20.bpseq,0.382436,-14.774050
51,structure_22.bpseq,0.183509,-21.889100
51,structure_3.bpseq,0.572121,-5.379100
51,structure_7.bpseq,0.745677,-9.010140
51,structure_9.bpseq,0.775000,-10.040637
52,structure_11.bpseq,0.573199,-9.675270
52,structure_13.bpseq,0.331870,-17.018460
52,structure_16.bpseq,0.524150,-12.795860
52,structure_18.bpseq,0.528987,-14.535260
52,structure_2.bpseq,0.576513,-7.202800
52,structure_21.bpseq,0.403092,-13.114860
52,structure_23.bpseq,0.437655,-13.216860
52,structure_4.bpseq,0.336036,-9.725690
52,structure_6.bpseq,0.550225,-8.093120
52,structure_9.bpseq,0.576513,-9.285640
53,structure_1.bpseq,0.506648,-6.109604
53,structure_10.bpseq,0.462681,-15.209410
53,structure_12.bpseq,0.662623,-12.531370
53,structure_14.bpseq,0.673193,-12.882820
53,structure_16.bpseq,0.247298,-15.106630
53,structure_18.bpseq,0.478945,-15.521280
53,structure_20.bpseq,0.681597,-12.055670
53,structure_3.bpseq,0.254627,-7.996030
53,structure_5.bpseq,0.238698,-11.863780
53,structure_8.bpseq,0.474642,-10.868890
54,structure_1.bpseq,0.288620,-10.118380
54,structure_12.bpseq,0.346394,-12.781970
54,structure_14.bpseq,0.125508,-13.871840
54,structure_16.bpseq,0.169730,-13.693140
54,structure_18.bpseq,0.141130,-12.731630
54,structure_3.bpseq,0.357851,-11.734920
54,structure_4.bpseq,0.281718,-14.816240
54,structure_5.bpseq,0.939155,-13.194400
54,structure_7.bpseq,0.426841,-13.820540
54,structure_9.bpseq,0.588875,-10.512970
55,structure_10.bpseq,0.659394,-10.300510
55,structure_11.bpseq,0.184896,-7.074950
55,structure_13.bpseq,0.602986,-13.822240
55,structure_16.bpseq,0.355370,-20.185960
55,structure_19.bpseq,0.298101,-18.503260
55,structure_2.bpseq,0.648659,-5.257609
55,structure_5.bpseq,0.367709,-13.781930
55,structure_7.bpseq,0.518228,-8.948400
55,structure_8.bpseq,0.539893,-10.761270
55,structure_9.bpseq,0.359978,-18.331060
56,structure_1.bpseq,0.691924,-5.542110
56,structure_10.bpseq,0.390424,-12.284396
56,structure_12.bpseq,0.595238,-16.450500
56,structure_14.bpseq,0.679146,-16.733950
56,structure_17.bpseq,0.234784,-24.949400
56,structure_2.bpseq,0.638630,-7.314380
56,structure_3.bpseq,0.407841,-7.236300
56,structure_4.bpseq,0.217962,-8.907560
56,structure_5.bpseq,0.518898,-11.595134
56,structure_8.bpseq,0.692939,-11.580488
57,structure_1.bpseq,0.910663,-9.495650
57,structure_10.bpseq,0.783910,-16.044010
57,structure_12.bpseq,0.447140,-10.868820
57,structure_13.bpseq,0.383564,-14.821110
57,structure_3.bpseq,0.207230,-8.809560
57,structure_4.bpseq,0.450445,-11.064900
57,structure_5.bpseq,0.611582,-10.354140
57,structure_6.bpseq,0.634630,-11.008290
57,structure_7.bpseq,0.481024,-12.000050
57,structure_9.bpseq,0.404493,-12.049740
58,structure_1.bpseq,0.943086,-5.034590
58,structure_11.bpseq,0.735450,-8.571850
58,structure_13.bpseq,0.455290,-13.718030
58,structure_17.bpseq,0.700054,-12.906380
58,structure_21.bpseq,0.719353,-8.354640
58,structure_24.bpseq,0.757336,-13.370540
58,structure_26.bpseq,0.437192,-14.803188
58,structure_28.bpseq,0.691394,-14.255921
58,structure_3.bpseq,0.756662,-5.283720
58,structure_7.bpseq,0.668004,-10.205630
59,structure_1.bpseq,0.915209,-8.535100
59,structure_10.bpseq,0.520955,-17.439780
59,structure_13.bpseq,0.638738,-16.258520
59,structure_18.bpseq,0.477824,-16.283570
59,structure_20.bpseq,0.516118,-19.497114
59,structure_23.bpseq,0.692210,-19.831400
59,structure_25.bpseq,0.566459,-23.047370
59,structure_3.bpseq,0.844124,-16.120920
59,structure_5.bpseq,0.588192,-11.072260
59,structure_8.bpseq,0.759689,-9.149030
60,structure_1.bpseq,0.347183,-7.368740
60,structure_12.bpseq,0.192808,-13.412170
60,structure_13.bpseq,0.350884,-12.482580
60,structure_14.bpseq,0.530997,-10.506990
60,structure_15.bpseq,0.730024,-15.582580
60,structure_16.bpseq,0.180693,-12.107550
60,structure_18.bpseq,0.173140,-15.345980
60,structure_3.bpseq,0.850365,-10.685540
60,structure_6.bpseq,0.510323,-8.509550
60,structure_9.bpseq,0.579572,-12.106570
61,structure_11.bpseq,0.428903,-13.680280
61,structure_13.bpseq,0.622360,-10.374720
61,structure_16.bpseq,0.619118,-13.686440
61,structure_18.bpseq,0.378140,-12.814400
61,structure_2.bpseq,0.392136,-7.069100
61,structure_20.bpseq,0.503795,-14.976050
61,structure_22.bpseq,0.607315,-15.563560
61,structure_3.bpseq,1.000000,-8.989450
61,structure_5.bpseq,0.400077,-18.843390
61,structure_8.bpseq,0.529746,-12.030860
62,structure_1.bpseq,0.753546,-4.047890
62,structure_10.bpseq,0.478467,-9.131070
62,structure_13.bpseq,0.213028,-14.147080
62,structure_16.bpseq,0.597562,-15.749040
62,structure_18.bpseq,0.380477,-13.600490
62,structure_19.bpseq,0.619170,-11.838991
62,structure_20.bpseq,0.655080,-10.620901
62,structure_3.bpseq,0.580096,-8.119180
62,structure_5.bpseq,0.791457,-8.201970
62,structure_7.bpseq,0.449082,-9.382350
63,structure_1.bpseq,1.000000,-6.768020
63,structure_10.bpseq,0.543748,-8.342010
63,structure_11.bpseq,0.704246,-12.567810
63,structure_12.bpseq,0.613607,-15.146350
63,structure_13.bpseq,0.380273,-13.075730
63,structure_15.bpseq,0.674751,-10.336840
63,structure_16.bpseq,0.272872,-9.690710
63,structure_18.bpseq,0.503678,-11.027760
63,structure_4.bpseq,0.639876,-9.236200
63,structure_7.bpseq,0.684637,-9.252650
64,structure_1.bpseq,0.834077,-11.429850
64,structure_11.bpseq,0.741191,-13.382720
64,structure_14.bpseq,0.388297,-15.470830
64,structure_17.bpseq,0.618889,-15.803230
64,structure_19.bpseq,0.527714,-14.201060
64,structure_21.bpseq,0.454044,-18.992630
64,structure_3.bpseq,0.675412,-11.827760
64,structure_5.bpseq,0.448676,-11.827550
64,structure_7.bpseq,0.491394,-11.312570
64,structure_9.bpseq,0.526207,-11.505970
65,structure_1.bpseq,0.946910,-4.511350
65,structure_10.bpseq,0.492054,-12.879480
65,structure_13.bpseq,0.631810,-15.507560
65,structure_16.bpseq,0.441949,-17.415860
65,structure_17.bpseq,0.483254,-15.739280
65,structure_18.bpseq,0.405099,-13.283089
65,structure_21.bpseq,0.542775,-18.190270
65,structure_3.bpseq,0.674662,-5.672560
65,structure_6.bpseq,0.791713,-11.321400
65,structure_8.bpseq,0.459131,-14.024590
66,structure_1.bpseq,0.939481,-6.457480
66,structure_11.bpseq,0.631593,-13.670980
66,structure_13.bpseq,0.676777,-12.495370
66,structure_15.bpseq,0.546977,-13.592230
66,structure_17.bpseq,0.377834,-14.832990
66,structure_20.bpseq,0.401153,-15.722690
66,structure_22.bpseq,0.531250,-16.637420
66,structure_5.bpseq,0.590784,-8.346450
66,structure_7.bpseq,0.669918,-9.968950
66,structure_9.bpseq,0.595080,-10.735950
67,structure_1.bpseq,0.376365,-4.831600
67,structure_12.bpseq,0.571440,-7.400670
67,structure_14.bpseq,0.190430,-13.824440
67,structure_16.bpseq,0.169209,-8.319680
67,structure_17.bpseq,0.441279,-15.689870
67,structure_19.bpseq,0.231457,-19.230780
67,structure_4.bpseq,0.400634,-5.637370
67,structure_6.bpseq,0.742202,-7.831410
67,structure_8.bpseq,0.169309,-11.137289
67,structure_9.bpseq,0.637982,-10.601755
68,structure_11.bpseq,0.716295,-9.124180
68,structure_14.bpseq,0.235560,-14.325320
68,structure_16.bpseq,0.425805,-16.921480
68,structure_18.bpseq,0.462480,-19.225420
68,structure_2.bpseq,0.918646,-6.542000
68,structure_20.bpseq,0.361856,-15.225490
68,structure_4.bpseq,0.638144,-7.560410
68,structure_5.bpseq,0.636002,-10.411990
68,structure_7.bpseq,0.595099,-11.510700
68,structure_9.bpseq,0.628700,-14.652590
69,structure_12.bpseq,0.447576,-12.253390
69,structure_14.bpseq,0.633489,-13.437160
69,structure_17.bpseq,0.412928,-13.971780
69,structure_19.bpseq,0.447576,-17.825200
69,structure_2.bpseq,0.535689,-9.792450
69,structure_21.bpseq,0.212950,-16.333110
69,structure_23.bpseq,0.455963,-17.340500
69,structure_4.bpseq,0.379573,-10.868660
69,structure_7.bpseq,0.567735,-8.068320
69,structure_9.bpseq,0.551675,-13.923010
70,structure_1.bpseq,0.910384,-9.256648
70,structure_12.bpseq,0.615338,-13.589460
70,structure_14.bpseq,0.581951,-17.003780
70,structure_16.bpseq,0.180199,-16.717530
70,structure_18.bpseq,0.314753,-18.180710
70,structure_2.bpseq,0.668982,-10.718537
70,structure_20.bpseq,0.295476,-23.715350
70,structure_5.bpseq,0.417276,-8.967910
70,structure_7.bpseq,0.444042,-6.591070
70,structure_9.bpseq,0.387055,-16.386250
71,structure_12.bpseq,0.478467,-9.038370
71,structure_13.bpseq,0.414642,-8.285610
71,structure_14.bpseq,0.168082,-15.557940
71,structure_16.bpseq,0.448755,-13.348390
71,structure_19.bpseq,0.358981,-13.666650
71,structure_2.bpseq,0.947214,-7.808660
71,structure_3.bpseq,0.500000,-7.442610
71,structure_4.bpseq,0.583090,-11.273610
71,structure_7.bpseq,0.178467,-11.537626
71,structure_9.bpseq,0.192059,-12.836000
72,structure_1.bpseq,0.840917,-5.859040
72,structure_11.bpseq,0.202556,-10.765920
72,structure_12.bpseq,0.156684,-13.754630
72,structure_14.bpseq,0.386655,-17.113090
72,structure_16.bpseq,0.375394,-17.194090
72,structure_18.bpseq,0.435412,-19.503350
72,structure_2.bpseq,0.552347,-13.971240
72,structure_3.bpseq,0.914174,-7.606903
72,structure_6.bpseq,0.128595,-19.627850
72,structure_9.bpseq,0.142025,-22.841550
73,structure_12.bpseq,0.605167,-11.857230
73,structure_14.bpseq,0.497008,-17.522830
73,structure_16.bpseq,0.387156,-17.866130
73,structure_18.bpseq,0.397672,-13.139270
73,structure_19.bpseq,0.544281,-13.889730
73,structure_2.bpseq,0.388297,-8.391330
73,structure_3.bpseq,0.633253,-8.568190
73,structure_4.bpseq,0.383635,-10.211580
73,structure_7.bpseq,0.556773,-10.141720
73,structure_9.bpseq,0.406838,-10.921240
74,structure_1.bpseq,0.908284,-8.118160
74,structure_11.bpseq,0.762069,-9.491530
74,structure_13.bpseq,0.511008,-9.306600
74,structure_15.bpseq,0.585954,-13.922820
74,structure_17.bpseq,0.546034,-14.183470
74,structure_20.bpseq,0.287430,-17.670430
74,structure_23.bpseq,0.462057,-19.572830
74,structure_4.bpseq,0.520660,-10.921720
74,structure_6.bpseq,0.509614,-12.209490
74,structure_9.bpseq,0.520761,-15.666710
75,structure_1.bpseq,0.668201,-2.234100
75,structure_12.bpseq,0.611003,-14.685190
75,structure_13.bpseq,0.610665,-16.448260
75,structure_14.bpseq,0.671311,-14.538790
75,structure_16.bpseq,0.686283,-15.749320
75,structure_19.bpseq,0.731950,-14.141240
75,structure_2.bpseq,1.000000,-8.028220
75,structure_4.bpseq,0.490415,-8.303870
75,structure_7.bpseq,0.711025,-13.828010
75,structure_9.bpseq,0.218228,-11.474017
76,structure_1.bpseq,0.747537,-15.035420
76,structure_11.bpseq,0.438020,-10.914180
76,structure_13.bpseq,0.411655,-13.084240
76,structure_15.bpseq,0.379479,-17.872210
76,structure_17.bpseq,0.562017,-15.364410
76,structure_20.bpseq,0.411411,-13.533880
76,structure_23.bpseq,0.413289,-12.250540
76,structure_3.bpseq,0.549576,-6.694214
76,structure_5.bpseq,0.634615,-9.194360
76,structure_8.bpseq,0.728733,-12.396140
77,structure_12.bpseq,0.574354,-10.731800
77,structure_13.bpseq,0.417959,-11.731150
77,structure_15.bpseq,0.411316,-12.517700
77,structure_16.bpseq,0.455719,-10.411690
77,structure_17.bpseq,0.564464,-12.512630
77,structure_2.bpseq,0.739667,-13.791800
77,structure_20.bpseq,0.548330,-14.847420
77,structure_4.bpseq,0.399251,-9.408470
77,structure_6.bpseq,0.460820,-10.866240
77,structure_9.bpseq,0.614587,-11.874370
78,structure_11.bpseq,0.102990,-15.873170
78,structure_12.bpseq,0.381463,-9.612200
78,structure_13.bpseq,0.566227,-16.444730
78,structure_14.bpseq,0.549670,-11.649380
78,structure_15.bpseq,0.542484,-15.484610
78,structure_2.bpseq,0.609927,-6.197530
78,structure_4.bpseq,0.590875,-8.677522
78,structure_5.bpseq,0.153182,-12.047770
78,structure_7.bpseq,0.735702,-11.658600
78,structure_9.bpseq,0.665567,-11.577500
79,structure_10.bpseq,0.455963,-10.075022
79,structure_12.bpseq,0.633489,-9.818674
79,structure_15.bpseq,0.643717,-10.673560
79,structure_17.bpseq,0.583907,-12.679570
79,structure_21.bpseq,0.590922,-11.761510
79,structure_23.bpseq,0.393387,-15.616690
79,structure_25.bpseq,0.201954,-14.916020
79,structure_28.bpseq,0.519674,-12.043900
79,structure_4.bpseq,0.796906,-9.244338
79,structure_8.bpseq,0.533704,-9.912680
80,structure_1.bpseq,0.926749,-7.117555
80,structure_11.bpseq,0.722693,-11.672300
80,structure_13.bpseq,0.462764,-11.401270
80,structure_15.bpseq,0.655188,-7.739400
80,structure_17.bpseq,0.546034,-17.548760
80,structure_20.bpseq,0.605843,-11.915770
80,structure_23.bpseq,0.500000,-13.042680
80,structure_4.bpseq,0.606406,-8.119530
80,structure_6.bpseq,0.765705,-10.262560
80,structure_9.bpseq,0.757601,-9.310660
81,structure_10.bpseq,0.649083,-10.176610
81,structure_12.bpseq,0.667469,-12.045790
81,structure_14.bpseq,0.713750,-12.158370
81,structure_17.bpseq,0.659081,-15.974404
81,structure_19.bpseq,0.293395,-16.858664
81,structure_2.bpseq,0.630995,-8.314300
81,structure_23.bpseq,0.588730,-15.031930
81,structure_25.bpseq,0.670499,-15.812548
81,structure_5.bpseq,0.406341,-15.513554
81,structure_8.bpseq,0.592777,-8.236110
82,structure_11.bpseq,0.607103,-13.691850
82,structure_13.bpseq,0.668839,-10.319672
82,structure_15.bpseq,0.443865,-15.516360
82,structure_17.bpseq,0.618101,-14.006250
82,structure_19.bpseq,0.173273,-15.168200
82,structure_2.bpseq,0.626964,-15.398530
82,structure_4.bpseq,0.607869,-13.178590
82,structure_5.bpseq,0.167058,-7.007030
82,structure_6.bpseq,0.375028,-11.427361
82,structure_8.bpseq,0.822072,-12.565900
83,structure_10.bpseq,0.581368,-8.350380
83,structure_13.bpseq,0.632934,-9.638380
83,structure_16.bpseq,0.591377,-11.754841
83,structure_18.bpseq,0.196217,-14.989680
83,structure_2.bpseq,0.589274,-6.555660
83,structure_21.bpseq,0.630926,-13.515440
83,structure_23.bpseq,0.179340,-18.706510
83,structure_25.bpseq,0.596560,-13.140200
83,structure_5.bpseq,0.589274,-12.881060
83,structure_7.bpseq,0.186795,-11.963020
84,structure_1.bpseq,0.403502,-7.892590
84,structure_11.bpseq,0.597039,-12.464770
84,structure_13.bpseq,0.586066,-15.217470
84,structure_15.bpseq,0.487930,-11.580110
84,structure_2.bpseq,0.627870,-6.895230
84,structure_3.bpseq,0.773772,-11.733230
84,structure_6.bpseq,0.800002,-8.385700
84,structure_7.bpseq,0.610516,-10.997370
84,structure_8.bpseq,0.624175,-10.806860
84,structure_9.bpseq,0.430495,-13.793900
85,structure_1.bpseq,0.652837,-4.462880
85,structure_10.bpseq,0.397767,-9.753920
85,structure_11.bpseq,0.591944,-13.029060
85,structure_12.bpseq,0.448272,-8.715510
85,structure_14.bpseq,0.568108,-8.344330
85,structure_16.bpseq,0.408056,-7.956161
85,structure_19.bpseq,0.206123,-14.435590
85,structure_21.bpseq,0.359141,-17.545590
85,structure_4.bpseq,0.651186,-5.170530
85,structure_7.bpseq,0.235425,-10.934230
86,structure_1.bpseq,1.000000,-9.725790
86,structure_11.bpseq,0.454200,-8.569690
86,structure_14.bpseq,0.621165,-11.687710
86,structure_16.bpseq,0.377662,-14.429190
86,structure_3.bpseq,0.643267,-9.166310
86,structure_4.bpseq,0.491428,-10.947040
86,structure_5.bpseq,0.352427,-9.032600
86,structure_6.bpseq,0.430871,-9.392340
86,structure_7.bpseq,0.198535,-9.949530
86,structure_9.bpseq,0.157441,-15.792690
87,structure_10.bpseq,0.621779,-11.632900
87,structure_12.bpseq,0.415064,-13.636547
87,structure_13.bpseq,0.321529,-10.379580
87,structure_15.bpseq,0.580090,-16.486880
87,structure_17.bpseq,0.824186,-13.791992
87,structure_19.bpseq,0.690032,-13.922653
87,structure_2.bpseq,0.341511,-9.123770
87,structure_21.bpseq,0.498465,-18.717900
87,structure_5.bpseq,0.532731,-18.936450
87,structure_7.bpseq,0.396699,-15.036491
88,structure_11.bpseq,0.573966,-14.904150
88,structure_13.bpseq,0.612960,-14.371950
88,structure_15.bpseq,0.660171,-8.963894
88,structure_17.bpseq,0.209831,-10.700300
88,structure_19.bpseq,0.483628,-14.630410
88,structure_2.bpseq,0.837719,-9.071717
88,structure_22.bpseq,0.440716,-19.584870
88,structure_4.bpseq,0.608465,-8.962306
88,structure_6.bpseq,0.432878,-7.436220
88,structure_9.bpseq,0.621221,-11.131290
89,structure_1.bpseq,0.929863,-3.426880
89,structure_10.bpseq,0.673723,-13.466996
89,structure_13.bpseq,0.623271,-12.006353
89,structure_16.bpseq,0.627646,-15.551890
89,structure_18.bpseq,0.551031,-14.535000
89,structure_20.bpseq,0.225415,-16.153840
89,structure_21.bpseq,0.568008,-19.406940
89,structure_3.bpseq,0.725282,-7.052400
89,structure_5.bpseq,0.751674,-9.412190
89,structure_8.bpseq,0.553574,-7.699860
90,structure_1.bpseq,0.792009,-13.363380
90,structure_2.bpseq,0.690136,-10.841340
90,structure_3.bpseq,0.148981,-7.768570
90,structure_4.bpseq,0.678618,-9.438450
90,structure_5.bpseq,0.605781,-21.387270
90,structure_6.bpseq,0.421080,-14.888050
90,structure_7.bpseq,0.174419,-12.869090
90,structure_8.bpseq,0.390762,-18.382770
91,structure_10.bpseq,0.396193,-9.703310
91,structure_11.bpseq,0.413257,-9.490830
91,structure_14.bpseq,0.520236,-14.164050
91,structure_15.bpseq,0.605843,-14.450340
91,structure_2.bpseq,0.130726,-9.553840
91,structure_4.bpseq,0.940517,-9.269430
91,structure_6.bpseq,0.738379,-11.537810
91,structure_7.bpseq,0.411653,-8.716280
91,structure_8.bpseq,0.579393,-6.866020
91,structure_9.bpseq,0.585739,-10.658870
92,structure_11.bpseq,0.642915,-14.602760
92,structure_12.bpseq,0.617851,-15.141700
92,structure_13.bpseq,0.393444,-10.788470
92,structure_16.bpseq,0.214412,-10.953200
92,structure_18.bpseq,0.593659,-10.628790
92,structure_2.bpseq,0.650998,-5.115250
92,structure_21.bpseq,0.403502,-23.381900
92,structure_5.bpseq,0.359512,-9.181383
92,structure_7.bpseq,0.167433,-15.023550
92,structure_9.bpseq,0.636154,-12.551580
93,structure_1.bpseq,0.797406,-6.241440
93,structure_10.bpseq,0.620949,-7.126610
93,structure_14.bpseq,0.595099,-8.748980
93,structure_16.bpseq,0.446796,-16.023500
93,structure_18.bpseq,0.593842,-10.487090
93,structure_20.bpseq,0.470379,-14.806420
93,structure_22.bpseq,0.635185,-18.128600
93,structure_25.bpseq,0.417414,-15.839170
93,structure_4.bpseq,0.777185,-5.773990
93,structure_7.bpseq,0.619118,-7.832480
94,structure_1.bpseq,0.586470,-7.176260
94,structure_11.bpseq,0.639591,-12.214480
94,structure_13.bpseq,0.161842,-13.684240
94,structure_16.bpseq,0.454957,-14.211730
94,structure_19.bpseq,0.513368,-23.304360
94,structure_21.bpseq,0.533566,-14.624210
94,structure_3.bpseq,0.712238,-9.684530
94,structure_5.bpseq,0.534560,-10.390900
94,structure_7.bpseq,0.469295,-12.417800
94,structure_9.bpseq,0.616743,-16.561660
95,structure_1.bpseq,0.500000,-4.998710
95,structure_10.bpseq,0.372951,-10.233700
95,structure_12.bpseq,0.298246,-13.452690
95,structure_2.bpseq,0.910206,-8.024049
95,structure_3.bpseq,0.698971,-10.477090
95,structure_4.bpseq,0.529617,-10.339730
95,structure_5.bpseq,0.615185,-7.412300
95,structure_6.bpseq,0.615185,-13.327350
95,structure_7.bpseq,0.652823,-11.851530
95,structure_9.bpseq,0.503678,-17.100410
96,structure_11.bpseq,0.798115,-11.109660
96,structure_13.bpseq,0.632831,-14.223120
96,structure_16.bpseq,0.161842,-12.024040
96,structure_18.bpseq,0.196699,-13.453860
96,structure_2.bpseq,0.918116,-10.112360
96,structure_20.bpseq,0.587535,-20.154560
96,structure_22.bpseq,0.419830,-21.227360
96,structure_24.bpseq,0.160666,-15.392800
96,structure_4.bpseq,0.612396,-5.530190
96,structure_7.bpseq,0.705404,-12.767040
97,structure_10.bpseq,0.589406,-10.360552
97,structure_13.bpseq,0.590922,-7.489270
97,structure_15.bpseq,0.534364,-12.201550
97,structure_17.bpseq,0.461555,-14.491350
97,structure_19.bpseq,0.527078,-11.709890
97,structure_2.bpseq,0.616366,-8.314100
97,structure_21.bpseq,0.400545,-14.309620
97,structure_23.bpseq,0.424415,-20.882400
97,structure_4.bpseq,0.805515,-8.162440
97,structure_8.bpseq,0.593876,-12.901460
98,structure_10.bpseq,0.747537,-10.446670
98,structure_11.bpseq,0.230047,-13.013860
98,structure_13.bpseq,0.599800,-11.080920
98,structure_15.bpseq,0.226139,-15.217340
98,structure_17.bpseq,0.706534,-12.021140
98,structure_19.bpseq,0.424118,-16.122070
98,structure_2.bpseq,0.472795,-9.408790
98,structure_5.bpseq,0.595238,-15.885030
98,structure_7.bpseq,0.623916,-13.171390
98,structure_9.bpseq,0.457639,-13.445590
99,structure_12.bpseq,0.536333,-14.741920
99,structure_13.bpseq,0.432961,-12.630368
99,structure_14.bpseq,0.222819,-14.615330
99,structure_2.bpseq,0.918707,-6.195360
99,structure_3.bpseq,0.773492,-7.782190
99,structure_4.bpseq,0.619619,-5.403460
99,structure_6.bpseq,0.585072,-6.066600
99,structure_7.bpseq,0.413267,-14.782310
99,structure_8.bpseq,0.336303,-10.640100
99,structure_9.bpseq,0.374690,-12.905833
100,structure_1.bpseq,0.769390,-5.864940
100,structure_12.bpseq,0.590167,-9.544080
100,structure_14.bpseq,0.658114,-12.891480
100,structure_16.bpseq,0.453568,-14.957700
100,structure_19.bpseq,0.222472,-12.257708
100,structure_21.bpseq,0.461344,-19.760280
100,structure_24.bpseq,0.504909,-19.195730
100,structure_4.bpseq,0.725395,-10.678464
100,structure_6.bpseq,0.396910,-8.747690
100,structure_9.bpseq,0.376002,-13.208890
101,structure_10.bpseq,0.451150,-12.790190
101,structure_13.bpseq,0.591122,-9.105580
101,structure_15.bpseq,0.403567,-11.707740
101,structure_17.bpseq,0.400545,-14.831090
101,structure_19.bpseq,0.575176,-15.285440
101,structure_2.bpseq,0.573248,-10.827490
101,structure_4.bpseq,0.719143,-12.558540
101,structure_6.bpseq,0.639591,-10.334280
101,structure_7.bpseq,0.524922,-9.317750
101,structure_8.bpseq,0.501556,-13.195060
102,structure_1.bpseq,0.750621,-6.171960
102,structure_10.bpseq,0.487981,-10.344260
102,structure_12.bpseq,0.470824,-10.234310
102,structure_14.bpseq,0.502477,-12.666320
102,structure_16.bpseq,0.566188,-13.125250
102,structure_3.bpseq,0.690628,-9.965650
102,structure_4.bpseq,0.670419,-6.179310
102,structure_5.bpseq,0.648767,-10.535690
102,structure_7.bpseq,0.597034,-12.481700
102,structure_8.bpseq,0.194370,-8.658000
103,structure_1.bpseq,1.000000,-5.814167
103,structure_10.bpseq,0.325894,-8.241820
103,structure_15.bpseq,0.639591,-10.512680
103,structure_17.bpseq,0.543681,-9.749290
103,structure_19.bpseq,0.575176,-11.540570
103,structure_21.bpseq,0.401596,-14.592300
103,structure_24.bpseq,0.388141,-12.295030
103,structure_26.bpseq,0.298013,-18.040140
103,structure_5.bpseq,0.376816,-11.428870
103,structure_7.bpseq,0.586073,-9.846570
104,structure_1.bpseq,0.694745,-6.107000
104,structure_10.bpseq,0.498303,-14.425620
104,structure_13.bpseq,0.336428,-15.684320
104,structure_16.bpseq,0.355662,-12.978210
104,structure_19.bpseq,0.211325,-18.658190
104,structure_22.bpseq,0.325287,-18.438700
104,structure_3.bpseq,0.681239,-15.963530
104,structure_4.bpseq,0.393750,-7.831290
104,structure_5.bpseq,0.400000,-9.632445
104,structure_7.bpseq,0.498303,-13.679650
105,structure_10.bpseq,0.460052,-5.603190
105,structure_11.bpseq,0.512740,-15.927410
105,structure_13.bpseq,0.349122,-14.069470
105,structure_16.bpseq,0.435478,-10.023430
105,structure_18.bpseq,0.397477,-20.795340
105,structure_19.bpseq,0.483484,-17.448600
105,structure_2.bpseq,0.516020,-15.652750
105,structure_4.bpseq,0.433494,-19.377520
105,structure_6.bpseq,0.433494,-12.003495
105,structure_8.bpseq,0.381194,-16.002140
106,structure_1.bpseq,0.970815,-5.488305
106,structure_12.bpseq,0.410602,-10.552650
106,structure_14.bpseq,0.667857,-12.457970
106,structure_15.bpseq,0.667857,-9.797700
106,structure_17.bpseq,0.590278,-11.399980
106,structure_18.bpseq,0.617851,-11.004470
106,structure_19.bpseq,0.647067,-11.205570
106,structure_4.bpseq,0.552937,-9.312830
106,structure_6.bpseq,0.425000,-10.618240
106,structure_9.bpseq,0.500000,-8.816290
107,structure_1.bpseq,0.973985,-6.680490
107,structure_10.bpseq,0.355048,-13.005180
107,structure_12.bpseq,0.653520,-14.861140
107,structure_14.bpseq,0.173537,-14.183790
107,structure_17.bpseq,0.635239,-10.827950
107,structure_20.bpseq,0.638743,-15.237570
107,structure_25.bpseq,0.580002,-12.610730
107,structure_3.bpseq,0.720956,-9.139570
107,structure_6.bpseq,0.554554,-9.358030
107,structure_8.bpseq,0.144509,-15.433070
108,structure_1.bpseq,0.500000,-7.506170
108,structure_11.bpseq,0.409091,-13.606000
108,structure_15.bpseq,0.733737,-9.605960
108,structure_18.bpseq,0.621924,-12.444630
108,structure_20.bpseq,0.462972,-16.698510
108,structure_23.bpseq,0.618750,-13.614830
108,structure_25.bpseq,0.165572,-14.636520
108,structure_28.bpseq,0.372568,-12.305950
108,structure_4.bpseq,0.146447,-9.691420
108,structure_7.bpseq,0.126227,-9.245630
109,structure_11.bpseq,0.653718,-11.055567
109,structure_13.bpseq,0.151534,-13.709750
109,structure_17.bpseq,0.564870,-13.063170
109,structure_19.bpseq,0.548194,-14.186050
109,structure_2.bpseq,0.881550,-12.956560
109,structure_22.bpseq,0.600186,-16.690050
109,structure_24.bpseq,0.601541,-17.620410
109,structure_4.bpseq,0.587266,-6.940230
109,structure_7.bpseq,0.810596,-11.563650
109,structure_9.bpseq,0.582199,-10.293621
110,structure_10.bpseq,0.576878,-15.218180
110,structure_13.bpseq,0.614668,-17.555470
110,structure_15.bpseq,0.485263,-12.677905
110,structure_17.bpseq,0.643247,-15.885210
110,structure_19.bpseq,0.503847,-12.926009
110,structure_2.bpseq,0.620797,-6.701000
110,structure_21.bpseq,0.409149,-15.370660
110,structure_5.bpseq,0.510127,-14.614840
110,structure_7.bpseq,0.457773,-12.765620
110,structure_8.bpseq,0.265695,-15.090470
111,structure_10.bpseq,0.396662,-16.053460
111,structure_12.bpseq,0.534898,-17.187860
111,structure_14.bpseq,0.603282,-14.740982
111,structure_16.bpseq,0.537037,-18.514000
111,structure_2.bpseq,0.394591,-12.945130
111,structure_20.bpseq,0.429071,-16.915150
111,structure_22.bpseq,0.543292,-16.495000
111,structure_24.bpseq,0.359416,-21.507590
111,structure_6.bpseq,0.639178,-10.955940
111,structure_8.bpseq,0.568966,-13.380850
112,structure_1.bpseq,0.514452,-6.991930
112,structure_10.bpseq,0.344439,-9.956890
112,structure_11.bpseq,0.621829,-11.449370
112,structure_14.bpseq,0.480898,-13.890790
112,structure_17.bpseq,0.602796,-12.692220
112,structure_19.bpseq,0.123295,-16.441700
112,structure_3.bpseq,0.276702,-9.871040
112,structure_5.bpseq,0.968943,-10.969910
112,structure_6.bpseq,0.355274,-12.086770
112,structure_9.bpseq,0.750958,-15.061720
113,structure_1.bpseq,0.800784,-8.397950
113,structure_11.bpseq,0.407699,-10.157510
113,structure_13.bpseq,0.555242,-13.522380
113,structure_15.bpseq,0.465098,-16.243347
113,structure_17.bpseq,0.605603,-13.881440
113,structure_19.bpseq,0.519437,-13.936880
113,structure_21.bpseq,0.607149,-12.855520
113,structure_4.bpseq,0.438530,-9.322090
113,structure_6.bpseq,0.775520,-7.155960
113,structure_9.bpseq,0.670677,-8.286190
114,structure_1.bpseq,0.941708,-9.905490
114,structure_10.bpseq,0.675159,-11.207010
114,structure_11.bpseq,0.773525,-14.140210
114,structure_12.bpseq,0.594175,-11.972180
114,structure_13.bpseq,0.632483,-12.124340
114,structure_15.bpseq,0.186487,-13.081050
114,structure_18.bpseq,0.401682,-18.827380
114,structure_3.bpseq,0.516841,-12.190110
114,structure_5.bpseq,0.740856,-14.066000
114,structure_7.bpseq,0.634234,-10.223210
115,structure_1.bpseq,1.000000,-5.384930
115,structure_11.bpseq,0.652101,-10.528890
115,structure_13.bpseq,0.595440,-9.808260
115,structure_16.bpseq,0.356897,-15.381640
115,structure_18.bpseq,0.370165,-10.095560
115,structure_20.bpseq,0.794277,-10.123260
115,structure_24.bpseq,0.727772,-12.457550
115,structure_26.bpseq,0.594071,-10.814580
115,structure_4.bpseq,0.623000,-10.942060
115,structure_9.bpseq,0.443924,-13.088230
116,structure_1.bpseq,0.834902,-12.657730
116,structure_10.bpseq,0.519274,-13.021040
116,structure_12.bpseq,0.310352,-13.384670
116,structure_13.bpseq,0.642181,-13.750870
116,structure_14.bpseq,0.498183,-13.017610
116,structure_17.bpseq,0.169764,-13.952670
116,structure_19.bpseq,0.661777,-17.244070
116,structure_4.bpseq,0.572124,-10.044220
116,structure_6.bpseq,0.747040,-14.995170
116,structure_8.bpseq,0.407596,-9.042660
117,structure_15.bpseq,0.200778,-15.110039
117,structure_18.bpseq,0.639648,-13.641360
117,structure_23.bpseq,0.793702,-20.657660
117,structure_26.bpseq,0.527015,-15.637492
117,structure_31.bpseq,0.559162,-19.040020
117,structure_34.bpseq,0.177221,-22.797000
117,structure_37.bpseq,0.136537,-26.277800
117,structure_39.bpseq,0.198573,-27.479000
117,structure_5.bpseq,0.500000,-10.735430
117,structure_9.bpseq,0.407572,-18.412660
118,structure_10.bpseq,0.372173,-15.932260
118,structure_14.bpseq,0.331738,-22.246726
118,structure_17.bpseq,0.420870,-18.533060
118,structure_2.bpseq,0.757479,-9.478100
118,structure_22.bpseq,0.180199,-24.630290
118,structure_30.bpseq,0.162983,-24.490650
118,structure_33.bpseq,0.176285,-25.607380
118,structure_37.bpseq,0.320249,-22.283125
118,structure_39.bpseq,0.446859,-25.994310
118,structure_5.bpseq,0.702113,-13.390580
119,structure_11.bpseq,0.500000,-13.919900
119,structure_20.bpseq,0.675484,-18.646800
119,structure_23.bpseq,0.500000,-12.488600
119,structure_29.bpseq,0.406983,-19.983300
119,structure_31.bpseq,0.416376,-22.428200
119,structure_38.bpseq,0.141751,-30.131770
119,structure_4.bpseq,0.871429,-11.956800
119,structure_41.bpseq,0.629859,-20.489600
119,structure_43.bpseq,0.343851,-24.490000
119,structure_9.bpseq,0.784495,-10.537100
120,structure_11.bpseq,0.249384,-16.179360
120,structure_13.bpseq,0.247032,-19.498280
120,structure_17.bpseq,0.232739,-23.419060
120,structure_19.bpseq,0.301586,-19.176580
120,structure_2.bpseq,0.601852,-8.377000
120,structure_23.bpseq,0.207551,-24.160250
120,structure_25.bpseq,0.174149,-22.820501
120,structure_29.bpseq,0.227569,-23.122190
120,structure_6.bpseq,0.662502,-12.642800
120,structure_8.bpseq,0.207551,-15.219260
121,structure_1.bpseq,0.584218,-23.649920
121,structure_25.bpseq,0.603098,-31.704800
121,structure_33.bpseq,0.634697,-26.925700
121,structure_36.bpseq,0.623271,-23.716870
121,structure_4.bpseq,0.618425,-30.177800
121,structure_41.bpseq,0.490146,-28.381900
121,structure_51.bpseq,0.607059,-27.204700
121,structure_73.bpseq,0.622229,-28.271500
121,structure_84.bpseq,0.473165,-27.708700
121,structure_97.bpseq,0.595700,-33.981300
122,structure_1.bpseq,0.539917,-27.754000
122,structure_26.bpseq,0.541691,-41.481800
122,structure_30.bpseq,0.535364,-30.705900
122,structure_33.bpseq,0.497521,-36.822900
122,structure_52.bpseq,0.568625,-35.271800
122,structure_54.bpseq,0.555405,-40.457000
122,structure_65.bpseq,0.539511,-39.712100
122,structure_77.bpseq,0.522988,-39.724200
122,structure_84.bpseq,0.453129,-42.253800
122,structure_93.bpseq,0.535110,-42.320400
123,structure_17.bpseq,0.676744,-21.804450
123,structure_24.bpseq,0.604782,-25.692100
123,structure_32.bpseq,0.680407,-25.328410
123,structure_42.bpseq,0.717976,-19.806100
123,structure_46.bpseq,0.694641,-24.452370
123,structure_58.bpseq,0.597663,-24.504550
123,structure_71.bpseq,0.639601,-27.804650
123,structure_83.bpseq,0.542257,-28.162650
123,structure_89.bpseq,0.663449,-27.036060
123,structure_97.bpseq,0.519715,-32.212830
124,structure_14.bpseq,0.693634,-19.196400
124,structure_18.bpseq,0.688323,-17.807800
124,structure_23.bpseq,0.523758,-23.678500
124,structure_37.bpseq,0.634203,-29.112100
124,structure_40.bpseq,0.552877,-26.977300
124,structure_44.bpseq,0.493432,-25.217000
124,structure_46.bpseq,0.296141,-29.726100
124,structure_54.bpseq,0.380735,-36.068100
124,structure_60.bpseq,0.436595,-32.824900
124,structure_7.bpseq,0.681536,-20.028800
125,structure_1.bpseq,0.550689,-5.176800
125,structure_10.bpseq,0.664649,-14.171800
125,structure_15.bpseq,0.420024,-16.341700
125,structure_33.bpseq,0.582753,-25.192820
125,structure_38.bpseq,0.593951,-24.409620
125,structure_41.bpseq,0.516248,-29.956660
125,structure_43.bpseq,0.489903,-25.010570
125,structure_46.bpseq,0.306493,-23.441730
125,structure_49.bpseq,0.192556,-23.144640
125,structure_5.bpseq,0.624389,-12.496500
126,structure_13.bpseq,0.615169,-26.018700
126,structure_34.bpseq,0.620353,-25.395000
126,structure_40.bpseq,0.444708,-25.726200
126,structure_48.bpseq,0.652944,-22.767500
126,structure_52.bpseq,0.529883,-32.850300
126,structure_6.bpseq,0.640683,-23.184900
126,structure_62.bpseq,0.470146,-33.583300
126,structure_69.bpseq,0.375122,-29.078300
126,structure_72.bpseq,0.262804,-27.101700
126,structure_74.bpseq,0.269978,-22.884300
127,structure_1.bpseq,0.860179,-6.795200
127,structure_11.bpseq,0.676399,-19.444500
127,structure_15.bpseq,0.466203,-25.707550
127,structure_25.bpseq,0.516517,-23.751680
127,structure_30.bpseq,0.400786,-21.855050
127,structure_33.bpseq,0.626091,-18.053500
127,structure_4.bpseq,0.792304,-9.316700
127,structure_40.bpseq,0.402511,-26.184200
127,structure_42.bpseq,0.192424,-28.388780
127,structure_6.bpseq,0.411312,-16.582000
128,structure_11.bpseq,0.459707,-22.972520
128,structure_15.bpseq,0.582905,-16.267390
128,structure_23.bpseq,0.607417,-21.310090
128,structure_27.bpseq,0.491883,-20.688040
128,structure_32.bpseq,0.726366,-20.716270
128,structure_34.bpseq,0.666619,-20.766990
128,structure_43.bpseq,0.596334,-17.151895
128,structure_46.bpseq,0.483763,-27.258210
128,structure_53.bpseq,0.427780,-28.163400
128,structure_55.bpseq,0.188040,-30.846100
129,structure_10.bpseq,0.411859,-14.204820
129,structure_14.bpseq,0.596939,-13.538770
129,structure_19.bpseq,0.637399,-15.590580
129,structure_22.bpseq,0.613889,-16.477060
129,structure_3.bpseq,0.550669,-17.589649
129,structure_30.bpseq,0.469493,-19.031237
129,structure_42.bpseq,0.589984,-26.187420
129,structure_44.bpseq,0.398997,-26.944590
129,structure_47.bpseq,0.552734,-27.826810
129,structure_6.bpseq,0.575546,-8.889700
130,structure_1.bpseq,0.590967,-16.296930
130,structure_19.bpseq,0.625228,-16.139270
130,structure_25.bpseq,0.248161,-15.176840
130,structure_27.bpseq,0.409939,-17.018500
130,structure_31.bpseq,0.531269,-18.478880
130,structure_34.bpseq,0.235013,-16.404760
130,structure_43.bpseq,0.367646,-20.047700
130,structure_55.bpseq,0.478146,-20.887300
130,structure_7.bpseq,0.620428,-16.319210
130,structure_9.bpseq,0.449510,-15.422150
131,structure_13.bpseq,0.401286,-21.506050
131,structure_15.bpseq,0.611047,-18.204500
131,structure_22.bpseq,0.402871,-19.163490
131,structure_27.bpseq,0.641432,-20.481350
131,structure_4.bpseq,0.397229,-13.782530
131,structure_40.bpseq,0.584427,-18.891880
131,structure_42.bpseq,0.216240,-22.277750
131,structure_48.bpseq,0.639528,-20.894650
131,structure_53.bpseq,0.330345,-23.101850
131,structure_8.bpseq,0.449510,-14.824270
132,structure_10.bpseq,0.452173,-16.088820
132,structure_15.bpseq,0.666441,-19.013580
132,structure_17.bpseq,0.406527,-12.634160
132,structure_2.bpseq,0.649931,-13.078060
132,structure_20.bpseq,0.533493,-19.728180
132,structure_22.bpseq,0.439284,-25.357780
132,structure_28.bpseq,0.481784,-22.030480
132,structure_30.bpseq,0.258435,-17.832680
132,structure_5.bpseq,0.778985,-12.677440
132,structure_7.bpseq,0.604350,-16.233030
133,structure_12.bpseq,0.390234,-20.653370
133,structure_15.bpseq,0.616956,-17.586010
133,structure_18.bpseq,0.628757,-15.968740
133,structure_24.bpseq,0.466800,-15.065940
133,structure_27.bpseq,0.453894,-19.740570
133,structure_3.bpseq,0.626258,-21.578590
133,structure_31.bpseq,0.467735,-15.990750
133,structure_42.bpseq,0.195851,-27.745800
133,structure_46.bpseq,0.237231,-20.516070
133,structure_7.bpseq,0.632881,-17.762260
134,structure_18.bpseq,0.408267,-21.472590
134,structure_22.bpseq,0.343072,-16.696950
134,structure_30.bpseq,0.420490,-21.298570
134,structure_35.bpseq,0.201402,-19.731070
134,structure_38.bpseq,0.405834,-19.671610
134,structure_40.bpseq,0.514241,-18.294640
134,structure_42.bpseq,0.251071,-21.196440
134,structure_46.bpseq,0.500373,-18.538960
134,structure_51.bpseq,0.638689,-24.961100
134,structure_9.bpseq,0.585607,-22.108010
135,structure_11.bpseq,0.232596,-17.696330
135,structure_15.bpseq,0.205229,-20.886380
135,structure_18.bpseq,0.295080,-16.538190
135,structure_2.bpseq,0.715682,-15.990700
135,structure_20.bpseq,0.215156,-18.828220
135,structure_22.bpseq,0.536662,-15.845012
135,structure_32.bpseq,0.246915,-29.809800
135,structure_36.bpseq,0.234849,-26.883100
135,structure_4.bpseq,0.253542,-16.626370
135,structure_9.bpseq,0.544668,-15.953820
136,structure_11.bpseq,0.398395,-12.465954
136,structure_16.bpseq,0.560521,-10.235080
136,structure_19.bpseq,0.207881,-17.204730
136,structure_2.bpseq,0.738568,-11.660590
136,structure_21.bpseq,0.478587,-13.603175
136,structure_30.bpseq,0.346335,-16.219690
136,structure_35.bpseq,0.251102,-23.506100
136,structure_41.bpseq,0.246292,-18.063950
136,structure_46.bpseq,0.428949,-25.325000
136,structure_9.bpseq,0.398395,-11.566520
137,structure_15.bpseq,0.660256,-15.329110
137,structure_24.bpseq,0.253458,-17.796240
137,structure_27.bpseq,0.207501,-14.443973
137,structure_29.bpseq,0.670915,-16.574780
137,structure_31.bpseq,0.446052,-20.872600
137,structure_34.bpseq,0.440394,-24.364500
137,structure_42.bpseq,0.447347,-21.237210
137,structure_44.bpseq,0.567637,-23.452970
137,structure_5.bpseq,0.525395,-11.572690
137,structure_9.bpseq,0.445376,-20.431730
138,structure_1.bpseq,0.869907,-9.989610
138,structure_11.bpseq,0.464751,-11.801910
138,structure_14.bpseq,0.411994,-20.278870
138,structure_17.bpseq,0.391964,-17.637330
138,structure_22.bpseq,0.601274,-17.516810
138,structure_25.bpseq,0.632099,-20.682890
138,structure_3.bpseq,0.592911,-10.273090
138,structure_31.bpseq,0.550429,-22.680980
138,structure_39.bpseq,0.414099,-28.651400
138,structure_7.bpseq,0.523631,-16.816060
139,structure_11.bpseq,0.611957,-14.273500
139,structure_18.bpseq,0.774648,-15.113400
139,structure_20.bpseq,0.633669,-14.262350
139,structure_28.bpseq,0.812276,-16.874700
139,structure_3.bpseq,0.751883,-13.327040
139,structure_34.bpseq,0.553414,-18.980810
139,structure_38.bpseq,0.503223,-17.359589
139,structure_41.bpseq,0.610424,-22.903250
139,structure_44.bpseq,0.569171,-19.475770
139,structure_8.bpseq,0.658201,-14.501950
140,structure_11.bpseq,0.521678,-18.369330
140,structure_15.bpseq,0.413630,-14.825890
140,structure_17.bpseq,0.568502,-15.886980
140,structure_2.bpseq,0.446526,-11.554470
140,structure_24.bpseq,0.465068,-20.814240
140,structure_27.bpseq,0.352650,-21.610840
140,structure_45.bpseq,0.551430,-23.569240
140,structure_48.bpseq,0.423517,-20.126840
140,structure_6.bpseq,0.430980,-11.508070
140,structure_9.bpseq,0.547327,-15.488350
141,structure_10.bpseq,0.406838,-17.642230
141,structure_14.bpseq,0.385124,-16.913090
141,structure_18.bpseq,0.463556,-17.804740
141,structure_32.bpseq,0.427262,-16.405780
141,structure_37.bpseq,0.463064,-19.630400
141,structure_43.bpseq,0.249773,-25.039900
141,structure_47.bpseq,0.451423,-26.907800
141,structure_5.bpseq,0.455603,-13.391580
141,structure_51.bpseq,0.332576,-19.795100
141,structure_55.bpseq,0.259890,-21.118500
142,structure_1.bpseq,0.791773,-8.680000
142,structure_18.bpseq,0.614511,-15.967600
142,structure_23.bpseq,0.638742,-17.803913
142,structure_26.bpseq,0.432629,-14.140980
142,structure_28.bpseq,0.216218,-15.747100
142,structure_39.bpseq,0.614867,-19.660737
142,structure_43.bpseq,0.220492,-15.732050
142,structure_49.bpseq,0.603892,-19.193691
142,structure_51.bpseq,0.590110,-22.781670
142,structure_9.bpseq,0.206378,-10.828220
143,structure_12.bpseq,0.852497,-11.442270
143,structure_14.bpseq,0.501971,-17.933570
143,structure_2.bpseq,0.516927,-10.822760
143,structure_20.bpseq,0.530132,-14.667320
143,structure_23.bpseq,0.740511,-14.882770
143,structure_29.bpseq,0.571035,-17.655520
143,structure_33.bpseq,0.673458,-14.154400
143,structure_37.bpseq,0.544309,-19.383980
143,structure_47.bpseq,0.468780,-23.654840
143,structure_9.bpseq,0.525249,-14.520730
144,structure_12.bpseq,0.609653,-16.387530
144,structure_14.bpseq,0.455614,-14.721640
144,structure_19.bpseq,0.744538,-15.108210
144,structure_28.bpseq,0.654289,-16.619970
144,structure_33.bpseq,0.479712,-16.378050
144,structure_4.bpseq,0.698016,-8.698700
144,structure_42.bpseq,0.490929,-22.101400
144,structure_46.bpseq,0.462988,-22.394590
144,structure_53.bpseq,0.633333,-23.114230
144,structure_8.bpseq,0.648744,-13.231490
145,structure_13.bpseq,0.428294,-12.119930
145,structure_22.bpseq,0.543791,-20.079720
145,structure_24.bpseq,0.500000,-18.992320
145,structure_27.bpseq,0.585580,-19.450020
145,structure_29.bpseq,0.681719,-19.881570
145,structure_3.bpseq,0.822774,-8.592910
145,structure_33.bpseq,0.415478,-19.693070
145,structure_40.bpseq,0.477107,-24.104930
145,structure_5.bpseq,0.822774,-12.861370
145,structure_7.bpseq,0.651566,-15.758150
146,structure_13.bpseq,0.762625,-18.117940
146,structure_16.bpseq,0.675015,-13.409100
146,structure_2.bpseq,0.908653,-7.037300
146,structure_20.bpseq,0.723483,-15.059730
146,structure_27.bpseq,0.691248,-18.420900
146,structure_36.bpseq,0.465594,-22.196966
146,structure_40.bpseq,0.233019,-26.279790
146,structure_46.bpseq,0.489945,-19.858320
146,structure_48.bpseq,0.422912,-20.960416
146,structure_9.bpseq,0.609653,-16.140360
147,structure_12.bpseq,0.611957,-17.157670
147,structure_15.bpseq,0.448961,-27.716980
147,structure_19.bpseq,0.450157,-25.282152
147,structure_22.bpseq,0.410447,-19.114910
147,structure_25.bpseq,0.373153,-27.670760
147,structure_3.bpseq,0.684635,-12.532700
147,structure_43.bpseq,0.596652,-24.997223
147,structure_50.bpseq,0.196512,-34.388460
147,structure_6.bpseq,0.440671,-15.814300
147,structure_9.bpseq,0.442939,-16.406810
148,structure_16.bpseq,0.366566,-16.725290
148,structure_21.bpseq,0.335529,-16.376700
148,structure_23.bpseq,0.489431,-15.859270
148,structure_25.bpseq,0.383526,-21.770880
148,structure_27.bpseq,0.502552,-20.243930
148,structure_31.bpseq,0.623782,-17.273810
148,structure_33.bpseq,0.530157,-18.445616
148,structure_36.bpseq,0.369976,-24.650070
148,structure_45.bpseq,0.541583,-27.242760
148,structure_8.bpseq,0.447643,-23.962920
149,structure_14.bpseq,0.397753,-12.997640
149,structure_16.bpseq,0.416761,-15.734220
149,structure_2.bpseq,0.902735,-10.484500
149,structure_20.bpseq,0.385813,-17.650600
149,structure_24.bpseq,0.424298,-14.611320
149,structure_30.bpseq,0.455064,-19.717570
149,structure_34.bpseq,0.436132,-16.850820
149,structure_37.bpseq,0.419650,-17.780180
149,structure_40.bpseq,0.506113,-17.401010
149,structure_50.bpseq,0.430993,-19.666010
150,structure_14.bpseq,0.656908,-12.617300
150,structure_2.bpseq,0.685801,-18.458700
150,structure_27.bpseq,0.525767,-18.218540
150,structure_29.bpseq,0.677778,-17.118780
150,structure_31.bpseq,0.580303,-20.458820
150,structure_36.bpseq,0.535143,-24.158744
150,structure_38.bpseq,0.503678,-20.931100
150,structure_55.bpseq,0.537238,-23.428310
150,structure_57.bpseq,0.462812,-26.695730
150,structure_62.bpseq,0.524767,-22.370460
151,structure_1.bpseq,0.817533,-10.103200
151,structure_16.bpseq,0.600471,-21.386210
151,structure_25.bpseq,0.337232,-22.673400
151,structure_28.bpseq,0.371103,-21.115997
151,structure_37.bpseq,0.432364,-20.869022
151,structure_46.bpseq,0.454818,-23.938190
151,structure_49.bpseq,0.444229,-29.925220
151,structure_52.bpseq,0.379532,-32.155900
151,structure_54.bpseq,0.426787,-29.206100
151,structure_9.bpseq,0.576927,-18.175680
152,structure_11.bpseq,0.429878,-18.231730
152,structure_16.bpseq,0.372030,-21.187500
152,structure_18.bpseq,0.351146,-20.078130
152,structure_2.bpseq,0.658371,-11.942500
152,structure_23.bpseq,0.235471,-19.843750
152,structure_26.bpseq,0.361874,-21.022380
152,structure_35.bpseq,0.339023,-27.763980
152,structure_41.bpseq,0.405455,-20.052130
152,structure_45.bpseq,0.370888,-20.763980
152,structure_48.bpseq,0.454220,-29.277800
153,structure_1.bpseq,0.870382,-9.321000
153,structure_13.bpseq,0.657055,-19.782925
153,structure_23.bpseq,0.400315,-24.715150
153,structure_29.bpseq,0.426298,-24.844400
153,structure_34.bpseq,0.374763,-25.710150
153,structure_36.bpseq,0.515170,-23.488060
153,structure_40.bpseq,0.506715,-29.947290
153,structure_45.bpseq,0.448570,-24.453040
153,structure_48.bpseq,0.517194,-24.429930
153,structure_7.bpseq,0.439880,-25.016570
154,structure_11.bpseq,0.603510,-12.139170
154,structure_14.bpseq,0.635756,-19.677070
154,structure_22.bpseq,0.558748,-23.281950
154,structure_26.bpseq,0.181232,-17.326500
154,structure_31.bpseq,0.537347,-24.356800
154,structure_37.bpseq,0.483796,-18.676260
154,structure_39.bpseq,0.457641,-19.940900
154,structure_42.bpseq,0.604749,-21.959410
154,structure_46.bpseq,0.598214,-27.177100
154,structure_6.bpseq,0.586747,-12.288970
155,structure_11.bpseq,0.397310,-21.380130
155,structure_13.bpseq,0.561709,-22.332190
155,structure_15.bpseq,0.199624,-15.653770
155,structure_19.bpseq,0.541093,-14.664400
155,structure_24.bpseq,0.502672,-17.347450
155,structure_28.bpseq,0.544768,-18.422280
155,structure_34.bpseq,0.355819,-26.074300
155,structure_4.bpseq,0.583014,-12.518104
155,structure_41.bpseq,0.340062,-21.281390
155,structure_44.bpseq,0.338631,-17.639460
156,structure_11.bpseq,0.518824,-18.760100
156,structure_15.bpseq,0.496025,-25.234470
156,structure_17.bpseq,0.345702,-12.702770
156,structure_2.bpseq,0.830453,-11.664690
156,structure_21.bpseq,0.647103,-17.766740
156,structure_25.bpseq,0.411594,-15.719130
156,structure_30.bpseq,0.385096,-20.110840
156,structure_38.bpseq,0.376837,-20.650030
156,structure_40.bpseq,0.651739,-23.531490
156,structure_44.bpseq,0.153692,-20.873480
157,structure_10.bpseq,0.349030,-17.626060
157,structure_15.bpseq,0.615735,-14.630160
157,structure_18.bpseq,0.523127,-18.059840
157,structure_21.bpseq,0.351745,-18.902190
157,structure_25.bpseq,0.506819,-19.795980
157,structure_27.bpseq,0.159559,-22.117060
157,structure_3.bpseq,0.337500,-19.725980
157,structure_31.bpseq,0.312470,-21.384010
157,structure_47.bpseq,0.463751,-25.094800
157,structure_50.bpseq,0.477665,-29.645300
158,structure_10.bpseq,0.667999,-20.744990
158,structure_13.bpseq,0.615316,-15.087471
158,structure_24.bpseq,0.332253,-19.827110
158,structure_26.bpseq,0.406440,-17.026420
158,structure_3.bpseq,0.741849,-14.577141
158,structure_33.bpseq,0.404532,-18.781450
158,structure_37.bpseq,0.514265,-17.731150
158,structure_40.bpseq,0.221580,-23.606300
158,structure_48.bpseq,0.495160,-16.809510
158,structure_6.bpseq,0.656582,-13.675560
159,structure_15.bpseq,0.730248,-17.966040
159,structure_2.bpseq,0.332226,-17.100990
159,structure_23.bpseq,0.398637,-15.212730
159,structure_28.bpseq,0.396157,-22.968040
159,structure_35.bpseq,0.423354,-18.376330
159,structure_39.bpseq,0.203072,-21.255690
159,structure_48.bpseq,0.163751,-23.974970
159,structure_51.bpseq,0.394943,-22.653680
159,structure_54.bpseq,0.579556,-24.304800
159,structure_6.bpseq,0.854135,-11.471180
160,structure_11.bpseq,0.655411,-17.758560
160,structure_26.bpseq,0.680662,-18.179520
160,structure_29.bpseq,0.647017,-16.264720
160,structure_31.bpseq,0.423698,-15.865260
160,structure_35.bpseq,0.608251,-17.794720
160,structure_4.bpseq,0.804237,-14.114400
160,structure_40.bpseq,0.550071,-21.561300
160,structure_43.bpseq,0.638292,-23.115900
160,structure_45.bpseq,0.459642,-26.146400
160,structure_53.bpseq,0.508026,-23.541300
161,structure_13.bpseq,0.647488,-17.039307
161,structure_16.bpseq,0.557451,-16.783413
161,structure_19.bpseq,0.697458,-20.535610
161,structure_2.bpseq,0.747941,-13.246580
161,structure_25.bpseq,0.470819,-17.867181
161,structure_34.bpseq,0.655921,-21.561840
161,structure_37.bpseq,0.672326,-16.945476
161,structure_41.bpseq,0.524225,-21.176140
161,structure_45.bpseq,0.583217,-23.571680
161,structure_8.bpseq,0.797856,-15.040280
162,structure_11.bpseq,0.642836,-17.617050
162,structure_16.bpseq,0.358192,-19.893120
162,structure_23.bpseq,0.610581,-21.760620
162,structure_26.bpseq,0.474477,-20.792420
162,structure_28.bpseq,0.373787,-21.380040
162,structure_30.bpseq,0.331387,-21.524550
162,structure_42.bpseq,0.187228,-22.972000
162,structure_44.bpseq,0.413023,-21.316260
162,structure_47.bpseq,0.304815,-18.474260
162,structure_6.bpseq,0.630946,-12.959809
163,structure_12.bpseq,0.643844,-22.262780
163,structure_18.bpseq,0.634874,-21.450510
163,structure_20.bpseq,0.561998,-21.950930
163,structure_24.bpseq,0.633566,-23.896710
163,structure_30.bpseq,0.545771,-24.468260
163,structure_32.bpseq,0.342303,-28.220600
163,structure_37.bpseq,0.176457,-23.296010
163,structure_48.bpseq,0.409416,-28.726500
163,structure_5.bpseq,0.787507,-16.613729
163,structure_7.bpseq,0.720210,-20.105940
164,structure_13.bpseq,0.808697,-14.227660
164,structure_15.bpseq,0.503757,-18.040116
164,structure_20.bpseq,0.156390,-18.456200
164,structure_24.bpseq,0.691375,-17.317350
164,structure_3.bpseq,0.583335,-19.981880
164,structure_30.bpseq,0.326174,-22.858440
164,structure_38.bpseq,0.515851,-24.824860
164,structure_44.bpseq,0.276783,-27.545530
164,structure_50.bpseq,0.372275,-27.230210
164,structure_9.bpseq,0.605213,-22.209250
165,structure_12.bpseq,0.364668,-15.384650
165,structure_14.bpseq,0.537056,-15.173720
165,structure_20.bpseq,0.536505,-20.770960
165,structure_24.bpseq,0.653263,-15.822840
165,structure_29.bpseq,0.370676,-25.567330
165,structure_3.bpseq,0.499098,-15.901810
165,structure_36.bpseq,0.659020,-15.927330
165,structure_38.bpseq,0.550169,-17.137720
165,structure_43.bpseq,0.180770,-26.080400
165,structure_8.bpseq,0.342303,-15.514200
166,structure_12.bpseq,0.525176,-14.183450
166,structure_19.bpseq,0.554052,-19.440780
166,structure_22.bpseq,0.193221,-15.792546
166,structure_29.bpseq,0.286452,-16.249740
166,structure_41.bpseq,0.366448,-25.007320
166,structure_44.bpseq,0.376872,-16.949444
166,structure_46.bpseq,0.331299,-22.885640
166,structure_5.bpseq,0.473281,-20.686110
166,structure_50.bpseq,0.177356,-17.967570
166,structure_8.bpseq,0.412253,-16.546935
167,structure_12.bpseq,0.451959,-38.464800
167,structure_15.bpseq,0.467821,-39.260600
167,structure_36.bpseq,0.428568,-41.404400
167,structure_41.bpseq,0.378142,-46.548400
167,structure_46.bpseq,0.509800,-36.656600
167,structure_5.bpseq,0.422460,-42.976600
167,structure_50.bpseq,0.332299,-37.464500
167,structure_9.bpseq,0.476833,-34.975700
167,structure_90.bpseq,0.410636,-42.311200
167,structure_98.bpseq,0.371793,-45.375200
168,structure_100.bpseq,0.405186,-54.582200
168,structure_13.bpseq,0.465111,-44.642000
168,structure_2.bpseq,0.427418,-43.619000
168,structure_36.bpseq,0.531792,-55.956700
168,structure_38.bpseq,0.494764,-51.253800
168,structure_5.bpseq,0.447951,-49.159600
168,structure_74.bpseq,0.427678,-43.131000
168,structure_80.bpseq,0.400656,-46.104000
168,structure_85.bpseq,0.458395,-56.139900
168,structure_88.bpseq,0.438021,-50.529300
169,structure_12.bpseq,0.744359,-21.223300
169,structure_36.bpseq,0.679297,-21.446500
169,structure_48.bpseq,0.758945,-26.957240
169,structure_51.bpseq,0.743940,-24.493020
169,structure_55.bpseq,0.698533,-27.122770
169,structure_65.bpseq,0.734284,-29.549160
169,structure_72.bpseq,0.661012,-26.887680
169,structure_78.bpseq,0.707708,-24.665860
169,structure_8.bpseq,0.801227,-30.258600
169,structure_93.bpseq,0.684722,-25.517890
170,structure_13.bpseq,0.661036,-34.125060
170,structure_18.bpseq,0.681713,-36.946550
170,structure_31.bpseq,0.639236,-31.861100
170,structure_40.bpseq,0.671041,-32.123900
170,structure_43.bpseq,0.658633,-36.917080
170,structure_50.bpseq,0.685152,-38.886090
170,structure_63.bpseq,0.692029,-34.869390
170,structure_78.bpseq,0.567028,-41.222450
170,structure_89.bpseq,0.645543,-36.569400
170,structure_93.bpseq,0.592720,-46.996900
171,structure_13.bpseq,0.551931,-33.917160
171,structure_2.bpseq,0.780118,-35.193370
171,structure_22.bpseq,0.635257,-38.266790
171,structure_25.bpseq,0.757783,-42.468920
171,structure_42.bpseq,0.475878,-34.155070
171,structure_45.bpseq,0.641844,-47.171600
171,structure_51.bpseq,0.752920,-40.948800
171,structure_56.bpseq,0.784194,-33.235030
171,structure_8.bpseq,0.711919,-40.004500
171,structure_99.bpseq,0.487735,-39.126170
172,structure_3.bpseq,0.734455,-45.303910
172,structure_44.bpseq,0.694102,-53.399900
172,structure_64.bpseq,0.676206,-46.100410
172,structure_66.bpseq,0.670161,-49.318500
172,structure_68.bpseq,0.682027,-48.088110
172,structure_78.bpseq,0.633844,-50.447100
172,structure_84.bpseq,0.710808,-51.924600
172,structure_95.bpseq,0.684575,-47.624670
172,structure_97.bpseq,0.682635,-50.641400
172,structure_99.bpseq,0.694959,-45.665200
173,structure_13.bpseq,0.590197,-45.032100
173,structure_24.bpseq,0.587769,-47.318000
173,structure_26.bpseq,0.618229,-45.961800
173,structure_41.bpseq,0.688335,-29.905600
173,structure_53.bpseq,0.609521,-39.413500
173,structure_6.bpseq,0.691547,-28.662500
173,structure_60.bpseq,0.664178,-35.095100
173,structure_71.bpseq,0.625674,-44.633900
173,structure_80.bpseq,0.594142,-46.979300
173,structure_83.bpseq,0.528479,-42.820700
174,structure_15.bpseq,0.559871,-39.246660
174,structure_2.bpseq,0.616885,-34.930550
174,structure_28.bpseq,0.615786,-41.517340
174,structure_56.bpseq,0.536742,-39.636900
174,structure_6.bpseq,0.756581,-34.180220
174,structure_71.bpseq,0.672320,-48.699400
174,structure_8.bpseq,0.621109,-38.667720
174,structure_86.bpseq,0.615424,-37.809180
174,structure_92.bpseq,0.448939,-47.103400
174,structure_95.bpseq,0.671863,-38.884520
175,structure_15.bpseq,0.803549,-30.571960
175,structure_19.bpseq,0.577246,-37.342000
175,structure_26.bpseq,0.741489,-32.739580
175,structure_60.bpseq,0.685254,-43.078960
175,structure_65.bpseq,0.648139,-39.914580
175,structure_73.bpseq,0.667962,-35.940000
175,structure_76.bpseq,0.721554,-36.550200
175,structure_8.bpseq,0.700982,-42.651870
175,structure_88.bpseq,0.788177,-36.319400
175,structure_97.bpseq,0.632152,-40.048350
176,structure_25.bpseq,0.733803,-34.386130
176,structure_27.bpseq,0.727451,-34.870990
176,structure_39.bpseq,0.709472,-38.587380
176,structure_46.bpseq,0.725615,-40.181200
176,structure_57.bpseq,0.558420,-38.898500
176,structure_69.bpseq,0.681215,-38.237230
176,structure_72.bpseq,0.717816,-38.154040
176,structure_75.bpseq,0.707826,-40.630300
176,structure_77.bpseq,0.664498,-37.888600
176,structure_82.bpseq,0.725424,-34.183870
177,structure_33.bpseq,0.656180,-32.713260
177,structure_37.bpseq,0.565493,-32.085500
177,structure_40.bpseq,0.601743,-36.436600
177,structure_45.bpseq,0.741521,-29.238930
177,structure_52.bpseq,0.647677,-33.409580
177,structure_64.bpseq,0.664628,-27.870240
177,structure_70.bpseq,0.692572,-40.538700
177,structure_74.bpseq,0.612027,-31.100720
177,structure_87.bpseq,0.662548,-35.363900
177,structure_97.bpseq,0.473773,-43.654000
178,structure_17.bpseq,0.575603,-40.907700
178,structure_35.bpseq,0.573763,-49.234200
178,structure_37.bpseq,0.617999,-38.304300
178,structure_48.bpseq,0.512563,-37.588000
178,structure_5.bpseq,0.648056,-43.765500
178,structure_52.bpseq,0.536454,-38.499200
178,structure_58.bpseq,0.650124,-41.077700
178,structure_73.bpseq,0.634404,-50.232600
178,structure_79.bpseq,0.489659,-46.759300
178,structure_98.bpseq,0.556244,-47.408400
179,structure_14.bpseq,0.478938,-42.194200
179,structure_22.bpseq,0.443026,-39.510200
179,structure_51.bpseq,0.483692,-42.863500
179,structure_53.bpseq,0.455610,-31.936700
179,structure_59.bpseq,0.437680,-40.307900
179,structure_65.bpseq,0.574860,-44.745400
179,structure_75.bpseq,0.467461,-37.143600
179,structure_78.bpseq,0.465248,-35.659700
179,structure_85.bpseq,0.576522,-35.762400
179,structure_89.bpseq,0.516639,-38.582900
180,structure_29.bpseq,0.747200,-36.531300
180,structure_36.bpseq,0.672900,-39.303700
180,structure_48.bpseq,0.794958,-38.440600
180,structure_7.bpseq,0.744564,-36.398470
180,structure_70.bpseq,0.858169,-38.268620
180,structure_76.bpseq,0.866667,-32.620560
180,structure_82.bpseq,0.813408,-40.003900
180,structure_85.bpseq,0.852981,-34.366300
180,structure_89.bpseq,0.743329,-43.524500
180,structure_97.bpseq,0.808852,-40.635400
181,structure_28.bpseq,0.498458,-65.388800
181,structure_43.bpseq,0.489841,-70.554900
181,structure_46.bpseq,0.553322,-64.891800
181,structure_53.bpseq,0.570739,-62.026700
181,structure_57.bpseq,0.484922,-69.269800
181,structure_65.bpseq,0.516342,-62.056700
181,structure_73.bpseq,0.615396,-59.474900
181,structure_84.bpseq,0.598369,-59.808600
181,structure_95.bpseq,0.470850,-71.415000
181,structure_97.bpseq,0.534605,-61.223000
182,structure_14.bpseq,0.610418,-31.516990
182,structure_23.bpseq,0.723800,-28.784520
182,structure_39.bpseq,0.671921,-31.179850
182,structure_63.bpseq,0.582491,-33.961990
182,structure_67.bpseq,0.700924,-35.523850
182,structure_70.bpseq,0.508628,-32.614140
182,structure_78.bpseq,0.647560,-40.260500
182,structure_81.bpseq,0.679191,-35.915030
182,structure_85.bpseq,0.588755,-32.297280
182,structure_87.bpseq,0.656234,-28.515040
189,structure_17.bpseq,0.576542,-47.114850
189,structure_21.bpseq,0.658492,-43.587694
189,structure_23.bpseq,0.635200,-35.069400
189,structure_36.bpseq,0.618748,-45.549250
189,structure_38.bpseq,0.602271,-42.644418
189,structure_41.bpseq,0.599409,-38.304870
189,structure_58.bpseq,0.611356,-32.159700
189,structure_60.bpseq,0.589730,-43.221381
189,structure_69.bpseq,0.592578,-43.752910
189,structure_73.bpseq,0.558580,-42.949050
190,structure_1.bpseq,0.785886,-7.495140
190,structure_2.bpseq,0.353615,-10.306030
195,structure_1.bpseq,0.656556,-3.234250
195,structure_2.bpseq,0.179744,-4.368940
195,structure_3.bpseq,0.179744,-2.905990
195,structure_4.bpseq,0.828671,-7.069580
203,structure_1.bpseq,1.000000,-1.411540
203,structure_2.bpseq,0.108325,-5.125975
205,structure_1.bpseq,0.419761,-4.952410
205,structure_10.bpseq,0.541614,-13.921330
205,structure_11.bpseq,0.180390,-16.482310
205,structure_12.bpseq,0.352806,-16.214290
205,structure_2.bpseq,0.727513,-2.707060
205,structure_4.bpseq,0.188195,-13.672400
205,structure_5.bpseq,0.164590,-15.866230
205,structure_6.bpseq,0.155370,-15.402950
205,structure_8.bpseq,0.205743,-15.578040
205,structure_9.bpseq,0.341916,-16.355150
206,structure_1.bpseq,0.929614,-1.794840
206,structure_2.bpseq,0.565621,-8.454420
206,structure_3.bpseq,0.588419,-11.926360
206,structure_4.bpseq,0.572803,-14.764290
206,structure_5.bpseq,0.209019,-13.008080
206,structure_6.bpseq,0.648382,-10.902030
206,structure_7.bpseq,0.200887,-17.322420
206,structure_8.bpseq,0.244031,-10.622750
207,structure_1.bpseq,0.192308,-2.491970
207,structure_2.bpseq,0.358465,-3.276310
209,structure_22.bpseq,0.666562,-70.956860
209,structure_27.bpseq,0.705737,-64.931420
209,structure_45.bpseq,0.685588,-62.687490
209,structure_61.bpseq,0.654679,-64.206100
209,structure_65.bpseq,0.602424,-67.849790
209,structure_7.bpseq,0.695403,-65.129700
209,structure_70.bpseq,0.730133,-60.188660
209,structure_81.bpseq,0.690804,-65.973060
209,structure_89.bpseq,0.774560,-59.782080
209,structure_94.bpseq,0.699766,-64.315610
211,structure_1.bpseq,0.326791,-5.878950
211,structure_2.bpseq,0.100000,-3.412420
211,structure_3.bpseq,0.183772,-4.528590
212,structure_1.bpseq,0.349188,-6.826660
212,structure_2.bpseq,0.038407,-11.723640
215,structure_1.bpseq,0.274362,-3.391870
215,structure_2.bpseq,0.144591,-8.950110
215,structure_3.bpseq,0.368627,-5.103957
215,structure_4.bpseq,0.598182,-4.688760
215,structure_5.bpseq,0.637931,-4.170270
215,structure_6.bpseq,0.391667,-11.352630
215,structure_7.bpseq,0.217670,-13.000020
217,structure_1.bpseq,1.000000,-0.523870
217,structure_2.bpseq,0.045743,-8.822155
222,structure_100.bpseq,0.564676,-55.587800
222,structure_19.bpseq,0.648872,-62.556600
222,structure_30.bpseq,0.673875,-62.469400
222,structure_32.bpseq,0.594500,-57.424900
222,structure_40.bpseq,0.648421,-54.329400
222,structure_55.bpseq,0.627568,-55.955200
222,structure_59.bpseq,0.651844,-49.924200
222,structure_77.bpseq,0.680940,-56.786700
222,structure_86.bpseq,0.651655,-58.650100
222,structure_98.bpseq,0.619022,-57.874500
224,structure_28.bpseq,0.747814,-44.255800
224,structure_32.bpseq,0.465931,-60.813200
224,structure_34.bpseq,0.502222,-59.496900
224,structure_37.bpseq,0.478549,-55.168400
224,structure_57.bpseq,0.505778,-52.014100
224,structure_59.bpseq,0.739657,-50.030900
224,structure_8.bpseq,0.465601,-57.125900
224,structure_80.bpseq,0.803498,-49.763000
224,structure_88.bpseq,0.607491,-65.675000
224,structure_94.bpseq,0.471615,-57.518300
225,structure_1.bpseq,0.191043,-4.028676
225,structure_2.bpseq,1.000000,-1.899356
229,structure_20.bpseq,0.651576,-34.519300
229,structure_33.bpseq,0.763765,-24.315700
229,structure_36.bpseq,0.771544,-25.696800
229,structure_46.bpseq,0.741733,-27.061100
229,structure_48.bpseq,0.557665,-35.234500
229,structure_52.bpseq,0.541979,-35.664300
229,structure_58.bpseq,0.786948,-25.281600
229,structure_67.bpseq,0.714842,-37.243500
229,structure_74.bpseq,0.805211,-32.477000
229,structure_85.bpseq,0.584114,-37.635000
230,structure_100.bpseq,0.276076,-32.688000
230,structure_16.bpseq,0.381283,-35.268830
230,structure_19.bpseq,0.314633,-25.557500
230,structure_25.bpseq,0.293041,-23.244000
230,structure_39.bpseq,0.364970,-31.423000
230,structure_44.bpseq,0.429684,-26.548900
230,structure_46.bpseq,0.453533,-29.009300
230,structure_51.bpseq,0.380209,-25.820100
230,structure_64.bpseq,0.485314,-30.497700
230,structure_79.bpseq,0.383426,-30.465100
231,structure_1.bpseq,0.665765,-7.074260
231,structure_11.bpseq,0.191177,-24.407080
231,structure_13.bpseq,0.203602,-20.193850
231,structure_14.bpseq,0.166178,-20.023010
231,structure_15.bpseq,0.228130,-17.916020
231,structure_16.bpseq,0.213583,-22.022190
231,structure_4.bpseq,0.417260,-14.287090
231,structure_6.bpseq,0.470981,-17.188930
231,structure_8.bpseq,0.513649,-19.652490
231,structure_9.bpseq,0.485714,-14.142810
232,structure_10.bpseq,0.409394,-11.501162
232,structure_13.bpseq,0.430240,-21.675300
232,structure_15.bpseq,0.359956,-15.969790
232,structure_22.bpseq,0.485527,-13.113690
232,structure_24.bpseq,0.340882,-13.993930
232,structure_27.bpseq,0.220285,-17.707480
232,structure_29.bpseq,0.220855,-18.695120
232,structure_31.bpseq,0.205647,-18.885520
232,structure_36.bpseq,0.478863,-17.372500
232,structure_5.bpseq,0.362713,-21.923000
233,structure_1.bpseq,0.365079,-3.682800
233,structure_2.bpseq,0.138127,-6.544810
235,structure_1.bpseq,0.828368,-3.969080
235,structure_2.bpseq,0.024525,-13.823920
237,structure_1.bpseq,0.588659,-17.542725
237,structure_14.bpseq,0.579349,-17.777054
237,structure_22.bpseq,0.446376,-26.743210
237,structure_34.bpseq,0.382110,-24.039790
237,structure_43.bpseq,0.370022,-25.753890
237,structure_51.bpseq,0.542154,-25.660390
237,structure_57.bpseq,0.517562,-28.377600
237,structure_64.bpseq,0.504336,-24.549420
237,structure_94.bpseq,0.427011,-30.511000
237,structure_99.bpseq,0.394113,-28.403400
238,structure_1.bpseq,0.755589,-49.921800
238,structure_22.bpseq,0.701555,-50.718900
238,structure_32.bpseq,0.712930,-55.919300
238,structure_36.bpseq,0.724959,-57.636700
238,structure_50.bpseq,0.696744,-51.599200
238,structure_55.bpseq,0.701219,-61.701800
238,structure_6.bpseq,0.663678,-57.186900
238,structure_65.bpseq,0.727674,-51.456800
238,structure_87.bpseq,0.671440,-54.546500
238,structure_89.bpseq,0.711452,-49.596400
241,structure_15.bpseq,0.788382,-27.972300
241,structure_21.bpseq,0.704548,-37.208870
241,structure_33.bpseq,0.675464,-31.958700
241,structure_36.bpseq,0.535509,-35.948100
241,structure_5.bpseq,0.708214,-35.186100
241,structure_68.bpseq,0.727887,-29.448100
241,structure_74.bpseq,0.692143,-38.232450
241,structure_89.bpseq,0.674108,-38.107780
241,structure_9.bpseq,0.693714,-36.397300
241,structure_99.bpseq,0.713799,-35.966960
247,structure_10.bpseq,0.578691,-43.478840
247,structure_14.bpseq,0.508877,-40.316520
247,structure_50.bpseq,0.538912,-49.691200
247,structure_61.bpseq,0.551555,-41.742130
247,structure_68.bpseq,0.465116,-44.649830
247,structure_7.bpseq,0.444981,-47.128300
247,structure_76.bpseq,0.542572,-48.172200
247,structure_91.bpseq,0.448875,-53.398200
247,structure_94.bpseq,0.427332,-42.261230
247,structure_99.bpseq,0.522087,-46.724200
250,structure_13.bpseq,0.479828,-56.643300
250,structure_18.bpseq,0.494509,-64.880500
250,structure_22.bpseq,0.525178,-76.065800
250,structure_26.bpseq,0.542469,-80.928000
250,structure_31.bpseq,0.453436,-60.109300
250,structure_34.bpseq,0.518949,-69.753100
250,structure_41.bpseq,0.480390,-64.049100
250,structure_58.bpseq,0.452014,-65.637000
250,structure_61.bpseq,0.539910,-62.394900
250,structure_88.bpseq,0.473652,-60.842400
251,structure_34.bpseq,0.483331,-54.946500
251,structure_4.bpseq,0.545532,-53.363300
251,structure_45.bpseq,0.393661,-53.848500
251,structure_58.bpseq,0.467071,-56.729100
251,structure_67.bpseq,0.424483,-54.932100
251,structure_7.bpseq,0.564824,-46.618800
251,structure_73.bpseq,0.513393,-51.404300
251,structure_75.bpseq,0.462688,-59.476700
251,structure_86.bpseq,0.447585,-53.731600
251,structure_97.bpseq,0.658420,-51.684900
252,structure_17.bpseq,0.461748,-62.663400
252,structure_22.bpseq,0.617171,-64.549000
252,structure_30.bpseq,0.574247,-65.011900
252,structure_49.bpseq,0.457472,-67.595000
252,structure_60.bpseq,0.498053,-62.863800
252,structure_69.bpseq,0.564073,-64.640000
252,structure_74.bpseq,0.492787,-73.811200
252,structure_76.bpseq,0.468364,-63.933900
252,structure_88.bpseq,0.567147,-64.216300
252,structure_97.bpseq,0.570273,-62.408100
253,structure_11.bpseq,0.350235,-58.763400
253,structure_19.bpseq,0.469043,-53.712600
253,structure_33.bpseq,0.403072,-55.979600
253,structure_36.bpseq,0.379085,-52.490900
253,structure_52.bpseq,0.381299,-59.047600
253,structure_69.bpseq,0.472381,-50.038400
253,structure_71.bpseq,0.568283,-53.813400
253,structure_82.bpseq,0.468839,-51.926100
253,structure_9.bpseq,0.383187,-49.491300
253,structure_94.bpseq,0.371509,-52.057300
254,structure_20.bpseq,0.273540,-54.944210
254,structure_26.bpseq,0.273540,-56.855530
254,structure_28.bpseq,0.267037,-56.695490
254,structure_40.bpseq,0.261168,-52.492670
254,structure_43.bpseq,0.281421,-52.449980
254,structure_59.bpseq,0.292780,-63.328500
254,structure_68.bpseq,0.218349,-50.184730
254,structure_71.bpseq,0.219792,-58.398000
254,structure_74.bpseq,0.275988,-58.094790
254,structure_89.bpseq,0.264423,-53.639530
258,structure_1.bpseq,1.000000,-1.842970
258,structure_2.bpseq,0.122386,-6.987160
258,structure_3.bpseq,0.097578,-8.689370
259,structure_1.bpseq,0.561696,-9.445490
259,structure_10.bpseq,0.539129,-12.377040
259,structure_11.bpseq,0.467563,-10.980260
259,structure_13.bpseq,0.236477,-8.887680
259,structure_16.bpseq,0.252793,-11.577820
259,structure_3.bpseq,0.163183,-5.937560
259,structure_5.bpseq,0.187500,-8.341760
259,structure_6.bpseq,0.621436,-10.281980
259,structure_7.bpseq,0.424090,-12.433270
259,structure_9.bpseq,0.210654,-11.380240
260,structure_1.bpseq,0.500000,-0.145867
260,structure_2.bpseq,0.309739,-4.126512
260,structure_3.bpseq,0.346607,-6.676562
261,structure_1.bpseq,0.911690,-4.655160
261,structure_10.bpseq,0.157003,-16.065230
261,structure_13.bpseq,0.153970,-15.723940
261,structure_14.bpseq,0.382386,-13.741140
261,structure_15.bpseq,0.168633,-13.578070
261,structure_16.bpseq,0.482014,-15.766010
261,structure_2.bpseq,0.621666,-11.492040
261,structure_3.bpseq,0.805657,-12.785650
261,structure_5.bpseq,0.708999,-11.405120
261,structure_7.bpseq,0.471309,-13.622470
265,structure_18.bpseq,0.470223,-14.121920
265,structure_22.bpseq,0.155112,-18.949077
265,structure_27.bpseq,0.634231,-23.715560
265,structure_29.bpseq,0.458156,-15.974240
265,structure_36.bpseq,0.430361,-23.875380
265,structure_39.bpseq,0.476614,-26.060300
265,structure_4.bpseq,0.716956,-10.368090
265,structure_49.bpseq,0.167949,-24.469070
265,structure_54.bpseq,0.300370,-31.473700
265,structure_8.bpseq,0.470443,-13.662440
268,structure_1.bpseq,1.000000,-1.376350
268,structure_2.bpseq,0.866604,-3.804580
268,structure_3.bpseq,0.282214,-11.069520
268,structure_4.bpseq,0.705742,-10.091930
268,structure_5.bpseq,0.295510,-10.657210
268,structure_6.bpseq,0.293103,-11.569650
269,structure_11.bpseq,0.637772,-19.066320
269,structure_14.bpseq,0.816162,-15.779210
269,structure_17.bpseq,0.506966,-18.115280
269,structure_19.bpseq,0.173781,-18.557630
269,structure_2.bpseq,0.165740,-15.928430
269,structure_24.bpseq,0.587828,-21.038420
269,structure_30.bpseq,0.327194,-24.623300
269,structure_4.bpseq,0.489181,-18.438180
269,structure_6.bpseq,0.538869,-19.571280
269,structure_9.bpseq,0.481413,-20.227320
270,structure_1.bpseq,0.335439,-6.581080
270,structure_10.bpseq,0.055500,-16.566420
270,structure_2.bpseq,0.579485,-10.515150
270,structure_3.bpseq,0.147589,-10.106610
270,structure_4.bpseq,0.433915,-11.391910
270,structure_5.bpseq,0.193681,-12.019490
270,structure_6.bpseq,0.341886,-15.436290
270,structure_7.bpseq,0.134037,-9.421812
270,structure_8.bpseq,0.110751,-15.891580
270,structure_9.bpseq,0.148750,-12.701250
271,structure_1.bpseq,1.000000,-1.167700
271,structure_2.bpseq,0.041667,-12.299689
271,structure_3.bpseq,0.042913,-18.298580
271,structure_4.bpseq,0.063517,-18.412200
271,structure_5.bpseq,0.066212,-19.020460
271,structure_6.bpseq,0.100157,-16.050320
271,structure_7.bpseq,0.081282,-18.494360
272,structure_18.bpseq,0.717240,-22.547990
272,structure_23.bpseq,0.628463,-19.547060
272,structure_26.bpseq,0.428900,-24.960100
272,structure_29.bpseq,0.369667,-25.875100
272,structure_32.bpseq,0.473038,-26.007200
272,structure_42.bpseq,0.512413,-19.014510
272,structure_47.bpseq,0.634418,-19.434580
272,structure_49.bpseq,0.627879,-23.657920
272,structure_5.bpseq,0.802551,-17.234290
272,structure_52.bpseq,0.637266,-24.876700
273,structure_1.bpseq,0.815264,-5.412640
273,structure_11.bpseq,0.278785,-10.782030
273,structure_12.bpseq,0.241015,-13.572650
273,structure_2.bpseq,0.667847,-9.748690
273,structure_3.bpseq,0.655970,-8.875858
273,structure_5.bpseq,0.672317,-4.627540
273,structure_6.bpseq,0.667847,-7.532120
273,structure_7.bpseq,0.585280,-7.925271
273,structure_8.bpseq,0.600922,-11.303160
273,structure_9.bpseq,0.540445,-14.144350
274,structure_1.bpseq,0.929669,-1.795670
274,structure_2.bpseq,0.355323,-12.140530
274,structure_3.bpseq,0.433795,-9.689260
274,structure_4.bpseq,0.151845,-9.365860
274,structure_5.bpseq,0.478240,-11.731770
274,structure_6.bpseq,0.108325,-11.018500
276,structure_1.bpseq,1.000000,-2.616119
276,structure_2.bpseq,0.137716,-4.072310
276,structure_3.bpseq,0.101686,-9.025770
277,structure_1.bpseq,0.669031,-4.756800
277,structure_2.bpseq,0.000000,-16.121470
277,structure_3.bpseq,0.000000,-17.787580
279,structure_1.bpseq,0.739046,-1.395430
279,structure_2.bpseq,0.100000,-5.497530
280,structure_1.bpseq,0.868243,-6.060317
280,structure_10.bpseq,0.243307,-13.338520
280,structure_11.bpseq,0.229969,-14.115510
280,structure_12.bpseq,0.258786,-15.907000
280,structure_3.bpseq,0.700446,-9.523540
280,structure_4.bpseq,0.716156,-8.179800
280,structure_5.bpseq,0.433010,-11.950600
280,structure_7.bpseq,0.521916,-11.447010
280,structure_8.bpseq,0.631223,-10.814260
280,structure_9.bpseq,0.140488,-14.063780
281,structure_10.bpseq,0.453418,-21.222590
281,structure_12.bpseq,0.442734,-18.350230
281,structure_15.bpseq,0.515264,-14.231290
281,structure_27.bpseq,0.168440,-20.799810
281,structure_31.bpseq,0.470085,-23.411020
281,structure_36.bpseq,0.575000,-18.829630
281,structure_41.bpseq,0.500920,-22.494520
281,structure_46.bpseq,0.182738,-24.896300
281,structure_67.bpseq,0.430035,-27.951900
281,structure_7.bpseq,0.447586,-18.000581
283,structure_1.bpseq,0.790980,-8.953230
283,structure_2.bpseq,0.244031,-8.709850
283,structure_3.bpseq,0.234556,-12.360010
283,structure_4.bpseq,0.283784,-8.007430
283,structure_5.bpseq,0.274055,-10.595220
283,structure_6.bpseq,0.306014,-8.011880
283,structure_7.bpseq,0.264207,-11.347640
285,structure_10.bpseq,0.243505,-12.935880
285,structure_11.bpseq,0.241426,-18.381800
285,structure_13.bpseq,0.284334,-16.251680
285,structure_14.bpseq,0.441242,-15.337950
285,structure_2.bpseq,0.730071,-9.202250
285,structure_3.bpseq,0.730071,-6.985681
285,structure_4.bpseq,0.573621,-6.321228
285,structure_6.bpseq,0.681818,-10.428090
285,structure_8.bpseq,0.441242,-10.524350
285,structure_9.bpseq,0.247354,-7.288231
286,structure_1.bpseq,1.000000,-1.475020
286,structure_2.bpseq,0.094954,-5.143430
288,structure_2.bpseq,0.522767,-59.927900
288,structure_26.bpseq,0.520161,-55.959100
288,structure_45.bpseq,0.508042,-60.080200
288,structure_51.bpseq,0.432245,-69.438500
288,structure_58.bpseq,0.427142,-55.741600
288,structure_74.bpseq,0.493173,-59.988100
288,structure_77.bpseq,0.531847,-53.431800
288,structure_82.bpseq,0.471911,-62.148400
288,structure_92.bpseq,0.546571,-71.924200
288,structure_94.bpseq,0.488922,-61.127800
289,structure_1.bpseq,0.825106,-4.519520
289,structure_2.bpseq,0.535338,-7.022440
289,structure_3.bpseq,0.470512,-12.430197
289,structure_4.bpseq,0.529566,-12.320137
289,structure_5.bpseq,0.281250,-10.349640
289,structure_6.bpseq,0.350596,-12.388487
289,structure_7.bpseq,0.162900,-17.850530
290,structure_1.bpseq,0.858717,-5.524480
290,structure_10.bpseq,0.567806,-9.444470
290,structure_2.bpseq,0.505239,-6.168740
290,structure_3.bpseq,0.467337,-12.771060
290,structure_4.bpseq,0.182549,-12.846550
290,structure_5.bpseq,0.432733,-10.142580
290,structure_6.bpseq,0.493248,-12.105360
290,structure_7.bpseq,0.418343,-11.681600
290,structure_8.bpseq,0.705148,-14.149850
290,structure_9.bpseq,0.513691,-11.379520
291,structure_1.bpseq,0.867232,-4.514084
291,structure_2.bpseq,0.717597,-9.796410
291,structure_3.bpseq,0.445510,-11.405920
291,structure_4.bpseq,0.307550,-7.282980
291,structure_5.bpseq,0.171329,-13.134660
291,structure_6.bpseq,0.431296,-20.208960
291,structure_7.bpseq,0.234835,-14.309360
292,structure_16.bpseq,0.613815,-20.921030
292,structure_18.bpseq,0.472286,-21.453460
292,structure_22.bpseq,0.572130,-18.343280
292,structure_26.bpseq,0.555383,-22.984950
292,structure_3.bpseq,0.856426,-16.299330
292,structure_42.bpseq,0.465873,-23.674040
292,structure_51.bpseq,0.500000,-23.750830
292,structure_53.bpseq,0.498358,-22.306360
292,structure_56.bpseq,0.154056,-26.749200
292,structure_60.bpseq,0.591287,-26.639200
294,structure_1.bpseq,0.226139,-5.461600
294,structure_2.bpseq,0.222222,-2.590050
294,structure_3.bpseq,0.230809,-6.867150
297,structure_1.bpseq,0.840279,-5.382100
297,structure_11.bpseq,0.192059,-9.839170
297,structure_12.bpseq,0.542588,-13.033772
297,structure_3.bpseq,0.172673,-6.733680
297,structure_4.bpseq,0.150457,-3.732850
297,structure_5.bpseq,0.344658,-11.013950
297,structure_6.bpseq,0.150457,-8.583580
297,structure_7.bpseq,0.181272,-9.155290
297,structure_8.bpseq,0.177325,-13.027214
297,structure_9.bpseq,0.114242,-11.478729
298,structure_1.bpseq,0.908248,-0.910150
298,structure_2.bpseq,0.203922,-4.235060
299,structure_1.bpseq,1.000000,-1.266430
299,structure_2.bpseq,0.226139,-3.757480
299,structure_3.bpseq,0.112702,-7.503350
301,structure_1.bpseq,0.335885,-1.922940
301,structure_2.bpseq,0.308184,-13.713730
301,structure_3.bpseq,0.129375,-18.095160
302,structure_1.bpseq,0.930331,-1.035400
302,structure_10.bpseq,0.112526,-24.612200
302,structure_11.bpseq,0.040001,-21.607230
302,structure_12.bpseq,0.111143,-24.483240
302,structure_2.bpseq,0.615308,-9.411750
302,structure_3.bpseq,0.490507,-14.904140
302,structure_5.bpseq,0.303354,-18.878580
302,structure_6.bpseq,0.325399,-18.965060
302,structure_7.bpseq,0.109462,-16.294404
302,structure_8.bpseq,0.093162,-18.017930
303,structure_10.bpseq,0.686411,-11.206490
303,structure_13.bpseq,0.502460,-23.563690
303,structure_15.bpseq,0.426522,-19.036730
303,structure_29.bpseq,0.204540,-21.298320
303,structure_36.bpseq,0.191806,-26.312000
303,structure_39.bpseq,0.196301,-27.427700
303,structure_41.bpseq,0.191393,-27.894200
303,structure_44.bpseq,0.204780,-19.116710
303,structure_46.bpseq,0.210611,-23.225810
303,structure_51.bpseq,0.181712,-35.109800
304,structure_18.bpseq,0.169471,-20.835470
304,structure_20.bpseq,0.145487,-26.248900
304,structure_22.bpseq,0.601949,-17.347470
304,structure_31.bpseq,0.456619,-21.358150
304,structure_35.bpseq,0.649656,-15.939450
304,structure_38.bpseq,0.418086,-24.195440
304,structure_40.bpseq,0.255896,-32.393800
304,structure_44.bpseq,0.624057,-22.568280
304,structure_48.bpseq,0.349314,-29.724500
304,structure_7.bpseq,0.602865,-17.748397
307,structure_1.bpseq,0.921637,-0.956360
307,structure_2.bpseq,0.212388,-6.110770
310,structure_1.bpseq,0.863534,-5.390890
310,structure_2.bpseq,0.581009,-11.081870
310,structure_3.bpseq,0.695982,-9.726950
310,structure_4.bpseq,0.680232,-8.854120
310,structure_5.bpseq,0.252363,-8.072550
310,structure_6.bpseq,0.386817,-11.212380
310,structure_7.bpseq,0.424407,-12.173980
310,structure_8.bpseq,0.222020,-15.088480
310,structure_9.bpseq,0.279807,-10.392980
312,structure_10.bpseq,0.293188,-21.956100
312,structure_15.bpseq,0.279330,-22.693970
312,structure_17.bpseq,0.552129,-19.872770
312,structure_22.bpseq,0.481775,-25.505930
312,structure_32.bpseq,0.296453,-26.623200
312,structure_40.bpseq,0.178535,-22.980880
312,structure_46.bpseq,0.285056,-25.194390
312,structure_5.bpseq,0.320091,-19.527500
312,structure_62.bpseq,0.265615,-26.655200
312,structure_66.bpseq,0.432217,-29.081800
313,structure_1.bpseq,0.870479,-2.695100
313,structure_2.bpseq,0.154575,-12.090374
313,structure_3.bpseq,0.083667,-13.820659
313,structure_4.bpseq,0.103442,-15.737430
313,structure_5.bpseq,0.354047,-16.280490
315,structure_1.bpseq,0.816228,-2.857019
315,structure_2.bpseq,0.250000,-3.369879
316,structure_1.bpseq,1.000000,-0.566530
316,structure_2.bpseq,0.534503,-8.664850
316,structure_3.bpseq,0.193814,-5.592540
316,structure_4.bpseq,0.120223,-10.703520
317,structure_1.bpseq,0.439780,-50.916400
317,structure_26.bpseq,0.309872,-59.690800
317,structure_53.bpseq,0.420306,-44.961200
317,structure_57.bpseq,0.256251,-45.145700
317,structure_63.bpseq,0.406760,-48.703900
317,structure_66.bpseq,0.413663,-48.160600
317,structure_73.bpseq,0.350420,-58.844700
317,structure_80.bpseq,0.416663,-49.936600
317,structure_82.bpseq,0.389467,-58.422600
317,structure_91.bpseq,0.259637,-44.912600
318,structure_100.bpseq,0.460169,-66.286100
318,structure_17.bpseq,0.406738,-63.323100
318,structure_2.bpseq,0.366249,-56.785700
318,structure_27.bpseq,0.501035,-55.333500
318,structure_29.bpseq,0.389962,-54.012200
318,structure_50.bpseq,0.426094,-62.348000
318,structure_61.bpseq,0.474774,-70.948700
318,structure_7.bpseq,0.489977,-60.326600
318,structure_70.bpseq,0.469847,-63.007400
318,structure_91.bpseq,0.434428,-63.121500
319,structure_1.bpseq,0.868415,-5.184540
319,structure_10.bpseq,0.378966,-20.791070
319,structure_11.bpseq,0.199014,-15.698880
319,structure_2.bpseq,0.612027,-6.172740
319,structure_4.bpseq,0.573727,-8.185700
319,structure_5.bpseq,0.600461,-6.869580
319,structure_6.bpseq,0.569310,-12.226847
319,structure_7.bpseq,0.573827,-10.821739
319,structure_8.bpseq,0.518917,-18.410180
319,structure_9.bpseq,0.353520,-20.732370
320,structure_17.bpseq,0.618088,-40.037300
320,structure_21.bpseq,0.507672,-40.662800
320,structure_23.bpseq,0.615376,-40.632700
320,structure_4.bpseq,0.625902,-33.079620
320,structure_41.bpseq,0.590094,-35.735820
320,structure_44.bpseq,0.659259,-36.312790
320,structure_63.bpseq,0.556050,-43.548900
320,structure_85.bpseq,0.618560,-39.389700
320,structure_9.bpseq,0.645963,-32.471130
320,structure_92.bpseq,0.625902,-43.380600
323,structure_16.bpseq,0.564791,-39.288530
323,structure_48.bpseq,0.449147,-43.767800
323,structure_61.bpseq,0.559201,-41.993800
323,structure_64.bpseq,0.515218,-40.759700
323,structure_68.bpseq,0.414754,-40.652000
323,structure_72.bpseq,0.491816,-46.478700
323,structure_83.bpseq,0.507810,-44.366300
323,structure_9.bpseq,0.435441,-39.369750
323,structure_94.bpseq,0.520858,-44.167400
323,structure_99.bpseq,0.456938,-43.135400
325,structure_14.bpseq,0.520165,-18.601270
325,structure_25.bpseq,0.664286,-23.220300
325,structure_45.bpseq,0.580234,-26.036100
325,structure_52.bpseq,0.719679,-25.385000
325,structure_54.bpseq,0.708077,-26.051600
325,structure_6.bpseq,0.491453,-28.201100
325,structure_68.bpseq,0.472507,-22.277870
325,structure_73.bpseq,0.483437,-19.553590
325,structure_80.bpseq,0.383626,-26.013700
325,structure_89.bpseq,0.496240,-22.883100
326,structure_26.bpseq,0.360635,-64.172010
326,structure_29.bpseq,0.398814,-71.193310
326,structure_35.bpseq,0.355029,-65.036890
326,structure_37.bpseq,0.351259,-73.202600
326,structure_47.bpseq,0.395127,-56.905600
326,structure_52.bpseq,0.382732,-61.976861
326,structure_64.bpseq,0.340780,-68.602970
326,structure_68.bpseq,0.398242,-57.422060
326,structure_82.bpseq,0.367928,-69.911860
326,structure_9.bpseq,0.350551,-66.123050
328,structure_35.bpseq,0.696822,-32.990400
328,structure_5.bpseq,0.770658,-32.638800
328,structure_51.bpseq,0.659689,-44.608290
328,structure_53.bpseq,0.642676,-40.942080
328,structure_72.bpseq,0.704744,-47.245422
328,structure_79.bpseq,0.656201,-37.851130
328,structure_83.bpseq,0.720185,-43.412770
328,structure_90.bpseq,0.671380,-39.389720
328,structure_92.bpseq,0.805027,-33.246000
328,structure_97.bpseq,0.792710,-33.354500
333,structure_100.bpseq,0.521047,-50.996370
333,structure_12.bpseq,0.569034,-49.152030
333,structure_15.bpseq,0.640173,-47.375750
333,structure_37.bpseq,0.571688,-46.416730
333,structure_40.bpseq,0.658599,-46.285320
333,structure_68.bpseq,0.527763,-47.200290
333,structure_78.bpseq,0.616341,-50.161300
333,structure_84.bpseq,0.559452,-50.631550
333,structure_89.bpseq,0.578398,-46.577760
333,structure_93.bpseq,0.571880,-47.549730
334,structure_1.bpseq,1.000000,-0.433740
334,structure_2.bpseq,0.136364,-9.017510
335,structure_10.bpseq,0.555415,-45.610609
335,structure_26.bpseq,0.597569,-36.415020
335,structure_37.bpseq,0.522095,-46.251871
335,structure_39.bpseq,0.515731,-50.403150
335,structure_60.bpseq,0.617478,-41.678560
335,structure_70.bpseq,0.486845,-39.925810
335,structure_74.bpseq,0.584325,-43.258180
335,structure_78.bpseq,0.562245,-48.513750
335,structure_83.bpseq,0.497810,-47.779010
335,structure_88.bpseq,0.554355,-49.354060
336,structure_13.bpseq,0.718319,-11.808550
336,structure_16.bpseq,0.713816,-20.913680
336,structure_20.bpseq,0.714265,-14.937059
336,structure_27.bpseq,0.757072,-18.501510
336,structure_30.bpseq,0.581109,-17.062840
336,structure_32.bpseq,0.580496,-23.803640
336,structure_38.bpseq,0.488424,-26.695100
336,structure_40.bpseq,0.645347,-21.536620
336,structure_42.bpseq,0.409982,-24.575240
336,structure_9.bpseq,0.800476,-16.017481
340,structure_24.bpseq,0.637419,-41.171170
340,structure_28.bpseq,0.505945,-47.470652
340,structure_3.bpseq,0.692330,-34.234900
340,structure_32.bpseq,0.615282,-36.959400
340,structure_59.bpseq,0.501474,-49.508290
340,structure_64.bpseq,0.616631,-43.686650
340,structure_69.bpseq,0.655917,-43.552600
340,structure_73.bpseq,0.524889,-43.038850
340,structure_87.bpseq,0.635652,-44.342340
340,structure_94.bpseq,0.672756,-45.833160
341,structure_1.bpseq,0.521272,-44.295980
341,structure_12.bpseq,0.446368,-51.375680
341,structure_14.bpseq,0.492715,-46.161290
341,structure_17.bpseq,0.459373,-56.036300
341,structure_22.bpseq,0.539913,-48.267430
341,structure_25.bpseq,0.581325,-56.735000
341,structure_43.bpseq,0.525482,-57.481500
341,structure_45.bpseq,0.434033,-47.837450
341,structure_57.bpseq,0.480250,-44.478670
341,structure_98.bpseq,0.572325,-48.111620
342,structure_13.bpseq,0.636979,-48.839100
342,structure_16.bpseq,0.692281,-49.618500
342,structure_27.bpseq,0.584867,-56.394900
342,structure_31.bpseq,0.603326,-46.836990
342,structure_33.bpseq,0.609740,-58.310200
342,structure_69.bpseq,0.609283,-47.850210
342,structure_72.bpseq,0.616385,-51.717300
342,structure_85.bpseq,0.644202,-48.448100
342,structure_96.bpseq,0.641378,-50.986800
342,structure_99.bpseq,0.637994,-48.840200
345,structure_16.bpseq,0.543737,-48.007300
345,structure_24.bpseq,0.687305,-48.688500
345,structure_43.bpseq,0.530383,-59.645100
345,structure_46.bpseq,0.559634,-52.406300
345,structure_60.bpseq,0.564829,-54.550200
345,structure_63.bpseq,0.538725,-50.910300
345,structure_72.bpseq,0.550445,-53.691300
345,structure_77.bpseq,0.565736,-57.396100
345,structure_8.bpseq,0.675349,-47.854200
345,structure_80.bpseq,0.520937,-48.670300
346,structure_1.bpseq,0.136364,-4.397401
346,structure_2.bpseq,0.097462,-4.835051
347,structure_1.bpseq,1.000000,-1.414380
347,structure_2.bpseq,0.052786,-7.686680
348,structure_11.bpseq,0.542530,-10.392780
348,structure_13.bpseq,0.476614,-14.048500
348,structure_15.bpseq,0.656863,-10.063310
348,structure_18.bpseq,0.348769,-20.615150
348,structure_2.bpseq,0.759678,-8.702250
348,structure_23.bpseq,0.504123,-21.982800
348,structure_25.bpseq,0.310104,-20.663290
348,structure_5.bpseq,0.746745,-10.424050
348,structure_7.bpseq,0.717285,-12.507661
348,structure_9.bpseq,0.513826,-14.797190
350,structure_28.bpseq,0.515601,-31.245800
350,structure_30.bpseq,0.537092,-31.555200
350,structure_44.bpseq,0.597036,-44.094630
350,structure_46.bpseq,0.755339,-36.886990
350,structure_49.bpseq,0.735725,-37.675500
350,structure_61.bpseq,0.732184,-40.569000
350,structure_76.bpseq,0.554320,-43.487980
350,structure_8.bpseq,0.783194,-35.576400
350,structure_82.bpseq,0.563175,-49.029410
350,structure_97.bpseq,0.516551,-47.856960
351,structure_1.bpseq,0.923057,-1.459958
351,structure_2.bpseq,0.138127,-3.849820
351,structure_3.bpseq,0.170459,-3.710390
352,structure_47.bpseq,0.661470,-29.882200
352,structure_51.bpseq,0.728175,-32.390300
352,structure_6.bpseq,0.777326,-21.579700
352,structure_64.bpseq,0.679707,-32.631600
352,structure_74.bpseq,0.616119,-36.860000
352,structure_76.bpseq,0.587570,-38.323800
352,structure_8.bpseq,0.790859,-24.521200
352,structure_89.bpseq,0.637381,-33.969800
352,structure_92.bpseq,0.729700,-28.800200
352,structure_95.bpseq,0.646511,-32.271100
353,structure_1.bpseq,0.829419,-30.810100
353,structure_11.bpseq,0.829419,-35.201000
353,structure_27.bpseq,0.694595,-35.990500
353,structure_29.bpseq,0.650618,-27.395000
353,structure_32.bpseq,0.751008,-34.711600
353,structure_44.bpseq,0.767124,-43.884400
353,structure_6.bpseq,0.822186,-33.689900
353,structure_60.bpseq,0.761846,-35.204900
353,structure_84.bpseq,0.685725,-33.881200
353,structure_88.bpseq,0.786916,-33.887500
358,structure_10.bpseq,0.616180,-25.334300
358,structure_100.bpseq,0.580849,-29.438500
358,structure_2.bpseq,0.776525,-19.231800
358,structure_21.bpseq,0.610664,-23.853800
358,structure_33.bpseq,0.751727,-25.311400
358,structure_41.bpseq,0.764324,-23.688900
358,structure_74.bpseq,0.507867,-30.926200
358,structure_80.bpseq,0.623296,-32.324800
358,structure_85.bpseq,0.499811,-32.947100
358,structure_98.bpseq,0.581338,-31.971700
359,structure_1.bpseq,0.548525,-19.665300
359,structure_16.bpseq,0.549800,-37.104400
359,structure_29.bpseq,0.543942,-27.326100
359,structure_33.bpseq,0.437510,-35.713800
359,structure_40.bpseq,0.554522,-38.177900
359,structure_5.bpseq,0.643013,-25.987700
359,structure_58.bpseq,0.414559,-31.960400
359,structure_64.bpseq,0.565857,-32.110600
359,structure_73.bpseq,0.510225,-37.442100
359,structure_90.bpseq,0.556432,-40.429000
361,structure_1.bpseq,0.808607,-1.436950
361,structure_2.bpseq,0.274123,-5.056200
361,structure_3.bpseq,0.619048,-6.198973
362,structure_13.bpseq,0.468249,-37.794300
362,structure_18.bpseq,0.475659,-37.150700
362,structure_21.bpseq,0.472397,-37.020200
362,structure_30.bpseq,0.446516,-46.312900
362,structure_54.bpseq,0.481933,-41.076500
362,structure_59.bpseq,0.570462,-34.792500
362,structure_68.bpseq,0.439274,-38.494300
362,structure_81.bpseq,0.472659,-39.961900
362,structure_85.bpseq,0.390329,-36.640700
362,structure_93.bpseq,0.443499,-44.744500
364,structure_13.bpseq,0.439963,-33.489900
364,structure_32.bpseq,0.584431,-37.741300
364,structure_34.bpseq,0.466967,-37.882400
364,structure_37.bpseq,0.402464,-26.734040
364,structure_44.bpseq,0.550606,-38.058600
364,structure_62.bpseq,0.467053,-28.950390
364,structure_69.bpseq,0.365411,-33.638700
364,structure_92.bpseq,0.333985,-37.803800
364,structure_96.bpseq,0.472514,-29.438160
364,structure_99.bpseq,0.448331,-39.222700
366,structure_1.bpseq,0.544090,-1.691360
366,structure_2.bpseq,0.620196,-5.160980
368,structure_1.bpseq,0.893526,-3.909400
368,structure_10.bpseq,0.609570,-15.790510
368,structure_12.bpseq,0.640943,-18.475260
368,structure_14.bpseq,0.093467,-16.186090
368,structure_16.bpseq,0.390456,-19.932920
368,structure_19.bpseq,0.143874,-23.262500
368,structure_2.bpseq,0.695439,-9.876080
368,structure_4.bpseq,0.620866,-14.544890
368,structure_5.bpseq,0.671569,-13.806257
368,structure_7.bpseq,0.637153,-17.690490
372,structure_1.bpseq,0.957141,-4.828545
372,structure_2.bpseq,0.616804,-8.489230
372,structure_3.bpseq,0.639633,-10.353180
372,structure_4.bpseq,0.071339,-10.700290
372,structure_5.bpseq,0.167545,-12.613500
374,structure_1.bpseq,0.647009,-59.706210
374,structure_17.bpseq,0.638731,-59.374150
374,structure_30.bpseq,0.610582,-67.769000
374,structure_36.bpseq,0.621280,-65.331080
374,structure_4.bpseq,0.624426,-54.648820
374,structure_44.bpseq,0.641442,-62.283060
374,structure_52.bpseq,0.635911,-54.112760
374,structure_59.bpseq,0.591850,-74.508400
374,structure_85.bpseq,0.595474,-70.216220
374,structure_91.bpseq,0.620757,-77.900200
376,structure_1.bpseq,0.816228,-0.750670
376,structure_2.bpseq,0.043565,-8.141400
377,structure_100.bpseq,0.308447,-38.610600
377,structure_15.bpseq,0.256477,-39.776400
377,structure_2.bpseq,0.389713,-42.303700
377,structure_44.bpseq,0.357435,-46.853500
377,structure_55.bpseq,0.318766,-44.109900
377,structure_58.bpseq,0.253465,-43.911500
377,structure_64.bpseq,0.253591,-40.690800
377,structure_71.bpseq,0.291088,-42.656800
377,structure_93.bpseq,0.261829,-39.620400
377,structure_97.bpseq,0.340720,-43.078800
378,structure_1.bpseq,0.650756,-2.669050
378,structure_2.bpseq,0.761116,-3.548170
378,structure_3.bpseq,0.077423,-3.286370
378,structure_4.bpseq,0.081670,-4.651310
379,structure_1.bpseq,0.918330,-6.527680
379,structure_2.bpseq,0.000000,-3.663310
382,structure_1.bpseq,0.777350,-1.515260
382,structure_2.bpseq,0.062500,-11.215960
383,structure_1.bpseq,0.717728,-3.694220
383,structure_10.bpseq,0.396063,-9.005120
383,structure_12.bpseq,0.196863,-12.676200
383,structure_2.bpseq,0.578143,-6.461140
383,structure_3.bpseq,0.847527,-7.305030
383,structure_4.bpseq,0.463068,-6.815580
383,structure_5.bpseq,0.633147,-6.816690
383,structure_6.bpseq,0.290835,-6.301330
383,structure_7.bpseq,0.631036,-10.153410
383,structure_8.bpseq,0.270305,-18.086760
384,structure_1.bpseq,0.679211,-15.463050
384,structure_11.bpseq,0.621044,-12.360400
384,structure_17.bpseq,0.287521,-15.830550
384,structure_19.bpseq,0.321911,-20.229750
384,structure_21.bpseq,0.304122,-15.308350
384,structure_24.bpseq,0.428260,-13.453760
384,structure_26.bpseq,0.469099,-19.241750
384,structure_28.bpseq,0.350293,-17.553450
384,structure_5.bpseq,0.362351,-10.962350
384,structure_9.bpseq,0.373367,-12.512340
385,structure_1.bpseq,0.120223,-2.912040
385,structure_2.bpseq,0.237929,-2.575680
387,structure_1.bpseq,0.439019,-14.105790
387,structure_11.bpseq,0.598939,-20.117360
387,structure_14.bpseq,0.348814,-17.425860
387,structure_20.bpseq,0.461956,-22.199360
387,structure_22.bpseq,0.425342,-15.671110
387,structure_44.bpseq,0.325761,-19.433160
387,structure_49.bpseq,0.544768,-21.787760
387,structure_5.bpseq,0.553853,-19.938660
387,structure_53.bpseq,0.538268,-23.030960
387,structure_8.bpseq,0.420352,-20.213660
388,structure_1.bpseq,0.500000,-0.269645
388,structure_2.bpseq,0.300737,-3.998095
388,structure_3.bpseq,0.333773,-5.271966
390,structure_1.bpseq,0.788847,-2.181270
390,structure_2.bpseq,0.722550,-2.935459
390,structure_3.bpseq,0.822711,-6.465400
390,structure_4.bpseq,0.822711,-9.102420
396,structure_1.bpseq,0.539396,-17.540120
396,structure_11.bpseq,0.625066,-28.669100
396,structure_15.bpseq,0.621900,-27.505600
396,structure_37.bpseq,0.513449,-24.791360
396,structure_42.bpseq,0.564756,-22.948470
396,structure_57.bpseq,0.510614,-24.859770
396,structure_6.bpseq,0.578160,-19.718600
396,structure_65.bpseq,0.388992,-23.585260
396,structure_76.bpseq,0.502979,-24.769430
396,structure_89.bpseq,0.635703,-30.345700
398,structure_16.bpseq,0.621431,-28.712600
398,structure_21.bpseq,0.701674,-26.912100
398,structure_24.bpseq,0.650940,-25.985300
398,structure_35.bpseq,0.499787,-32.915800
398,structure_41.bpseq,0.615450,-28.266300
398,structure_54.bpseq,0.686365,-25.941100
398,structure_83.bpseq,0.621160,-28.939500
398,structure_86.bpseq,0.452892,-29.077000
398,structure_88.bpseq,0.693448,-27.037200
398,structure_94.bpseq,0.581858,-34.633000
400,structure_1.bpseq,0.500000,-0.204885
400,structure_2.bpseq,0.151845,-4.299456
400,structure_3.bpseq,0.151845,-4.071435
402,structure_1.bpseq,0.419761,-4.483384
402,structure_2.bpseq,0.221981,-7.852610
402,structure_3.bpseq,0.660623,-6.606970
402,structure_4.bpseq,0.590784,-3.979276
402,structure_5.bpseq,0.642983,-7.635350
402,structure_6.bpseq,0.238414,-13.264200
402,structure_7.bpseq,0.573721,-8.681610
402,structure_8.bpseq,0.577152,-12.303320
402,structure_9.bpseq,0.519899,-12.403210
405,structure_13.bpseq,0.441828,-17.012980
405,structure_15.bpseq,0.464014,-18.739180
405,structure_20.bpseq,0.298417,-17.166480
405,structure_24.bpseq,0.374137,-19.191780
405,structure_29.bpseq,0.302050,-15.824360
405,structure_3.bpseq,0.663430,-16.516780
405,structure_33.bpseq,0.317873,-19.950080
405,structure_35.bpseq,0.315100,-19.331580
405,structure_5.bpseq,0.642996,-17.816880
405,structure_7.bpseq,0.247514,-12.049740
406,structure_13.bpseq,0.682840,-29.957150
406,structure_19.bpseq,0.379905,-38.560100
406,structure_37.bpseq,0.631815,-43.242500
406,structure_43.bpseq,0.326637,-43.524400
406,structure_53.bpseq,0.589429,-36.832800
406,structure_56.bpseq,0.624130,-40.790200
406,structure_68.bpseq,0.363172,-38.322700
406,structure_75.bpseq,0.709095,-39.352000
406,structure_78.bpseq,0.538282,-46.894700
406,structure_96.bpseq,0.317461,-41.866600
407,structure_13.bpseq,0.680381,-36.504868
407,structure_15.bpseq,0.678584,-37.793440
407,structure_24.bpseq,0.692157,-41.040950
407,structure_32.bpseq,0.675903,-34.999380
407,structure_35.bpseq,0.670471,-48.079400
407,structure_52.bpseq,0.644521,-36.119500
407,structure_54.bpseq,0.649627,-35.890777
407,structure_67.bpseq,0.581660,-41.854030
407,structure_95.bpseq,0.689892,-37.597350
407,structure_98.bpseq,0.628935,-40.633890
409,structure_1.bpseq,1.000000,-2.066540
409,structure_2.bpseq,0.153970,-7.179030
409,structure_3.bpseq,0.455719,-7.902550
409,structure_4.bpseq,0.175557,-10.739100
409,structure_5.bpseq,0.157003,-7.719040
412,structure_15.bpseq,0.533091,-18.132990
412,structure_18.bpseq,0.534234,-18.529990
412,structure_22.bpseq,0.451564,-18.672180
412,structure_25.bpseq,0.510381,-23.011100
412,structure_3.bpseq,0.611079,-15.077750
412,structure_31.bpseq,0.615398,-17.618690
412,structure_34.bpseq,0.442632,-24.095100
412,structure_37.bpseq,0.428009,-22.017780
412,structure_7.bpseq,0.611079,-12.654179
412,structure_9.bpseq,0.588530,-11.927766
413,structure_10.bpseq,0.362495,-14.565920
413,structure_2.bpseq,0.381641,-10.872450
413,structure_21.bpseq,0.544207,-24.054240
413,structure_26.bpseq,0.482736,-22.070260
413,structure_33.bpseq,0.525295,-21.681520
413,structure_36.bpseq,0.394564,-22.162440
413,structure_41.bpseq,0.616712,-23.544250
413,structure_43.bpseq,0.191920,-26.866770
413,structure_49.bpseq,0.186177,-19.804730
413,structure_52.bpseq,0.388114,-30.860300
414,structure_11.bpseq,0.653627,-15.229680
414,structure_16.bpseq,0.304652,-17.157660
414,structure_22.bpseq,0.535679,-15.534680
414,structure_25.bpseq,0.586081,-17.259900
414,structure_27.bpseq,0.368525,-20.607550
414,structure_3.bpseq,0.615415,-16.847950
414,structure_33.bpseq,0.419431,-18.603530
414,structure_35.bpseq,0.405699,-23.497800
414,structure_41.bpseq,0.198489,-21.599190
414,structure_53.bpseq,0.490766,-24.273000
415,structure_20.bpseq,0.348926,-16.427990
415,structure_26.bpseq,0.324084,-21.319900
415,structure_29.bpseq,0.255837,-16.744460
415,structure_3.bpseq,0.479206,-14.791750
415,structure_31.bpseq,0.280626,-20.210520
415,structure_34.bpseq,0.245540,-25.459570
415,structure_36.bpseq,0.655063,-15.447280
415,structure_44.bpseq,0.377998,-16.567280
415,structure_7.bpseq,0.242269,-9.219170
415,structure_9.bpseq,0.255051,-9.746950
416,structure_13.bpseq,0.523262,-15.218870
416,structure_17.bpseq,0.505415,-12.558140
416,structure_2.bpseq,0.500915,-13.406820
416,structure_20.bpseq,0.283185,-16.318470
416,structure_22.bpseq,0.274033,-17.702670
416,structure_24.bpseq,0.478359,-15.993970
416,structure_27.bpseq,0.508997,-14.241940
416,structure_29.bpseq,0.448658,-16.994570
416,structure_31.bpseq,0.649468,-15.980170
416,structure_4.bpseq,0.646220,-9.636770
417,structure_11.bpseq,0.240563,-16.124200
417,structure_19.bpseq,0.229559,-16.709360
417,structure_2.bpseq,0.586206,-8.764300
417,structure_23.bpseq,0.211122,-19.921415
417,structure_27.bpseq,0.247018,-13.497250
417,structure_32.bpseq,0.413106,-15.156940
417,structure_36.bpseq,0.567538,-16.413740
417,structure_43.bpseq,0.255051,-23.555770
417,structure_56.bpseq,0.612215,-22.545390
417,structure_9.bpseq,0.596515,-10.559350
418,structure_11.bpseq,0.415768,-15.416024
418,structure_32.bpseq,0.514291,-17.920250
418,structure_36.bpseq,0.502972,-12.653020
418,structure_41.bpseq,0.418392,-21.676590
418,structure_44.bpseq,0.517324,-20.073310
418,structure_47.bpseq,0.350438,-20.608690
418,structure_5.bpseq,0.511256,-17.114640
418,structure_64.bpseq,0.498498,-21.575140
418,structure_66.bpseq,0.360938,-22.228040
418,structure_8.bpseq,0.537463,-17.380170
422,structure_13.bpseq,0.442524,-15.664470
422,structure_15.bpseq,0.566935,-11.129710
422,structure_17.bpseq,0.577228,-11.602630
422,structure_19.bpseq,0.705929,-9.740945
422,structure_2.bpseq,0.792063,-8.002755
422,structure_21.bpseq,0.565995,-11.257830
422,structure_25.bpseq,0.560517,-15.347830
422,structure_27.bpseq,0.697274,-10.859560
422,structure_5.bpseq,0.658114,-8.930160
422,structure_7.bpseq,0.612988,-7.512000
425,structure_1.bpseq,0.860588,-7.046850
425,structure_11.bpseq,0.624138,-13.133180
425,structure_13.bpseq,0.703433,-16.880790
425,structure_15.bpseq,0.690948,-15.302640
425,structure_17.bpseq,0.779865,-14.963750
425,structure_19.bpseq,0.812309,-18.348040
425,structure_21.bpseq,0.624138,-16.460701
425,structure_23.bpseq,0.536274,-12.580400
425,structure_28.bpseq,0.802959,-18.998070
425,structure_5.bpseq,0.698030,-9.326940
426,structure_1.bpseq,0.417233,-6.574800
426,structure_10.bpseq,0.444379,-17.105340
426,structure_11.bpseq,0.459700,-12.608670
426,structure_12.bpseq,0.595080,-13.787770
426,structure_15.bpseq,0.422921,-16.283140
426,structure_3.bpseq,0.664624,-7.656600
426,structure_5.bpseq,0.609739,-10.728200
426,structure_6.bpseq,0.561546,-15.421420
426,structure_8.bpseq,0.539353,-8.546100
426,structure_9.bpseq,0.602297,-11.309140
428,structure_1.bpseq,0.295163,-2.070121
428,structure_2.bpseq,0.382149,-3.078810
431,structure_1.bpseq,0.897911,-5.693100
431,structure_12.bpseq,0.615886,-9.625260
431,structure_14.bpseq,0.624606,-11.024050
431,structure_17.bpseq,0.740192,-10.043780
431,structure_22.bpseq,0.658604,-15.036485
431,structure_3.bpseq,0.784120,-8.452250
431,structure_30.bpseq,0.417851,-19.531200
431,structure_32.bpseq,0.422609,-18.956140
431,structure_7.bpseq,0.605650,-6.114910
431,structure_9.bpseq,0.547140,-8.601680
433,structure_1.bpseq,0.865801,-6.618840
433,structure_10.bpseq,0.441957,-8.844460
433,structure_15.bpseq,0.658853,-11.819630
433,structure_17.bpseq,0.448103,-14.753070
433,structure_19.bpseq,0.641837,-9.634519
433,structure_22.bpseq,0.412388,-14.443930
433,structure_24.bpseq,0.442265,-16.427310
433,structure_3.bpseq,0.515234,-13.532040
433,structure_6.bpseq,0.413569,-14.440180
433,structure_8.bpseq,0.514876,-15.120410
434,structure_1.bpseq,0.739046,-3.017330
434,structure_2.bpseq,0.260954,-1.922296
435,structure_10.bpseq,0.199292,-13.999260
435,structure_11.bpseq,0.254022,-11.131983
435,structure_12.bpseq,0.185616,-12.770790
435,structure_2.bpseq,0.741523,-7.383300
435,structure_3.bpseq,0.513731,-5.631570
435,structure_4.bpseq,0.668168,-6.731750
435,structure_5.bpseq,0.492450,-8.235930
435,structure_6.bpseq,0.595130,-9.124740
435,structure_8.bpseq,0.540916,-9.769780
435,structure_9.bpseq,0.241977,-10.538948
436,structure_1.bpseq,1.000000,-1.384864
436,structure_2.bpseq,0.238884,-4.679600
441,structure_1.bpseq,0.934828,-2.199271
441,structure_2.bpseq,0.300363,-3.498390
446,structure_1.bpseq,0.933013,-0.378100
446,structure_2.bpseq,0.144128,-8.784150
446,structure_3.bpseq,0.169281,-11.420592
446,structure_4.bpseq,0.232739,-12.907690
447,structure_1.bpseq,1.000000,-0.614320
447,structure_2.bpseq,0.326795,-8.138700
447,structure_3.bpseq,0.226139,-8.417610
447,structure_4.bpseq,0.305375,-8.254790
450,structure_14.bpseq,0.644811,-36.490230
450,structure_26.bpseq,0.698878,-33.815490
450,structure_39.bpseq,0.634766,-42.001730
450,structure_52.bpseq,0.646817,-34.646440
450,structure_7.bpseq,0.695581,-35.395800
450,structure_71.bpseq,0.605866,-36.260450
450,structure_81.bpseq,0.585838,-39.399840
450,structure_86.bpseq,0.591871,-40.050120
450,structure_9.bpseq,0.650350,-44.415520
450,structure_93.bpseq,0.618596,-45.373550
451,structure_18.bpseq,0.549631,-44.341700
451,structure_34.bpseq,0.393753,-41.958900
451,structure_47.bpseq,0.495292,-37.371400
451,structure_52.bpseq,0.501988,-36.869000
451,structure_57.bpseq,0.448053,-41.019300
451,structure_65.bpseq,0.451077,-38.252800
451,structure_81.bpseq,0.512002,-41.059800
451,structure_83.bpseq,0.517906,-40.715200
451,structure_88.bpseq,0.537797,-41.278500
451,structure_99.bpseq,0.530749,-41.683500
453,structure_12.bpseq,0.624063,-42.890900
453,structure_15.bpseq,0.733288,-33.128800
453,structure_26.bpseq,0.587409,-44.415700
453,structure_37.bpseq,0.729448,-34.455100
453,structure_42.bpseq,0.675646,-33.831800
453,structure_50.bpseq,0.648814,-47.452800
453,structure_81.bpseq,0.680161,-40.720400
453,structure_84.bpseq,0.571626,-43.966000
453,structure_90.bpseq,0.690402,-38.081500
453,structure_96.bpseq,0.769041,-36.084400
454,structure_14.bpseq,0.520221,-47.124900
454,structure_18.bpseq,0.585225,-51.932300
454,structure_25.bpseq,0.549581,-51.998300
454,structure_28.bpseq,0.671677,-63.549700
454,structure_35.bpseq,0.542273,-55.333300
454,structure_51.bpseq,0.617140,-60.931300
454,structure_57.bpseq,0.639405,-57.427200
454,structure_62.bpseq,0.523509,-55.106500
454,structure_74.bpseq,0.623006,-57.420800
454,structure_76.bpseq,0.622754,-56.107000
455,structure_20.bpseq,0.699483,-55.460300
455,structure_27.bpseq,0.693698,-46.119400
455,structure_34.bpseq,0.656892,-46.298300
455,structure_56.bpseq,0.722693,-47.951400
455,structure_60.bpseq,0.688780,-47.560200
455,structure_70.bpseq,0.627296,-52.874400
455,structure_9.bpseq,0.677081,-53.243400
455,structure_90.bpseq,0.737316,-47.172100
455,structure_95.bpseq,0.711059,-51.391800
455,structure_97.bpseq,0.695935,-51.150500
456,structure_16.bpseq,0.691802,-27.722300
456,structure_20.bpseq,0.748487,-31.413000
456,structure_27.bpseq,0.655430,-34.031500
456,structure_29.bpseq,0.741749,-36.030800
456,structure_38.bpseq,0.696849,-30.054100
456,structure_62.bpseq,0.596521,-34.865200
456,structure_74.bpseq,0.814327,-29.167000
456,structure_87.bpseq,0.606198,-35.996000
456,structure_94.bpseq,0.750873,-29.533300
456,structure_99.bpseq,0.725862,-30.281200
459,structure_100.bpseq,0.742065,-31.614100
459,structure_21.bpseq,0.626782,-35.946300
459,structure_26.bpseq,0.660482,-32.692400
459,structure_29.bpseq,0.592268,-32.921600
459,structure_32.bpseq,0.685757,-33.992900
459,structure_44.bpseq,0.664116,-33.054000
459,structure_49.bpseq,0.638563,-23.874000
459,structure_59.bpseq,0.637484,-38.157000
459,structure_68.bpseq,0.661237,-32.382300
459,structure_70.bpseq,0.618216,-35.393000
463,structure_15.bpseq,0.740316,-20.271700
463,structure_42.bpseq,0.701604,-35.896500
463,structure_46.bpseq,0.752633,-27.000200
463,structure_5.bpseq,0.809741,-21.367700
463,structure_54.bpseq,0.767873,-34.617500
463,structure_57.bpseq,0.750342,-27.668300
463,structure_67.bpseq,0.777455,-32.252100
463,structure_72.bpseq,0.754727,-40.897200
463,structure_79.bpseq,0.753264,-30.326500
463,structure_91.bpseq,0.759160,-33.640600
464,structure_34.bpseq,0.702549,-28.332300
464,structure_39.bpseq,0.582390,-31.013600
464,structure_42.bpseq,0.584778,-30.968600
464,structure_54.bpseq,0.656363,-32.864300
464,structure_57.bpseq,0.612100,-28.962500
464,structure_75.bpseq,0.614325,-28.848500
464,structure_89.bpseq,0.651603,-32.721300
464,structure_91.bpseq,0.652588,-34.887900
464,structure_95.bpseq,0.643007,-42.861600
464,structure_97.bpseq,0.650026,-35.466700
466,structure_13.bpseq,0.782750,-23.024200
466,structure_15.bpseq,0.837260,-27.319700
466,structure_21.bpseq,0.813490,-33.844100
466,structure_3.bpseq,0.785077,-26.425000
466,structure_33.bpseq,0.781206,-32.483300
466,structure_50.bpseq,0.704771,-30.449200
466,structure_55.bpseq,0.730865,-33.507900
466,structure_70.bpseq,0.724974,-33.744400
466,structure_73.bpseq,0.741805,-31.256600
466,structure_92.bpseq,0.757549,-32.226400
468,structure_11.bpseq,0.465933,-37.889160
468,structure_2.bpseq,0.458405,-40.608080
468,structure_23.bpseq,0.462515,-41.704970
468,structure_35.bpseq,0.477693,-39.478820
468,structure_56.bpseq,0.469646,-42.807880
468,structure_63.bpseq,0.470686,-40.271550
468,structure_69.bpseq,0.436629,-49.256400
468,structure_75.bpseq,0.486555,-44.197800
468,structure_82.bpseq,0.478986,-42.337190
468,structure_89.bpseq,0.412893,-41.184550
469,structure_11.bpseq,0.292610,-12.002240
469,structure_13.bpseq,0.287762,-13.491970
469,structure_15.bpseq,0.318994,-16.283170
469,structure_17.bpseq,0.251931,-15.543670
469,structure_19.bpseq,0.295414,-13.875070
469,structure_2.bpseq,0.276393,-9.838800
469,structure_21.bpseq,0.326795,-19.746970
469,structure_4.bpseq,0.267339,-9.832690
469,structure_6.bpseq,0.298691,-8.803540
469,structure_9.bpseq,0.320695,-17.351770
471,structure_2.bpseq,0.424051,-63.373000
471,structure_38.bpseq,0.417848,-60.755600
471,structure_49.bpseq,0.444315,-79.989400
471,structure_57.bpseq,0.421248,-64.666100
471,structure_67.bpseq,0.416272,-70.225400
471,structure_7.bpseq,0.345454,-55.687300
471,structure_77.bpseq,0.464429,-64.141400
471,structure_83.bpseq,0.494690,-68.625500
471,structure_94.bpseq,0.394521,-65.119400
471,structure_99.bpseq,0.409873,-64.932600
473,structure_18.bpseq,0.612717,-39.180860
473,structure_38.bpseq,0.737910,-31.035560
473,structure_45.bpseq,0.791626,-26.427190
473,structure_47.bpseq,0.660242,-36.331060
473,structure_54.bpseq,0.593987,-25.165650
473,structure_56.bpseq,0.617823,-35.434949
473,structure_61.bpseq,0.574286,-28.477160
473,structure_63.bpseq,0.585069,-34.421532
473,structure_76.bpseq,0.732507,-29.424830
473,structure_9.bpseq,0.564736,-35.304903
474,structure_23.bpseq,0.731033,-45.705800
474,structure_40.bpseq,0.610516,-35.732500
474,structure_45.bpseq,0.853303,-40.441500
474,structure_53.bpseq,0.717359,-42.171700
474,structure_66.bpseq,0.799435,-32.369000
474,structure_68.bpseq,0.593520,-35.540800
474,structure_71.bpseq,0.561307,-37.249800
474,structure_77.bpseq,0.659792,-34.633000
474,structure_87.bpseq,0.772632,-45.595700
474,structure_98.bpseq,0.729179,-47.825700
475,structure_1.bpseq,0.770148,-25.682200
475,structure_14.bpseq,0.689885,-28.356400
475,structure_17.bpseq,0.682224,-26.579800
475,structure_32.bpseq,0.587235,-30.557700
475,structure_44.bpseq,0.742018,-29.510600
475,structure_50.bpseq,0.657151,-32.226700
475,structure_54.bpseq,0.505439,-32.262800
475,structure_56.bpseq,0.682851,-31.381600
475,structure_89.bpseq,0.655620,-28.537700
475,structure_96.bpseq,0.483375,-27.589900
476,structure_13.bpseq,0.657439,-32.623100
476,structure_17.bpseq,0.647013,-30.070800
476,structure_37.bpseq,0.648403,-34.087900
476,structure_39.bpseq,0.485765,-29.574600
476,structure_5.bpseq,0.622418,-25.649100
476,structure_58.bpseq,0.581993,-31.234000
476,structure_69.bpseq,0.551141,-38.963550
476,structure_71.bpseq,0.642687,-31.899000
476,structure_77.bpseq,0.583712,-33.718500
476,structure_96.bpseq,0.650342,-34.402800
477,structure_32.bpseq,0.645196,-61.137500
477,structure_38.bpseq,0.622020,-47.022600
477,structure_40.bpseq,0.627730,-52.443800
477,structure_44.bpseq,0.648785,-56.818800
477,structure_48.bpseq,0.651419,-61.018700
477,structure_62.bpseq,0.566549,-46.334100
477,structure_73.bpseq,0.523081,-54.353900
477,structure_86.bpseq,0.588629,-43.881500
477,structure_9.bpseq,0.610096,-51.913300
477,structure_91.bpseq,0.713720,-47.261900
478,structure_19.bpseq,0.830186,-44.686700
478,structure_23.bpseq,0.812724,-38.513500
478,structure_29.bpseq,0.846045,-42.675500
478,structure_39.bpseq,0.797993,-36.817800
478,structure_4.bpseq,0.792715,-36.890800
478,structure_44.bpseq,0.756212,-44.008200
478,structure_54.bpseq,0.788927,-37.293700
478,structure_74.bpseq,0.810888,-41.342200
478,structure_82.bpseq,0.769900,-50.037300
478,structure_95.bpseq,0.765100,-40.670100
479,structure_14.bpseq,0.745301,-34.683800
479,structure_2.bpseq,0.698858,-35.383800
479,structure_25.bpseq,0.776108,-39.354400
479,structure_30.bpseq,0.762121,-37.840800
479,structure_40.bpseq,0.793661,-35.331700
479,structure_43.bpseq,0.762647,-30.405800
479,structure_47.bpseq,0.755997,-32.283400
479,structure_56.bpseq,0.803360,-40.803400
479,structure_79.bpseq,0.735013,-39.005300
479,structure_93.bpseq,0.683527,-38.856200
480,structure_21.bpseq,0.739213,-40.339800
480,structure_24.bpseq,0.742171,-38.782700
480,structure_3.bpseq,0.722860,-38.355000
480,structure_31.bpseq,0.770197,-33.962600
480,structure_37.bpseq,0.661919,-35.777500
480,structure_40.bpseq,0.733122,-40.796500
480,structure_57.bpseq,0.769181,-35.449300
480,structure_73.bpseq,0.790476,-44.251900
480,structure_78.bpseq,0.742815,-42.220400
480,structure_83.bpseq,0.729198,-46.139000
481,structure_11.bpseq,0.347451,-37.455800
481,structure_23.bpseq,0.351887,-37.862300
481,structure_4.bpseq,0.343628,-32.421800
481,structure_41.bpseq,0.315316,-32.667900
481,structure_58.bpseq,0.336070,-30.857800
481,structure_60.bpseq,0.499104,-38.633500
481,structure_67.bpseq,0.310634,-34.725800
481,structure_70.bpseq,0.400449,-36.861900
481,structure_80.bpseq,0.273337,-39.519600
481,structure_85.bpseq,0.400057,-36.713800
482,structure_2.bpseq,0.222562,-29.010730
482,structure_28.bpseq,0.325140,-36.572060
482,structure_31.bpseq,0.230847,-31.207580
482,structure_47.bpseq,0.238720,-33.348180
482,structure_54.bpseq,0.286808,-31.937940
482,structure_61.bpseq,0.225313,-34.531770
482,structure_85.bpseq,0.235282,-35.056130
482,structure_9.bpseq,0.240819,-32.940100
482,structure_90.bpseq,0.238720,-38.548300
482,structure_96.bpseq,0.233098,-42.317000
483,structure_16.bpseq,0.779277,-35.111300
483,structure_22.bpseq,0.662679,-52.950000
483,structure_36.bpseq,0.596671,-39.198000
483,structure_38.bpseq,0.744036,-36.095500
483,structure_40.bpseq,0.690526,-41.002300
483,structure_44.bpseq,0.759125,-40.611100
483,structure_56.bpseq,0.656161,-46.467600
483,structure_81.bpseq,0.697052,-51.485200
483,structure_88.bpseq,0.637613,-44.589800
483,structure_91.bpseq,0.768377,-42.498400
484,structure_11.bpseq,0.689751,-49.617690
484,structure_44.bpseq,0.647087,-53.985470
484,structure_5.bpseq,0.632599,-57.891005
484,structure_55.bpseq,0.628242,-53.748340
484,structure_62.bpseq,0.666045,-47.588300
484,structure_68.bpseq,0.692438,-39.541900
484,structure_75.bpseq,0.660048,-53.793040
484,structure_83.bpseq,0.646628,-49.779970
484,structure_87.bpseq,0.673140,-44.268600
484,structure_91.bpseq,0.652822,-54.261840
485,structure_30.bpseq,0.628439,-36.693300
485,structure_35.bpseq,0.588254,-36.908000
485,structure_37.bpseq,0.588692,-35.846900
485,structure_46.bpseq,0.645921,-45.204300
485,structure_52.bpseq,0.544436,-36.928000
485,structure_58.bpseq,0.595918,-38.321000
485,structure_68.bpseq,0.664503,-43.069000
485,structure_70.bpseq,0.575527,-39.206700
485,structure_77.bpseq,0.595247,-41.585300
485,structure_83.bpseq,0.568778,-37.698700
488,structure_14.bpseq,0.595810,-69.275000
488,structure_24.bpseq,0.576432,-67.598300
488,structure_30.bpseq,0.571863,-72.303200
488,structure_55.bpseq,0.635675,-73.363300
488,structure_67.bpseq,0.549323,-58.925650
488,structure_7.bpseq,0.582294,-66.681500
488,structure_81.bpseq,0.462520,-61.375370
488,structure_83.bpseq,0.563656,-67.072900
488,structure_90.bpseq,0.504123,-59.886560
488,structure_92.bpseq,0.584230,-65.134400
489,structure_3.bpseq,0.447361,-46.809600
489,structure_32.bpseq,0.583317,-40.299280
489,structure_51.bpseq,0.576644,-38.775790
489,structure_58.bpseq,0.595763,-41.837130
489,structure_71.bpseq,0.593386,-37.550870
489,structure_75.bpseq,0.449234,-42.215740
489,structure_82.bpseq,0.520633,-34.875250
489,structure_89.bpseq,0.421521,-47.397700
489,structure_91.bpseq,0.477210,-48.878600
489,structure_96.bpseq,0.454216,-41.816260
492,structure_11.bpseq,0.682451,-62.684000
492,structure_13.bpseq,0.536140,-55.673900
492,structure_33.bpseq,0.760558,-56.828100
492,structure_55.bpseq,0.735916,-55.522900
492,structure_69.bpseq,0.731617,-59.606400
492,structure_76.bpseq,0.536128,-56.379800
492,structure_80.bpseq,0.643088,-63.089400
492,structure_82.bpseq,0.582351,-60.090100
492,structure_96.bpseq,0.569780,-53.107600
492,structure_98.bpseq,0.622147,-45.383000
493,structure_11.bpseq,0.392786,-48.674900
493,structure_22.bpseq,0.467535,-46.667100
493,structure_34.bpseq,0.478737,-49.643600
493,structure_39.bpseq,0.370002,-50.324400
493,structure_52.bpseq,0.512380,-46.323700
493,structure_59.bpseq,0.443622,-43.708600
493,structure_69.bpseq,0.472960,-44.656600
493,structure_71.bpseq,0.392341,-51.091900
493,structure_8.bpseq,0.479591,-47.363900
493,structure_94.bpseq,0.444218,-44.487400
495,structure_24.bpseq,0.287948,-12.522843
495,structure_28.bpseq,0.405553,-19.956010
495,structure_30.bpseq,0.291631,-18.408920
495,structure_35.bpseq,0.377243,-18.550450
495,structure_38.bpseq,0.237789,-14.544250
495,structure_40.bpseq,0.279526,-18.111170
495,structure_44.bpseq,0.390096,-25.338700
495,structure_46.bpseq,0.662687,-15.864670
495,structure_52.bpseq,0.327723,-20.880820
495,structure_54.bpseq,0.139838,-17.159170
496,structure_100.bpseq,0.659323,-52.549670
496,structure_22.bpseq,0.454229,-45.268500
496,structure_3.bpseq,0.725741,-56.206510
496,structure_30.bpseq,0.669949,-54.661670
496,structure_45.bpseq,0.681787,-64.341480
496,structure_48.bpseq,0.697265,-57.728475
496,structure_59.bpseq,0.574838,-58.140365
496,structure_69.bpseq,0.663794,-60.741840
496,structure_83.bpseq,0.586916,-56.673830
496,structure_88.bpseq,0.613646,-63.258830
497,structure_21.bpseq,0.479594,-45.225710
497,structure_50.bpseq,0.589852,-47.267660
497,structure_59.bpseq,0.535233,-52.095500
497,structure_65.bpseq,0.469502,-50.582500
497,structure_67.bpseq,0.408641,-46.859160
497,structure_73.bpseq,0.523313,-49.510400
497,structure_78.bpseq,0.512071,-50.619900
497,structure_8.bpseq,0.516369,-41.636480
497,structure_89.bpseq,0.581967,-53.260700
497,structure_91.bpseq,0.511368,-57.238700
499,structure_10.bpseq,0.485449,-49.978300
499,structure_15.bpseq,0.521304,-52.959700
499,structure_21.bpseq,0.489965,-53.378000
499,structure_26.bpseq,0.608121,-47.275900
499,structure_28.bpseq,0.479633,-55.248230
499,structure_48.bpseq,0.521218,-56.948710
499,structure_70.bpseq,0.505711,-60.987050
499,structure_75.bpseq,0.637978,-55.352620
499,structure_90.bpseq,0.489029,-52.305000
499,structure_96.bpseq,0.529008,-50.090400
500,structure_13.bpseq,0.610940,-44.777300
500,structure_29.bpseq,0.543451,-47.304700
500,structure_33.bpseq,0.512732,-49.554300
500,structure_47.bpseq,0.472493,-49.021700
500,structure_5.bpseq,0.498600,-45.689800
500,structure_68.bpseq,0.584606,-40.428560
500,structure_70.bpseq,0.345134,-44.663500
500,structure_74.bpseq,0.580262,-49.756900
500,structure_89.bpseq,0.483984,-45.740200
500,structure_95.bpseq,0.568430,-49.935000
501,structure_1.bpseq,0.449733,-63.931650
501,structure_12.bpseq,0.527528,-57.262140
501,structure_19.bpseq,0.401515,-61.695680
501,structure_35.bpseq,0.489903,-59.911320
501,structure_48.bpseq,0.465672,-68.524200
501,structure_53.bpseq,0.440804,-58.452290
501,structure_55.bpseq,0.538647,-64.897980
501,structure_61.bpseq,0.447103,-53.131070
501,structure_83.bpseq,0.532967,-55.977120
501,structure_98.bpseq,0.525497,-54.881300
502,structure_12.bpseq,0.342484,-65.816900
502,structure_2.bpseq,0.384122,-63.362400
502,structure_24.bpseq,0.363959,-65.638900
502,structure_39.bpseq,0.392827,-78.297300
502,structure_52.bpseq,0.366683,-74.236100
502,structure_55.bpseq,0.342292,-68.496800
502,structure_57.bpseq,0.429101,-63.200100
502,structure_64.bpseq,0.398509,-63.795500
502,structure_89.bpseq,0.402873,-61.032610
502,structure_97.bpseq,0.359044,-73.471200
503,structure_12.bpseq,0.247756,-51.826400
503,structure_31.bpseq,0.268677,-67.688500
503,structure_43.bpseq,0.274078,-77.134800
503,structure_48.bpseq,0.257387,-52.255900
503,structure_6.bpseq,0.340105,-74.314200
503,structure_66.bpseq,0.343135,-73.758400
503,structure_69.bpseq,0.266195,-55.474200
503,structure_82.bpseq,0.263420,-57.894700
503,structure_89.bpseq,0.276295,-60.940900
503,structure_94.bpseq,0.257473,-74.835100
504,structure_16.bpseq,0.424757,-59.714950
504,structure_18.bpseq,0.378490,-58.824790
504,structure_30.bpseq,0.474617,-57.026560
504,structure_34.bpseq,0.327682,-72.088290
504,structure_49.bpseq,0.478760,-62.138160
504,structure_52.bpseq,0.384485,-61.147140
504,structure_55.bpseq,0.423998,-59.865860
504,structure_79.bpseq,0.433566,-69.628760
504,structure_82.bpseq,0.422150,-67.683340
504,structure_90.bpseq,0.426893,-68.193970
505,structure_11.bpseq,0.546394,-51.784770
505,structure_27.bpseq,0.598950,-50.653900
505,structure_32.bpseq,0.585967,-46.273200
505,structure_36.bpseq,0.589175,-47.026200
505,structure_4.bpseq,0.599653,-48.359200
505,structure_44.bpseq,0.548986,-58.903745
505,structure_61.bpseq,0.516824,-43.142700
505,structure_67.bpseq,0.545796,-56.271530
505,structure_80.bpseq,0.569318,-49.530420
505,structure_91.bpseq,0.607972,-54.251810
506,structure_1.bpseq,0.487441,-48.276320
506,structure_12.bpseq,0.491095,-44.140235
506,structure_21.bpseq,0.499191,-46.429930
506,structure_26.bpseq,0.522537,-50.369040
506,structure_43.bpseq,0.487691,-46.793620
506,structure_64.bpseq,0.511486,-39.725030
506,structure_81.bpseq,0.515434,-49.727550
506,structure_86.bpseq,0.496061,-49.154150
506,structure_91.bpseq,0.502714,-46.826320
506,structure_93.bpseq,0.494781,-54.608200
509,structure_1.bpseq,0.518490,-3.262007
509,structure_2.bpseq,0.437968,-6.864840
509,structure_3.bpseq,0.148395,-9.086870
514,structure_1.bpseq,0.535714,-1.651200
514,structure_2.bpseq,1.000000,-1.448500
514,structure_3.bpseq,0.500000,-7.680480
514,structure_4.bpseq,0.236336,-6.316230
515,structure_1.bpseq,1.000000,-1.529930
515,structure_2.bpseq,0.151685,-10.088860
515,structure_3.bpseq,0.097800,-7.065546
515,structure_4.bpseq,0.238884,-11.135770
516,structure_1.bpseq,0.756858,-5.770450
516,structure_2.bpseq,0.339872,-6.167670
516,structure_3.bpseq,0.550000,-7.404750
516,structure_4.bpseq,0.317794,-11.068410
516,structure_5.bpseq,0.339872,-6.472250
516,structure_6.bpseq,0.325000,-10.682439
516,structure_7.bpseq,0.152596,-10.943930
516,structure_8.bpseq,0.345697,-11.811700
516,structure_9.bpseq,0.161938,-14.378190
517,structure_1.bpseq,1.000000,-0.258300
517,structure_2.bpseq,0.122036,-15.702480
517,structure_3.bpseq,0.062500,-20.568830
517,structure_4.bpseq,0.032574,-22.722710
518,structure_14.bpseq,0.422424,-43.267500
518,structure_19.bpseq,0.483990,-50.282200
518,structure_38.bpseq,0.497633,-43.646900
518,structure_40.bpseq,0.440993,-47.685600
518,structure_45.bpseq,0.452108,-48.527400
518,structure_71.bpseq,0.449694,-47.299800
518,structure_81.bpseq,0.459940,-49.751900
518,structure_90.bpseq,0.468041,-43.657600
518,structure_96.bpseq,0.494551,-52.994900
518,structure_98.bpseq,0.507659,-55.103100
519,structure_1.bpseq,0.884353,-11.087012
519,structure_2.bpseq,0.652767,-13.144810
519,structure_3.bpseq,0.582811,-11.570933
519,structure_4.bpseq,0.382873,-10.785528
519,structure_5.bpseq,0.331928,-12.419530
520,structure_1.bpseq,1.000000,-0.805450
520,structure_2.bpseq,0.157673,-11.114370
520,structure_3.bpseq,0.488886,-10.875930
521,structure_1.bpseq,1.000000,-0.455370
521,structure_2.bpseq,0.326795,-9.116600
521,structure_3.bpseq,0.185515,-7.978240
522,structure_1.bpseq,1.000000,-1.982590
522,structure_2.bpseq,0.163310,-12.661810
524,structure_1.bpseq,1.000000,-0.761050
524,structure_2.bpseq,0.076978,-10.760210
525,structure_1.bpseq,1.000000,-1.746850
525,structure_2.bpseq,0.127322,-5.460872
525,structure_3.bpseq,0.187228,-9.696090
526,structure_1.bpseq,0.838504,-4.411000
526,structure_2.bpseq,0.488761,-3.553840
526,structure_3.bpseq,0.572995,-7.560770
526,structure_4.bpseq,0.497523,-8.503060
526,structure_5.bpseq,0.174208,-11.302760
526,structure_6.bpseq,0.297969,-11.636340
531,structure_1.bpseq,1.000000,-0.423520
531,structure_2.bpseq,0.041742,-7.465020
532,structure_1.bpseq,0.900000,-2.756200
532,structure_2.bpseq,0.652228,-15.726270
532,structure_3.bpseq,0.620798,-18.546140
532,structure_4.bpseq,0.636476,-20.932190
532,structure_5.bpseq,0.600623,-22.462509
532,structure_6.bpseq,0.578560,-24.658590
532,structure_7.bpseq,0.273379,-22.646197
532,structure_8.bpseq,0.245176,-27.004830
533,structure_1.bpseq,0.895496,-3.813110
533,structure_2.bpseq,0.104504,-2.329760
533,structure_3.bpseq,0.403899,-11.329290
533,structure_4.bpseq,0.205116,-9.691520
535,structure_18.bpseq,0.519795,-28.363600
535,structure_2.bpseq,0.487805,-24.058000
535,structure_31.bpseq,0.682982,-26.722800
535,structure_43.bpseq,0.802629,-34.197780
535,structure_46.bpseq,0.683333,-43.365620
535,structure_60.bpseq,0.564228,-32.072130
535,structure_7.bpseq,0.685667,-26.640100
535,structure_70.bpseq,0.755675,-34.544680
535,structure_89.bpseq,0.615008,-33.398700
535,structure_92.bpseq,0.629084,-35.086490
536,structure_1.bpseq,0.614157,-10.868310
536,structure_10.bpseq,0.614157,-13.271330
536,structure_12.bpseq,0.411522,-10.895070
536,structure_14.bpseq,0.659400,-14.695630
536,structure_16.bpseq,0.596825,-17.881030
536,structure_18.bpseq,0.594091,-19.281030
536,structure_20.bpseq,0.307425,-15.830430
536,structure_4.bpseq,0.277561,-13.100430
536,structure_6.bpseq,0.456680,-8.255860
536,structure_8.bpseq,0.619523,-16.062530
537,structure_1.bpseq,0.622060,-1.815720
537,structure_10.bpseq,0.270816,-12.136530
537,structure_2.bpseq,0.569143,-5.298800
537,structure_3.bpseq,0.638309,-4.960530
537,structure_4.bpseq,0.655265,-6.447400
537,structure_5.bpseq,0.314595,-9.331210
537,structure_6.bpseq,0.581325,-6.052460
537,structure_7.bpseq,0.270816,-10.202250
537,structure_8.bpseq,0.221136,-9.872520
537,structure_9.bpseq,0.323529,-9.720550
538,structure_25.bpseq,0.280911,-34.107500
538,structure_3.bpseq,0.435118,-24.518930
538,structure_31.bpseq,0.657432,-27.030500
538,structure_33.bpseq,0.267226,-30.146600
538,structure_37.bpseq,0.657755,-25.592900
538,structure_39.bpseq,0.507903,-29.464700
538,structure_41.bpseq,0.656874,-26.113600
538,structure_60.bpseq,0.665216,-28.814500
538,structure_72.bpseq,0.562506,-28.238100
538,structure_97.bpseq,0.524598,-25.686700
539,structure_14.bpseq,0.556210,-14.915370
539,structure_16.bpseq,0.480085,-11.638801
539,structure_19.bpseq,0.576249,-9.298630
539,structure_2.bpseq,0.890029,-6.853080
539,structure_22.bpseq,0.562101,-17.500500
539,structure_24.bpseq,0.598058,-13.932740
539,structure_28.bpseq,0.496421,-12.256624
539,structure_4.bpseq,0.575593,-8.421480
539,structure_7.bpseq,0.604839,-12.482340
539,structure_9.bpseq,0.836119,-8.084860
540,structure_1.bpseq,0.562597,-4.026400
540,structure_10.bpseq,0.494545,-16.771470
540,structure_14.bpseq,0.436901,-13.814150
540,structure_18.bpseq,0.249639,-25.131400
540,structure_20.bpseq,0.287554,-18.738123
540,structure_22.bpseq,0.144097,-19.680220
540,structure_24.bpseq,0.163322,-21.820730
540,structure_3.bpseq,0.565849,-10.223530
540,structure_5.bpseq,0.317418,-15.956810
540,structure_8.bpseq,0.374461,-13.181750
541,structure_1.bpseq,0.608788,-6.528100
541,structure_13.bpseq,0.615659,-9.954680
541,structure_15.bpseq,0.484375,-16.940690
541,structure_17.bpseq,0.202619,-9.993640
541,structure_19.bpseq,0.161498,-13.195530
541,structure_21.bpseq,0.197235,-13.685501
541,structure_25.bpseq,0.561512,-18.478660
541,structure_27.bpseq,0.179156,-18.529930
541,structure_4.bpseq,0.418416,-8.432780
541,structure_6.bpseq,0.538812,-15.643180
542,structure_11.bpseq,0.608004,-9.622480
542,structure_13.bpseq,0.629000,-11.082350
542,structure_15.bpseq,0.655461,-10.937620
542,structure_18.bpseq,0.697122,-14.206245
542,structure_20.bpseq,0.493135,-13.980350
542,structure_23.bpseq,0.655461,-14.502086
542,structure_26.bpseq,0.566756,-21.785290
542,structure_4.bpseq,0.725958,-6.081180
542,structure_6.bpseq,0.678765,-9.857590
542,structure_8.bpseq,0.552458,-7.806080
543,structure_1.bpseq,0.863301,-5.010500
543,structure_11.bpseq,0.448054,-8.888730
543,structure_14.bpseq,0.413008,-13.928190
543,structure_16.bpseq,0.452502,-17.994666
543,structure_18.bpseq,0.230257,-16.894150
543,structure_20.bpseq,0.616128,-15.026540
543,structure_22.bpseq,0.425405,-19.411020
543,structure_4.bpseq,0.622694,-6.563200
543,structure_6.bpseq,0.601733,-11.506980
543,structure_8.bpseq,0.638655,-9.791260
544,structure_1.bpseq,0.726129,-9.340260
544,structure_11.bpseq,0.714720,-11.899180
544,structure_13.bpseq,0.613530,-15.490100
544,structure_15.bpseq,0.533716,-12.358010
544,structure_18.bpseq,0.452767,-16.206040
544,structure_22.bpseq,0.163583,-19.466160
544,structure_24.bpseq,0.368805,-18.998860
544,structure_3.bpseq,0.491393,-12.998450
544,structure_5.bpseq,0.469285,-13.690730
544,structure_8.bpseq,0.501569,-12.546180
545,structure_1.bpseq,0.840693,-5.798830
545,structure_2.bpseq,0.583828,-8.482000
545,structure_3.bpseq,0.522350,-7.381590
545,structure_4.bpseq,0.478322,-12.018350
545,structure_5.bpseq,0.546058,-7.971440
545,structure_6.bpseq,0.536932,-9.092080
545,structure_7.bpseq,0.477650,-12.007830
545,structure_8.bpseq,0.248177,-11.994590
545,structure_9.bpseq,0.256309,-13.116620
546,structure_1.bpseq,0.519726,-11.645820
546,structure_11.bpseq,0.551821,-15.075170
546,structure_13.bpseq,0.580635,-11.317300
546,structure_16.bpseq,0.207515,-10.824870
546,structure_19.bpseq,0.351874,-18.900580
546,structure_21.bpseq,0.411087,-12.822274
546,structure_27.bpseq,0.609540,-18.525440
546,structure_29.bpseq,0.467083,-17.943410
546,structure_5.bpseq,0.473081,-14.417800
546,structure_7.bpseq,0.602022,-13.826326
547,structure_1.bpseq,0.948784,-4.725500
547,structure_10.bpseq,0.735970,-11.002470
547,structure_13.bpseq,0.631589,-8.397420
547,structure_15.bpseq,0.559588,-14.379350
547,structure_17.bpseq,0.571740,-15.468228
547,structure_19.bpseq,0.699129,-14.225600
547,structure_21.bpseq,0.602151,-15.380036
547,structure_3.bpseq,0.738648,-11.654970
547,structure_5.bpseq,0.804478,-10.719070
547,structure_7.bpseq,0.584615,-11.018980
548,structure_1.bpseq,0.453785,-6.589460
548,structure_10.bpseq,0.642857,-11.885480
548,structure_12.bpseq,0.508890,-18.697870
548,structure_14.bpseq,0.412899,-18.129630
548,structure_16.bpseq,0.494854,-19.276640
548,structure_18.bpseq,0.200428,-15.115030
548,structure_21.bpseq,0.168330,-18.650090
548,structure_23.bpseq,0.144509,-19.344530
548,structure_5.bpseq,0.827793,-13.337480
548,structure_7.bpseq,0.480854,-18.984170
549,structure_11.bpseq,0.602598,-15.036430
549,structure_15.bpseq,0.431389,-14.235630
549,structure_17.bpseq,0.529891,-16.192980
549,structure_2.bpseq,0.757752,-8.661800
549,structure_20.bpseq,0.431733,-17.506510
549,structure_23.bpseq,0.390451,-21.008140
549,structure_25.bpseq,0.377332,-24.472060
549,structure_5.bpseq,0.763523,-16.815910
549,structure_7.bpseq,0.604985,-8.345600
549,structure_9.bpseq,0.512227,-15.067010
550,structure_10.bpseq,0.565373,-11.198940
550,structure_13.bpseq,0.435083,-10.508860
550,structure_16.bpseq,0.340174,-13.819730
550,structure_20.bpseq,0.151397,-10.602890
550,structure_24.bpseq,0.144695,-16.500020
550,structure_28.bpseq,0.620797,-13.237517
550,structure_3.bpseq,0.753421,-8.646920
550,structure_30.bpseq,0.666379,-12.668210
550,structure_32.bpseq,0.599662,-14.272820
550,structure_5.bpseq,0.356461,-10.436190
551,structure_10.bpseq,0.195239,-9.851950
551,structure_12.bpseq,0.240719,-8.256850
551,structure_13.bpseq,0.157632,-17.404030
551,structure_2.bpseq,0.068255,-10.587590
551,structure_3.bpseq,0.382973,-10.826120
551,structure_4.bpseq,0.208063,-11.991230
551,structure_5.bpseq,0.152817,-11.504090
551,structure_6.bpseq,0.187107,-11.503900
551,structure_8.bpseq,0.148508,-11.363000
551,structure_9.bpseq,0.561569,-12.649530
552,structure_12.bpseq,0.462044,-11.987800
552,structure_14.bpseq,0.594295,-13.321300
552,structure_16.bpseq,0.446431,-12.923900
552,structure_18.bpseq,0.624963,-11.669600
552,structure_2.bpseq,0.565211,-8.600500
552,structure_23.bpseq,0.647617,-13.290100
552,structure_26.bpseq,0.495067,-17.470710
552,structure_5.bpseq,0.626779,-8.892200
552,structure_7.bpseq,0.595746,-8.362400
552,structure_9.bpseq,0.472580,-10.412300
553,structure_1.bpseq,0.174678,-11.238910
553,structure_11.bpseq,0.630603,-11.759960
553,structure_13.bpseq,0.643740,-13.117111
553,structure_15.bpseq,0.395715,-12.789943
553,structure_18.bpseq,0.588136,-13.395601
553,structure_20.bpseq,0.667098,-13.727514
553,structure_22.bpseq,0.325625,-18.686630
553,structure_3.bpseq,0.913880,-8.529850
553,structure_6.bpseq,0.745645,-6.144330
553,structure_9.bpseq,0.348983,-10.656760
554,structure_1.bpseq,1.000000,-3.340000
554,structure_10.bpseq,0.691299,-5.994260
554,structure_12.bpseq,0.455406,-11.113580
554,structure_14.bpseq,0.477807,-9.608300
554,structure_16.bpseq,0.380477,-13.173940
554,structure_18.bpseq,0.443981,-19.300500
554,structure_2.bpseq,0.727921,-5.993870
554,structure_3.bpseq,0.390891,-5.585670
554,structure_5.bpseq,0.411203,-6.207480
554,structure_7.bpseq,0.478467,-11.939510
555,structure_12.bpseq,0.232739,-16.226995
555,structure_14.bpseq,0.211325,-13.505320
555,structure_16.bpseq,0.201193,-14.161590
555,structure_19.bpseq,0.608159,-11.153160
555,structure_2.bpseq,0.588553,-7.918840
555,structure_22.bpseq,0.580872,-15.416260
555,structure_24.bpseq,0.433669,-17.267349
555,structure_4.bpseq,0.651186,-7.941050
555,structure_6.bpseq,0.703433,-9.290110
555,structure_9.bpseq,0.217455,-18.637840
556,structure_100.bpseq,0.273130,-44.524100
556,structure_14.bpseq,0.863504,-23.215100
556,structure_24.bpseq,0.879564,-27.780600
556,structure_30.bpseq,0.841071,-27.083500
556,structure_32.bpseq,0.882254,-26.025300
556,structure_38.bpseq,0.719166,-28.089800
556,structure_42.bpseq,0.845555,-26.144700
556,structure_64.bpseq,0.867068,-34.189200
556,structure_80.bpseq,0.617718,-37.038000
556,structure_83.bpseq,0.752718,-37.764100
557,structure_1.bpseq,0.916737,-7.599900
557,structure_11.bpseq,0.537280,-15.317680
557,structure_14.bpseq,0.210210,-18.811270
557,structure_19.bpseq,0.173122,-23.549100
557,structure_21.bpseq,0.190705,-22.325700
557,structure_24.bpseq,0.201683,-20.608840
557,structure_26.bpseq,0.185488,-23.861300
557,structure_30.bpseq,0.288038,-29.024300
557,structure_6.bpseq,0.558800,-13.201140
557,structure_8.bpseq,0.566132,-15.141420
558,structure_13.bpseq,0.649298,-29.843300
558,structure_16.bpseq,0.531918,-33.791600
558,structure_24.bpseq,0.595063,-43.805400
558,structure_29.bpseq,0.536453,-32.302700
558,structure_36.bpseq,0.537814,-41.176700
558,structure_42.bpseq,0.611842,-31.859900
558,structure_60.bpseq,0.452928,-42.084700
558,structure_76.bpseq,0.496674,-30.156500
558,structure_78.bpseq,0.563990,-34.327800
558,structure_80.bpseq,0.541600,-34.949700
559,structure_100.bpseq,0.433442,-45.536540
559,structure_12.bpseq,0.673681,-29.694680
559,structure_20.bpseq,0.352329,-47.788900
559,structure_24.bpseq,0.617041,-32.443720
559,structure_27.bpseq,0.649741,-27.309960
559,structure_30.bpseq,0.384714,-51.570800
559,structure_38.bpseq,0.285103,-42.056700
559,structure_65.bpseq,0.432771,-45.232270
559,structure_86.bpseq,0.521334,-38.820640
559,structure_89.bpseq,0.427364,-46.986700
560,structure_22.bpseq,0.658436,-34.955900
560,structure_39.bpseq,0.578498,-40.798500
560,structure_41.bpseq,0.630347,-43.176500
560,structure_54.bpseq,0.610009,-38.252600
560,structure_72.bpseq,0.607627,-38.472400
560,structure_76.bpseq,0.615556,-47.039900
560,structure_81.bpseq,0.573580,-43.554300
560,structure_83.bpseq,0.701421,-43.894400
560,structure_88.bpseq,0.669629,-38.757800
560,structure_99.bpseq,0.659769,-46.552700
561,structure_11.bpseq,0.592606,-13.094990
561,structure_13.bpseq,0.527955,-13.405270
561,structure_15.bpseq,0.523381,-13.877190
561,structure_18.bpseq,0.273545,-19.397040
561,structure_2.bpseq,0.881305,-4.746650
561,structure_21.bpseq,0.167894,-20.553090
561,structure_4.bpseq,0.175367,-8.221780
561,structure_5.bpseq,0.721327,-7.265120
561,structure_7.bpseq,0.195710,-13.542860
561,structure_9.bpseq,0.513746,-12.740640
562,structure_13.bpseq,0.602474,-25.236700
562,structure_19.bpseq,0.670568,-25.264900
562,structure_26.bpseq,0.561423,-23.435000
562,structure_33.bpseq,0.588117,-29.593700
562,structure_36.bpseq,0.623237,-28.195500
562,structure_5.bpseq,0.719052,-16.632500
562,structure_60.bpseq,0.667519,-25.893600
562,structure_73.bpseq,0.668310,-28.769200
562,structure_77.bpseq,0.661903,-30.312300
562,structure_91.bpseq,0.525891,-35.219800
563,structure_1.bpseq,0.914738,-6.760260
563,structure_13.bpseq,0.517568,-19.991820
563,structure_15.bpseq,0.775288,-14.797760
563,structure_22.bpseq,0.406665,-16.199330
563,structure_28.bpseq,0.624805,-21.444400
563,structure_3.bpseq,0.712778,-12.333120
563,structure_30.bpseq,0.329611,-20.535630
563,structure_33.bpseq,0.677121,-21.235400
563,structure_37.bpseq,0.419015,-25.730400
563,structure_7.bpseq,0.680467,-11.300121
564,structure_12.bpseq,0.302537,-15.944990
564,structure_14.bpseq,0.322105,-16.441440
564,structure_17.bpseq,0.286487,-12.502230
564,structure_23.bpseq,0.478410,-19.168080
564,structure_27.bpseq,0.233684,-16.003870
564,structure_3.bpseq,0.230250,-11.839500
564,structure_31.bpseq,0.594435,-20.637700
564,structure_34.bpseq,0.440228,-22.725530
564,structure_5.bpseq,0.516292,-11.049840
564,structure_8.bpseq,0.284512,-9.469200
565,structure_18.bpseq,0.473176,-39.975990
565,structure_24.bpseq,0.583553,-36.937600
565,structure_33.bpseq,0.505112,-33.591400
565,structure_36.bpseq,0.577005,-37.627400
565,structure_4.bpseq,0.510660,-36.780200
565,structure_45.bpseq,0.442419,-43.162030
565,structure_63.bpseq,0.576834,-39.156300
565,structure_89.bpseq,0.408167,-37.865100
565,structure_92.bpseq,0.456957,-35.540600
565,structure_98.bpseq,0.439171,-39.407820
566,structure_17.bpseq,0.482262,-34.271840
566,structure_28.bpseq,0.487543,-30.105050
566,structure_34.bpseq,0.396327,-39.412840
566,structure_40.bpseq,0.502781,-31.571210
566,structure_49.bpseq,0.496363,-31.528590
566,structure_55.bpseq,0.499947,-27.836800
566,structure_60.bpseq,0.520310,-32.271380
566,structure_77.bpseq,0.494673,-32.092700
566,structure_80.bpseq,0.252654,-34.892100
566,structure_87.bpseq,0.431275,-39.555570
568,structure_13.bpseq,0.825167,-30.158260
568,structure_16.bpseq,0.785017,-28.666700
568,structure_20.bpseq,0.766507,-27.755300
568,structure_29.bpseq,0.736596,-30.353690
568,structure_31.bpseq,0.724198,-36.790930
568,structure_38.bpseq,0.784384,-35.082810
568,structure_40.bpseq,0.800125,-36.468880
568,structure_56.bpseq,0.732972,-34.040010
568,structure_76.bpseq,0.724322,-34.019450
568,structure_92.bpseq,0.688063,-39.302797
569,structure_11.bpseq,0.446448,-15.640820
569,structure_17.bpseq,0.505254,-22.657591
569,structure_23.bpseq,0.562200,-13.879350
569,structure_28.bpseq,0.698305,-18.217120
569,structure_35.bpseq,0.560304,-17.598180
569,structure_40.bpseq,0.595633,-21.845573
569,structure_44.bpseq,0.418075,-33.325600
569,structure_5.bpseq,0.696701,-16.382780
569,structure_7.bpseq,0.630463,-10.781800
569,structure_9.bpseq,0.590070,-16.883950
570,structure_12.bpseq,0.574204,-28.176700
570,structure_17.bpseq,0.497920,-33.055500
570,structure_41.bpseq,0.445832,-36.067400
570,structure_54.bpseq,0.527315,-30.799700
570,structure_6.bpseq,0.605060,-25.602200
570,structure_61.bpseq,0.426085,-38.340000
570,structure_69.bpseq,0.640635,-36.332000
570,structure_73.bpseq,0.656961,-32.999400
570,structure_80.bpseq,0.521383,-34.676800
570,structure_82.bpseq,0.624414,-32.099100
571,structure_100.bpseq,0.538733,-28.177700
571,structure_18.bpseq,0.542097,-20.508000
571,structure_36.bpseq,0.538733,-25.612100
571,structure_41.bpseq,0.498532,-28.142600
571,structure_54.bpseq,0.554259,-32.125100
571,structure_62.bpseq,0.528172,-27.616200
571,structure_72.bpseq,0.554607,-28.207900
571,structure_8.bpseq,0.518830,-21.065300
571,structure_86.bpseq,0.532959,-27.163800
571,structure_97.bpseq,0.283280,-46.243700
572,structure_18.bpseq,0.488861,-29.098600
572,structure_25.bpseq,0.500000,-29.701000
572,structure_35.bpseq,0.606320,-27.623600
572,structure_38.bpseq,0.597447,-31.834900
572,structure_4.bpseq,0.632018,-21.713700
572,structure_53.bpseq,0.473176,-37.248900
572,structure_63.bpseq,0.450452,-31.128400
572,structure_66.bpseq,0.474059,-37.599800
572,structure_77.bpseq,0.349311,-45.362000
572,structure_95.bpseq,0.611990,-33.830800
573,structure_100.bpseq,0.658560,-39.114500
573,structure_27.bpseq,0.676241,-28.042400
573,structure_38.bpseq,0.265984,-33.161300
573,structure_4.bpseq,0.761596,-25.402100
573,structure_53.bpseq,0.312376,-39.681900
573,structure_59.bpseq,0.616553,-40.874700
573,structure_66.bpseq,0.532005,-33.493200
573,structure_80.bpseq,0.224133,-31.379400
573,structure_83.bpseq,0.320063,-43.025700
573,structure_95.bpseq,0.552622,-40.652600
574,structure_13.bpseq,0.573558,-51.913030
574,structure_16.bpseq,0.554590,-48.857700
574,structure_19.bpseq,0.555328,-46.935200
574,structure_39.bpseq,0.647647,-43.842200
574,structure_5.bpseq,0.478916,-47.759900
574,structure_57.bpseq,0.549719,-48.349200
574,structure_65.bpseq,0.538970,-41.919400
574,structure_77.bpseq,0.623369,-45.630900
574,structure_84.bpseq,0.497770,-38.487500
574,structure_95.bpseq,0.666589,-41.122500
575,structure_14.bpseq,0.615962,-34.532700
575,structure_18.bpseq,0.615245,-40.394800
575,structure_2.bpseq,0.773875,-26.346800
575,structure_38.bpseq,0.607761,-41.942500
575,structure_44.bpseq,0.637026,-36.459400
575,structure_66.bpseq,0.596953,-39.842100
575,structure_73.bpseq,0.599260,-45.711200
575,structure_8.bpseq,0.736553,-32.764100
575,structure_82.bpseq,0.570434,-41.807100
575,structure_88.bpseq,0.526767,-41.709600
576,structure_17.bpseq,0.565644,-42.337000
576,structure_24.bpseq,0.660866,-37.311000
576,structure_33.bpseq,0.627368,-41.660200
576,structure_36.bpseq,0.562515,-43.636200
576,structure_38.bpseq,0.496364,-36.407700
576,structure_48.bpseq,0.598291,-43.852300
576,structure_65.bpseq,0.484733,-46.377400
576,structure_8.bpseq,0.554928,-41.776900
576,structure_85.bpseq,0.724577,-39.548000
576,structure_91.bpseq,0.480225,-48.617900
577,structure_11.bpseq,0.742201,-24.733400
577,structure_14.bpseq,0.724152,-25.343300
577,structure_18.bpseq,0.461958,-40.187400
577,structure_23.bpseq,0.703104,-30.055200
577,structure_4.bpseq,0.717043,-24.781500
577,structure_55.bpseq,0.551781,-49.095790
577,structure_57.bpseq,0.623620,-34.047400
577,structure_71.bpseq,0.666715,-28.929200
577,structure_8.bpseq,0.467705,-36.864700
577,structure_97.bpseq,0.739328,-27.258900
578,structure_10.bpseq,0.491975,-50.421940
578,structure_20.bpseq,0.468959,-55.303069
578,structure_24.bpseq,0.476887,-56.403190
578,structure_38.bpseq,0.475454,-56.933260
578,structure_43.bpseq,0.467847,-53.240690
578,structure_49.bpseq,0.424444,-57.358110
578,structure_5.bpseq,0.557369,-54.722927
578,structure_77.bpseq,0.516087,-61.552580
578,structure_88.bpseq,0.471427,-58.031510
578,structure_96.bpseq,0.582112,-49.928280
579,structure_10.bpseq,0.325834,-12.346340
579,structure_13.bpseq,0.559679,-12.134520
579,structure_16.bpseq,0.419963,-14.486230
579,structure_19.bpseq,0.306004,-13.557670
579,structure_2.bpseq,0.361528,-8.372680
579,structure_24.bpseq,0.306384,-13.147260
579,structure_26.bpseq,0.280975,-17.732130
579,structure_29.bpseq,0.287678,-19.557330
579,structure_4.bpseq,0.335577,-8.034850
579,structure_8.bpseq,0.316068,-10.256720
580,structure_1.bpseq,0.162061,-18.691410
580,structure_15.bpseq,0.412275,-23.653210
580,structure_22.bpseq,0.194850,-22.123810
580,structure_25.bpseq,0.185442,-25.357510
580,structure_27.bpseq,0.382791,-23.422910
580,structure_33.bpseq,0.208712,-19.831510
580,structure_36.bpseq,0.178965,-24.330610
580,structure_38.bpseq,0.426807,-23.743910
580,structure_42.bpseq,0.464045,-24.750510
580,structure_6.bpseq,0.200149,-19.934510
581,structure_11.bpseq,0.605552,-34.754400
581,structure_21.bpseq,0.698992,-38.745830
581,structure_30.bpseq,0.710053,-31.700200
581,structure_36.bpseq,0.602740,-31.473000
581,structure_4.bpseq,0.793307,-28.619300
581,structure_47.bpseq,0.717479,-34.922200
581,structure_49.bpseq,0.810212,-31.011200
581,structure_71.bpseq,0.644390,-35.102070
581,structure_90.bpseq,0.698000,-35.992540
581,structure_96.bpseq,0.631690,-43.022650
583,structure_16.bpseq,0.392731,-49.313800
583,structure_23.bpseq,0.382656,-45.735150
583,structure_42.bpseq,0.559691,-39.238800
583,structure_5.bpseq,0.556878,-44.410500
583,structure_52.bpseq,0.378624,-46.445840
583,structure_62.bpseq,0.421587,-52.624090
583,structure_67.bpseq,0.335816,-42.986200
583,structure_8.bpseq,0.552382,-36.639000
583,structure_80.bpseq,0.654773,-35.068600
583,structure_98.bpseq,0.388459,-40.131800
584,structure_24.bpseq,0.534078,-38.118860
584,structure_34.bpseq,0.544628,-39.986060
584,structure_37.bpseq,0.570085,-44.152950
584,structure_48.bpseq,0.487617,-40.964720
584,structure_56.bpseq,0.523113,-32.804600
584,structure_58.bpseq,0.651888,-32.082400
584,structure_65.bpseq,0.464328,-41.996720
584,structure_77.bpseq,0.490885,-45.170393
584,structure_87.bpseq,0.605753,-48.364570
584,structure_92.bpseq,0.326379,-39.719970
585,structure_11.bpseq,0.438175,-48.300210
585,structure_30.bpseq,0.602499,-41.159300
585,structure_33.bpseq,0.402234,-52.395250
585,structure_38.bpseq,0.386650,-48.066330
585,structure_50.bpseq,0.583585,-44.931500
585,structure_61.bpseq,0.431115,-52.159630
585,structure_74.bpseq,0.413108,-57.289879
585,structure_80.bpseq,0.446236,-43.310200
585,structure_82.bpseq,0.393954,-43.976800
585,structure_94.bpseq,0.439004,-49.896840
586,structure_1.bpseq,0.638554,-32.786100
586,structure_16.bpseq,0.634120,-35.890000
586,structure_25.bpseq,0.633904,-33.881500
586,structure_29.bpseq,0.568008,-40.382600
586,structure_39.bpseq,0.659027,-33.749000
586,structure_4.bpseq,0.560845,-33.884000
586,structure_42.bpseq,0.622762,-33.176000
586,structure_53.bpseq,0.646383,-38.953800
586,structure_61.bpseq,0.556289,-39.322400
586,structure_74.bpseq,0.613990,-33.432900
587,structure_21.bpseq,0.476448,-48.783510
587,structure_25.bpseq,0.408773,-41.250800
587,structure_3.bpseq,0.383601,-37.726600
587,structure_58.bpseq,0.382383,-36.417400
587,structure_6.bpseq,0.395752,-41.311800
587,structure_64.bpseq,0.402499,-39.524000
587,structure_67.bpseq,0.345897,-38.133300
587,structure_81.bpseq,0.383601,-40.925700
587,structure_84.bpseq,0.380571,-42.828900
587,structure_9.bpseq,0.398646,-35.981300
588,structure_11.bpseq,0.466159,-33.660400
588,structure_17.bpseq,0.407984,-37.863040
588,structure_19.bpseq,0.400763,-43.848020
588,structure_3.bpseq,0.473978,-41.546200
588,structure_45.bpseq,0.325655,-37.818110
588,structure_71.bpseq,0.562003,-34.375000
588,structure_77.bpseq,0.525646,-35.355400
588,structure_85.bpseq,0.569603,-38.495470
588,structure_87.bpseq,0.630393,-40.902290
588,structure_96.bpseq,0.441092,-40.522030
589,structure_18.bpseq,0.603351,-43.576700
589,structure_20.bpseq,0.651401,-41.210500
589,structure_30.bpseq,0.562455,-39.330400
589,structure_4.bpseq,0.562782,-32.304500
589,structure_40.bpseq,0.517699,-45.642900
589,structure_53.bpseq,0.602624,-55.069700
589,structure_57.bpseq,0.578553,-44.472200
589,structure_76.bpseq,0.543070,-45.815900
589,structure_85.bpseq,0.589865,-44.026500
589,structure_95.bpseq,0.663363,-42.880300
590,structure_20.bpseq,0.504817,-47.981800
590,structure_44.bpseq,0.468703,-42.495800
590,structure_54.bpseq,0.529252,-54.762660
590,structure_56.bpseq,0.526358,-54.053760
590,structure_63.bpseq,0.531621,-52.016200
590,structure_71.bpseq,0.539904,-59.727570
590,structure_74.bpseq,0.516619,-46.460900
590,structure_76.bpseq,0.597552,-49.726000
590,structure_79.bpseq,0.584194,-51.046500
590,structure_97.bpseq,0.504687,-49.625100
591,structure_1.bpseq,0.710816,-33.283376
591,structure_3.bpseq,0.674944,-32.178850
591,structure_37.bpseq,0.720925,-29.730770
591,structure_45.bpseq,0.639277,-38.180380
591,structure_57.bpseq,0.774972,-38.164830
591,structure_60.bpseq,0.588780,-38.246010
591,structure_64.bpseq,0.664678,-39.618540
591,structure_67.bpseq,0.593914,-44.451500
591,structure_84.bpseq,0.552605,-41.924270
591,structure_96.bpseq,0.638905,-34.261250
